4	  Class descriptor  : 'Lac9/a;'
1466	  Class descriptor  : 'Lad9/a;'
1497	  Class descriptor  : 'Lad9/b;'
1625	  Class descriptor  : 'Lad9/c;'
1686	  Class descriptor  : 'Lae9/a;'
3097	  Class descriptor  : 'Lae9/b$a;'
3244	  Class descriptor  : 'Lae9/b;'
3645	  Class descriptor  : 'Laf9/a;'
3889	  Class descriptor  : 'Laf9/b;'
4260	  Class descriptor  : 'Laf9/c;'
4385	  Class descriptor  : 'Laf9/d;'
4480	  Class descriptor  : 'Laf9/e;'
4575	  Class descriptor  : 'Laf9/f;'
4731	  Class descriptor  : 'Lag9/a;'
4963	  Class descriptor  : 'Lag9/b;'
5150	  Class descriptor  : 'Lag9/c;'
5363	  Class descriptor  : 'Lag9/d;'
5493	  Class descriptor  : 'Lag9/e;'
5682	  Class descriptor  : 'Lag9/f$a;'
5875	  Class descriptor  : 'Lag9/f$b;'
5886	  Class descriptor  : 'Lag9/f;'
6766	  Class descriptor  : 'Lag9/g;'
6849	  Class descriptor  : 'Lag9/h$a;'
6860	  Class descriptor  : 'Lag9/h;'
8984	  Class descriptor  : 'Lag9/i;'
9280	  Class descriptor  : 'Lag9/j;'
9393	  Class descriptor  : 'Lag9/k$a;'
9404	  Class descriptor  : 'Lag9/k;'
11810	  Class descriptor  : 'Lag9/l;'
12077	  Class descriptor  : 'Lag9/m;'
12235	  Class descriptor  : 'Lbc9/a;'
12266	  Class descriptor  : 'Lbd9/a$a;'
12399	  Class descriptor  : 'Lbd9/d;'
12438	  Class descriptor  : 'Lbd9/a;'
14049	  Class descriptor  : 'Lbd9/b;'
14081	  Class descriptor  : 'Lbd9/c$a;'
14137	  Class descriptor  : 'Lbd9/c$b;'
14169	  Class descriptor  : 'Lbd9/c;'
15570	  Class descriptor  : 'Lbd9/e;'
15787	  Class descriptor  : 'Lbd9/f$a;'
15798	  Class descriptor  : 'Lbd9/f;'
15904	  Class descriptor  : 'Lbd9/g;'
16016	  Class descriptor  : 'Lbd9/h;'
16138	  Class descriptor  : 'Lbd9/i;'
16914	  Class descriptor  : 'Lbe9/a;'
17235	  Class descriptor  : 'Lbe9/b;'
17654	  Class descriptor  : 'Lbf9/a;'
17742	  Class descriptor  : 'Lbf9/b;'
17773	  Class descriptor  : 'Lbf9/c;'
17804	  Class descriptor  : 'Lbf9/d;'
17835	  Class descriptor  : 'Lbg9/a;'
17906	  Class descriptor  : 'Lbg9/b;'
17987	  Class descriptor  : 'Lbg9/c;'
18081	  Class descriptor  : 'Lcc9/a;'
18496	  Class descriptor  : 'Lcd9/a;'
18540	  Class descriptor  : 'Lcd9/b;'
18583	  Class descriptor  : 'Lcd9/b$a;'
18767	  Class descriptor  : 'Lcd9/b$b;'
18885	  Class descriptor  : 'Lcd9/b$c;'
19077	  Class descriptor  : 'Lcd9/b$d;'
19131	  Class descriptor  : 'Lcd9/c;'
19240	  Class descriptor  : 'Lcd9/c$a;'
19300	  Class descriptor  : 'Lcd9/c$b;'
19360	  Class descriptor  : 'Lcd9/c$c;'
19420	  Class descriptor  : 'Lcd9/c$d;'
19480	  Class descriptor  : 'Lcd9/c$e;'
19540	  Class descriptor  : 'Lcd9/c$f;'
19600	  Class descriptor  : 'Lcd9/c$g;'
19660	  Class descriptor  : 'Lcd9/c$h;'
19720	  Class descriptor  : 'Lcd9/c$i;'
19780	  Class descriptor  : 'Lcd9/c$j;'
19840	  Class descriptor  : 'Lcd9/c$k;'
19900	  Class descriptor  : 'Lcd9/c$l;'
19960	  Class descriptor  : 'Lcd9/c$m;'
20020	  Class descriptor  : 'Lcd9/c$n;'
20080	  Class descriptor  : 'Lcd9/c$o;'
20140	  Class descriptor  : 'Lcd9/c$p;'
20176	  Class descriptor  : 'Lcd9/c$q;'
20236	  Class descriptor  : 'Lcd9/c$r;'
20296	  Class descriptor  : 'Lcd9/c$s;'
20356	  Class descriptor  : 'Lcd9/c$t;'
20416	  Class descriptor  : 'Lcd9/c$u;'
20476	  Class descriptor  : 'Lcd9/c$v;'
20536	  Class descriptor  : 'Lcd9/c$w;'
20596	  Class descriptor  : 'Lcd9/d;'
20674	  Class descriptor  : 'Lcd9/e$a;'
20685	  Class descriptor  : 'Lcd9/e;'
20750	  Class descriptor  : 'Lcd9/f;'
21189	  Class descriptor  : 'Lcd9/g$a$a;'
21200	  Class descriptor  : 'Lcd9/g;'
21232	  Class descriptor  : 'Lcd9/g$a;'
21375	  Class descriptor  : 'Lcd9/g$b;'
21465	  Class descriptor  : 'Lcd9/g$c$a;'
21476	  Class descriptor  : 'Lcd9/g$c;'
21644	  Class descriptor  : 'Lcd9/g$d;'
21694	  Class descriptor  : 'Lcd9/h;'
21711	  Class descriptor  : 'Lcd9/j;'
21728	  Class descriptor  : 'Lcd9/i;'
21806	  Class descriptor  : 'Lce9/a;'
21838	  Class descriptor  : 'Lce9/a$a;'
21975	  Class descriptor  : 'Lce9/a$b;'
22136	  Class descriptor  : 'Lcf9/a;'
22153	  Class descriptor  : 'Lcf9/b;'
22176	  Class descriptor  : 'Lcg9/a;'
22392	  Class descriptor  : 'Lcg9/b$a;'
22574	  Class descriptor  : 'Lcg9/b;'
22652	  Class descriptor  : 'Lcg9/c;'
22714	  Class descriptor  : 'Lcg9/d;'
22843	  Class descriptor  : 'Lcom/larus/im/internal/AbsProcessor$onFailure$1;'
23008	  Class descriptor  : 'Lcom/larus/im/internal/AbsProcessor$onSuccess$1;'
23173	  Class descriptor  : 'Lcom/larus/im/internal/AbsProcessor;'
23282	  Class descriptor  : 'Lcom/larus/im/internal/CmdReceiver$emitCmd$1;'
23467	  Class descriptor  : 'Lcom/larus/im/internal/CmdReceiver$registerReceiver$1$1;'
23694	  Class descriptor  : 'Lcom/larus/im/internal/CoroutineTimer$scheduleTask$1$1$1;'
23882	  Class descriptor  : 'Lcom/larus/im/internal/CoroutineTimer$scheduleTask$1;'
24182	  Class descriptor  : 'Lcom/larus/im/internal/FlowIMSdkImpl$a;'
24214	  Class descriptor  : 'Lcom/larus/im/internal/FlowIMSdkImpl$b;'
24347	  Class descriptor  : 'Lcom/larus/im/internal/FlowIMSdkImpl$c;'
24634	  Class descriptor  : 'Lcom/larus/im/internal/FlowIMSdkImpl$d;'
24753	  Class descriptor  : 'Lcom/larus/im/internal/FlowIMSdkImpl$e;'
25110	  Class descriptor  : 'Lcom/larus/im/internal/FlowIMSdkImpl$initFetchRecentConv$1$1;'
25323	  Class descriptor  : 'Lcom/larus/im/internal/FlowIMSdkImpl$initFetchRecentConv$1;'
25548	  Class descriptor  : 'Lcom/larus/im/internal/FlowIMSdkImpl$tryGetMainCovMsgFirst$1$1$a;'
25648	  Class descriptor  : 'Lcom/larus/im/internal/FlowIMSdkImpl$tryGetMainCovMsgFirst$1$1$b;'
25748	  Class descriptor  : 'Lcom/larus/im/internal/FlowIMSdkImpl$tryGetMainCovMsgFirst$1$1;'
26157	  Class descriptor  : 'Lcom/larus/im/internal/FlowIMSdkImpl$tryGetMainCovMsgFirst$1;'
26432	  Class descriptor  : 'Lcom/larus/im/internal/FlowIMSdkImpl$wsChangedListener$1$1;'
26804	  Class descriptor  : 'Lcom/larus/im/service/s;'
26836	  Class descriptor  : 'Lcom/larus/im/internal/FlowIMSdkImpl;'
29830	  Class descriptor  : 'Lcom/larus/im/internal/IMCoreMechanismKt$DEFAULT_MECHANISM$1;'
30742	  Class descriptor  : 'Lcom/larus/im/internal/IMCoreMechanismKt$DEFAULT_MECHANISM$3$1;'
30935	  Class descriptor  : 'Lcom/larus/im/internal/IMCoreMechanismKt$DEFAULT_MECHANISM$3;'
31208	  Class descriptor  : 'Lcom/larus/im/internal/IMCoreMechanismKt;'
31272	  Class descriptor  : 'Lcom/larus/im/internal/IMDispatcher$a;'
31283	  Class descriptor  : 'Lcom/larus/im/internal/IMDispatcher$readyToConnect$1$3$1;'
31429	  Class descriptor  : 'Lcom/larus/im/internal/IMDispatcher$readyToConnect$1$3$2;'
31779	  Class descriptor  : 'Lcom/larus/im/internal/IMDispatcher$readyToConnect$1$3;'
32017	  Class descriptor  : 'Lcom/larus/im/internal/IMDispatcher$readyToConnect$1$4$1;'
32163	  Class descriptor  : 'Lcom/larus/im/internal/IMDispatcher$readyToConnect$1$4$2;'
32490	  Class descriptor  : 'Lcom/larus/im/internal/IMDispatcher$readyToConnect$1$4;'
32739	  Class descriptor  : 'Lcom/larus/im/internal/IMDispatcher$readyToConnect$1$a;'
32844	  Class descriptor  : 'Lcom/larus/im/internal/IMDispatcher$readyToConnect$1$configLive$1;'
33006	  Class descriptor  : 'Lcom/larus/im/internal/IMDispatcher$readyToConnect$1;'
33353	  Class descriptor  : 'Lcom/larus/im/internal/IMDispatcher$stateListener$1$1;'
33560	  Class descriptor  : 'Lcom/larus/im/internal/IMDispatcher;'
34329	  Class descriptor  : 'Lcom/larus/im/internal/OmniNativeHandlerBridgeProvider$a;'
34340	  Class descriptor  : 'Lcom/larus/im/internal/OmniNativeHandlerBridgeProvider$b;'
34368	  Class descriptor  : 'Lcom/larus/im/internal/OmniNativeHandlerBridgeProvider$conversationHandlerBridge$1$updateConversationLastMessage$1;'
34553	  Class descriptor  : 'Lcom/larus/im/internal/OmniNativeHandlerBridgeProvider$conversationHandlerBridge$1;'
34677	  Class descriptor  : 'Lcom/larus/im/internal/OmniNativeHandlerBridgeProvider$messageHandlerBridge$1$concatChunk$1;'
34901	  Class descriptor  : 'Lcom/larus/im/internal/OmniNativeHandlerBridgeProvider$messageHandlerBridge$1$handleDeprecatedCmd$1;'
35077	  Class descriptor  : 'Lcom/larus/im/internal/OmniNativeHandlerBridgeProvider$messageHandlerBridge$1$handleSSECmd$1;'
35253	  Class descriptor  : 'Lcom/larus/im/internal/OmniNativeHandlerBridgeProvider$messageHandlerBridge$1$interruptOldSSE$1;'
35510	  Class descriptor  : 'Lcom/larus/im/internal/OmniNativeHandlerBridgeProvider$messageHandlerBridge$1$interruptTypewriter$1;'
35705	  Class descriptor  : 'Lcom/larus/im/internal/OmniNativeHandlerBridgeProvider$messageHandlerBridge$1$launchChunk$1;'
35896	  Class descriptor  : 'Lcom/larus/im/internal/OmniNativeHandlerBridgeProvider$messageHandlerBridge$1;'
36794	  Class descriptor  : 'Lcom/larus/im/internal/OmniNativeHandlerBridgeProvider;'
36923	  Class descriptor  : 'Lcom/larus/im/internal/TokenHolder$a;'
37322	  Class descriptor  : 'Lcom/larus/im/internal/TokenHolder$b;'
37369	  Class descriptor  : 'Lcom/larus/im/internal/TokenHolder;'
37907	  Class descriptor  : 'Lcom/larus/im/internal/a;'
38170	  Class descriptor  : 'Lcom/larus/im/internal/audio/FlowAvInternalApi;'
38182	  Class descriptor  : 'Lcom/larus/im/internal/audio/MediaService$traceSessionAbnormal$1;'
38338	  Class descriptor  : 'Lyd9/d;'
38373	  Class descriptor  : 'Lcom/larus/im/internal/audio/a;'
39479	  Class descriptor  : 'Lcom/larus/im/internal/audio/ability/DoraCustomSignalType$a;'
39634	  Class descriptor  : 'Lcom/larus/im/internal/audio/ability/DoraCustomSignalType;'
40059	  Class descriptor  : 'Lcom/larus/im/internal/audio/ability/DoraPlayerStatus$a;'
40108	  Class descriptor  : 'Lcom/larus/im/internal/audio/ability/DoraPlayerStatus;'
40172	  Class descriptor  : 'Lcom/larus/im/internal/audio/ability/SessionReleaseReason;'
40448	  Class descriptor  : 'Lcom/larus/im/internal/audio/b;'
40586	  Class descriptor  : 'Lyd9/f;'
40603	  Class descriptor  : 'Lyd9/h;'
40615	  Class descriptor  : 'Lcom/larus/im/internal/audio/c;'
40675	  Class descriptor  : 'Lyd9/i;'
40687	  Class descriptor  : 'Lcom/larus/im/internal/audio/d;'
40747	  Class descriptor  : 'Lcom/larus/im/internal/audio/e;'
40826	  Class descriptor  : 'Lcom/larus/im/service/audio/t;'
40849	  Class descriptor  : 'Lcom/larus/im/internal/audio/r;'
40867	  Class descriptor  : 'Lcom/larus/im/internal/audio/f;'
41164	  Class descriptor  : 'Lcom/larus/im/service/audio/v;'
41193	  Class descriptor  : 'Lcom/larus/im/internal/audio/g;'
41556	  Class descriptor  : 'Lcom/larus/im/internal/audio/h;'
41635	  Class descriptor  : 'Lcom/larus/im/internal/audio/i;'
41706	  Class descriptor  : 'Lcom/larus/im/internal/audio/j;'
41769	  Class descriptor  : 'Lcom/larus/im/internal/audio/k;'
41840	  Class descriptor  : 'Lcom/larus/im/internal/audio/l;'
41919	  Class descriptor  : 'Lcom/larus/im/service/audio/x0;'
42018	  Class descriptor  : 'Lcom/larus/im/service/audio/y0;'
42067	  Class descriptor  : 'Lcom/larus/im/internal/audio/m;'
42619	  Class descriptor  : 'Lcom/larus/im/internal/audio/n;'
42775	  Class descriptor  : 'Lcom/larus/im/internal/audio/o;'
43151	  Class descriptor  : 'Lcom/larus/im/internal/audio/p;'
43401	  Class descriptor  : 'Lcom/larus/im/internal/audio/proto/BatchGetRTCTokenRequest;'
43638	  Class descriptor  : 'Lcom/larus/im/internal/audio/proto/BatchGetRTCTokenResponse;'
44029	  Class descriptor  : 'Lcom/larus/im/internal/audio/proto/GetRTCTokenRequest;'
44420	  Class descriptor  : 'Lcom/larus/im/internal/audio/proto/GetRTCTokenResponse;'
44811	  Class descriptor  : 'Lcom/larus/im/internal/audio/proto/RTCToken;'
45577	  Class descriptor  : 'Lcom/larus/im/internal/audio/q$a;'
45588	  Class descriptor  : 'Lcom/larus/im/internal/audio/q$b;'
45651	  Class descriptor  : 'Lcom/larus/im/internal/audio/q;'
47313	  Class descriptor  : 'Lcom/larus/im/internal/audio/s;'
47374	  Class descriptor  : 'Lcom/larus/im/internal/audio/session/omni/AndroidOmniAudioEngine$a;'
47385	  Class descriptor  : 'Lcom/larus/im/internal/audio/session/omni/AndroidOmniAudioEngine$audioPeriodicStatsMonitor$1;'
47531	  Class descriptor  : 'Lcom/larus/im/internal/audio/session/omni/AndroidOmniAudioEngine$b;'
47661	  Class descriptor  : 'Lcom/larus/im/internal/audio/session/omni/AndroidOmniAudioEngine$c;'
47737	  Class descriptor  : 'Lcom/larus/im/internal/audio/session/omni/AndroidOmniAudioEngine$d;'
47935	  Class descriptor  : 'Lcom/larus/im/internal/audio/session/omni/AndroidOmniAudioEngine$e;'
48198	  Class descriptor  : 'Lcom/larus/im/internal/audio/session/omni/AndroidOmniAudioEngine$f;'
48461	  Class descriptor  : 'Lcom/larus/im/internal/audio/session/omni/AndroidOmniAudioEngine$g;'
48734	  Class descriptor  : 'Lcom/larus/im/internal/audio/session/omni/AndroidOmniAudioEngine$h;'
48808	  Class descriptor  : 'Lcom/larus/im/internal/audio/session/omni/AndroidOmniAudioEngine$i;'
49091	  Class descriptor  : 'Lcom/larus/im/internal/audio/session/omni/AndroidOmniAudioEngine$j;'
49389	  Class descriptor  : 'Lcom/larus/im/internal/audio/session/omni/AndroidOmniAudioEngine$k;'
49606	  Class descriptor  : 'Lcom/larus/im/internal/audio/session/omni/AndroidOmniAudioEngine$resolveRouteDeviceChangedCallback$1;'
49732	  Class descriptor  : 'Lcom/larus/im/internal/jni/media/OmniAudioPlayerProtocol;'
49809	  Class descriptor  : 'Lcom/larus/im/internal/jni/media/OmniAudioRecorderProtocol;'
49856	  Class descriptor  : 'Lcom/larus/im/internal/jni/media/OmniAudioEngineProtocol;'
49887	  Class descriptor  : 'Lcom/larus/im/internal/audio/session/omni/AndroidOmniAudioEngine;'
55604	  Class descriptor  : 'Lcom/larus/im/internal/audio/session/omni/OmniMediaSession$a$a;'
55653	  Class descriptor  : 'Lcom/larus/im/internal/jni/session/OmniMediaSessionObserver;'
55730	  Class descriptor  : 'Lcom/larus/im/internal/audio/session/omni/OmniMediaSession$a;'
60570	  Class descriptor  : 'Lcom/larus/im/internal/audio/session/omni/OmniMediaSession$ensureNativeSession$2;'
60873	  Class descriptor  : 'Lcom/larus/im/internal/audio/session/omni/OmniMediaSession$screenShareDelegate$1;'
60970	  Class descriptor  : 'Lqb9/e;'
61041	  Class descriptor  : 'Lqb9/d;'
61155	  Class descriptor  : 'Lyd9/c;'
61172	  Class descriptor  : 'Lyd9/j;'
61189	  Class descriptor  : 'Lcom/larus/im/internal/audio/session/omni/OmniMediaSession;'
69720	  Class descriptor  : 'Lcom/larus/im/internal/audio/session/omni/OmniRtcEngineBridgeInitTask$a;'
69786	  Class descriptor  : 'Lcom/larus/im/internal/audio/session/omni/OmniRtcEngineBridgeInitTask$ensureInitDeferred$1$1;'
70194	  Class descriptor  : 'Lcom/larus/im/internal/audio/session/omni/OmniRtcEngineBridgeInitTask;'
70375	  Class descriptor  : 'Lcom/larus/im/internal/audio/session/omni/OmniScreenShareService$launchNativeCall$1;'
70560	  Class descriptor  : 'Lcom/larus/im/internal/audio/session/omni/OmniVideoService$a;'
70571	  Class descriptor  : 'Lcom/larus/im/internal/audio/session/omni/OmniVideoService$b;'
70660	  Class descriptor  : 'Lcom/larus/im/internal/audio/session/omni/OmniVideoService$launchNativeCall$1;'
70866	  Class descriptor  : 'Lcom/larus/im/internal/audio/session/omni/OmniVideoService$sessionOrNull$1;'
70934	  Class descriptor  : 'Lcom/larus/im/service/audio/x;'
71047	  Class descriptor  : 'Lcom/larus/im/internal/audio/session/omni/OmniVideoService;'
72805	  Class descriptor  : 'Lcom/larus/im/internal/audio/session/omni/a0;'
72876	  Class descriptor  : 'Lcom/larus/im/internal/audio/session/omni/a1;'
72976	  Class descriptor  : 'Lcom/larus/im/internal/audio/session/omni/a;'
74317	  Class descriptor  : 'Lcom/larus/im/internal/audio/session/omni/b0;'
74396	  Class descriptor  : 'Lcom/larus/im/internal/audio/session/omni/b1;'
74459	  Class descriptor  : 'Lcom/larus/im/internal/audio/session/omni/b;'
74520	  Class descriptor  : 'Lcom/larus/im/internal/audio/session/omni/c0;'
74599	  Class descriptor  : 'Lcom/larus/im/internal/audio/session/omni/c1;'
74662	  Class descriptor  : 'Lcom/larus/im/internal/audio/session/omni/c;'
74714	  Class descriptor  : 'Lcom/larus/im/internal/audio/session/omni/d0;'
74780	  Class descriptor  : 'Lcom/larus/im/internal/audio/session/omni/d1;'
74872	  Class descriptor  : 'Lcom/larus/im/internal/audio/session/omni/d;'
74928	  Class descriptor  : 'Lyd9/g;'
74946	  Class descriptor  : 'Lcom/larus/im/internal/audio/session/omni/e0;'
75042	  Class descriptor  : 'Lcom/larus/im/internal/audio/session/omni/e1;'
75121	  Class descriptor  : 'Lcom/larus/im/internal/audio/session/omni/e;'
75638	  Class descriptor  : 'Lcom/larus/im/internal/audio/session/omni/f0;'
75756	  Class descriptor  : 'Lcom/larus/im/internal/audio/session/omni/f1;'
75819	  Class descriptor  : 'Lcom/larus/im/internal/audio/session/omni/f;'
76507	  Class descriptor  : 'Lcom/larus/im/internal/audio/session/omni/g0;'
76578	  Class descriptor  : 'Lcom/larus/im/internal/audio/session/omni/g1;'
76641	  Class descriptor  : 'Lcom/larus/im/internal/audio/session/omni/g;'
76765	  Class descriptor  : 'Lcom/larus/im/internal/audio/session/omni/h0;'
76828	  Class descriptor  : 'Lcom/larus/im/internal/jni/media/OmniAudioPlayerDelegate;'
76863	  Class descriptor  : 'Lcom/larus/im/internal/jni/media/OmniAudioRecorderDelegate;'
76880	  Class descriptor  : 'Lcom/larus/im/internal/jni/media/OmniAudioEngineDelegate;'
76899	  Class descriptor  : 'Lcom/larus/im/internal/audio/session/omni/h1;'
77364	  Class descriptor  : 'Lcom/larus/im/internal/audio/session/omni/h;'
77487	  Class descriptor  : 'Lcom/larus/im/internal/audio/session/omni/i0;'
77677	  Class descriptor  : 'Lcom/larus/im/internal/audio/session/omni/i;'
77868	  Class descriptor  : 'Lcom/larus/im/internal/audio/session/omni/j0$a;'
77879	  Class descriptor  : 'Lcom/larus/im/internal/audio/session/omni/j0;'
79453	  Class descriptor  : 'Lcom/larus/im/internal/audio/session/omni/j;'
79653	  Class descriptor  : 'Lcom/larus/im/internal/audio/session/omni/k0;'
79891	  Class descriptor  : 'Lcom/larus/im/internal/audio/session/omni/k;'
79968	  Class descriptor  : 'Lcom/larus/im/internal/audio/session/omni/l0;'
80052	  Class descriptor  : 'Lcom/larus/im/internal/audio/session/omni/l;'
80164	  Class descriptor  : 'Lcom/larus/im/internal/audio/session/omni/m0$a;'
80175	  Class descriptor  : 'Lcom/larus/im/internal/audio/session/omni/m0$b;'
80264	  Class descriptor  : 'Lcom/larus/im/service/audio/w;'
80311	  Class descriptor  : 'Lcom/larus/im/internal/audio/session/omni/m0;'
81948	  Class descriptor  : 'Lcom/larus/im/internal/audio/session/omni/m;'
82489	  Class descriptor  : 'Lcom/larus/im/internal/audio/session/omni/n0$a;'
82500	  Class descriptor  : 'Lcom/larus/im/internal/audio/session/omni/n0;'
83177	  Class descriptor  : 'Lcom/larus/im/internal/audio/session/omni/n;'
83304	  Class descriptor  : 'Lcom/larus/im/internal/audio/session/omni/o0;'
83853	  Class descriptor  : 'Lcom/larus/im/internal/delegate/e1;'
83876	  Class descriptor  : 'Lcom/larus/im/internal/audio/session/omni/o;'
83998	  Class descriptor  : 'Lcom/larus/im/internal/audio/session/omni/p$a;'
84009	  Class descriptor  : 'Lcom/larus/im/internal/audio/session/omni/p$b;'
84156	  Class descriptor  : 'Lcom/larus/im/internal/audio/session/omni/p0;'
85212	  Class descriptor  : 'Lcom/larus/im/internal/audio/session/omni/p;'
85255	  Class descriptor  : 'Lcom/larus/im/internal/audio/session/omni/q0;'
85292	  Class descriptor  : 'Lcom/larus/im/internal/audio/session/omni/q;'
85716	  Class descriptor  : 'Lcom/larus/im/internal/audio/session/omni/r0;'
85765	  Class descriptor  : 'Lcom/larus/im/internal/audio/session/omni/r;'
86074	  Class descriptor  : 'Lcom/larus/im/internal/audio/session/omni/s0$a;'
86123	  Class descriptor  : 'Lcom/larus/im/internal/audio/session/omni/s0;'
86643	  Class descriptor  : 'Lcom/larus/im/internal/audio/session/omni/s;'
86731	  Class descriptor  : 'Lcom/larus/im/service/audio/s;'
86742	  Class descriptor  : 'Lcom/larus/im/internal/audio/session/omni/t0$a;'
86783	  Class descriptor  : 'Lcom/larus/im/internal/audio/session/omni/t0$b;'
86839	  Class descriptor  : 'Lcom/larus/im/internal/jni/session/observer/OmniAVVideoFrameProcessorDelegate;'
86856	  Class descriptor  : 'Lcom/larus/im/internal/audio/session/omni/t0;'
87086	  Class descriptor  : 'Lcom/larus/im/internal/audio/session/omni/t;'
87157	  Class descriptor  : 'Lcom/larus/im/internal/audio/session/omni/u0;'
87231	  Class descriptor  : 'Lcom/larus/im/internal/audio/session/omni/u;'
87315	  Class descriptor  : 'Lcom/larus/im/internal/audio/session/omni/v0;'
87378	  Class descriptor  : 'Lcom/larus/im/internal/audio/session/omni/v;'
87449	  Class descriptor  : 'Lcom/larus/im/internal/audio/session/omni/w0;'
87541	  Class descriptor  : 'Lcom/larus/im/internal/audio/session/omni/w;'
87604	  Class descriptor  : 'Lcom/larus/im/internal/audio/session/omni/x0;'
87667	  Class descriptor  : 'Lcom/larus/im/internal/audio/session/omni/x;'
87730	  Class descriptor  : 'Lcom/larus/im/internal/audio/session/omni/y0;'
87846	  Class descriptor  : 'Lcom/larus/im/internal/audio/session/omni/y;'
87928	  Class descriptor  : 'Lcom/larus/im/internal/audio/session/omni/z0;'
88044	  Class descriptor  : 'Lcom/larus/im/internal/audio/session/omni/z;'
88107	  Class descriptor  : 'Lcom/larus/im/internal/audio/session/v1/sami/SAMIMediaSession$a;'
88118	  Class descriptor  : 'Lcom/larus/im/internal/audio/session/v1/sami/SAMIMediaSession$b;'
88244	  Class descriptor  : 'Lcom/larus/im/internal/audio/session/v1/sami/SAMIMediaSession$c;'
88390	  Class descriptor  : 'Lcom/larus/im/internal/audio/session/v1/sami/SAMIMediaSession$launchPushStreamTask$1;'
88453	  Class descriptor  : 'Lcom/larus/im/internal/audio/session/v1/sami/SAMIMediaSession$launchStreamTask$1;'
88630	  Class descriptor  : 'Lcom/larus/im/internal/audio/session/v1/sami/SAMIMediaSession$requestCallEnd$1;'
88878	  Class descriptor  : 'Lcom/larus/im/internal/audio/session/v1/sami/SAMIMediaSession$requestCallStart$1;'
89227	  Class descriptor  : 'Lcom/larus/im/service/audio/MediaSession;'
92736	  Class descriptor  : 'Lxb9/e;'
93154	  Class descriptor  : 'Lcom/larus/im/internal/audio/session/v1/sami/SAMIMediaSession;'
93817	  Class descriptor  : 'Lcom/larus/im/internal/audio/session/v1/sami/a;'
93907	  Class descriptor  : 'Lcom/larus/im/internal/audio/session/v1/sami/b;'
93959	  Class descriptor  : 'Lcom/larus/im/service/audio/k;'
93976	  Class descriptor  : 'Lcom/larus/im/internal/audio/session/v2/CommonV2MediaSession$a;'
94358	  Class descriptor  : 'Lcom/larus/im/internal/audio/session/v2/m0;'
94381	  Class descriptor  : 'Lcom/larus/im/internal/audio/session/v2/CommonV2MediaSession$b;'
94574	  Class descriptor  : 'Lcom/larus/im/internal/audio/session/v2/CommonV2MediaSession$c;'
94775	  Class descriptor  : 'Lcom/larus/im/internal/audio/session/v2/CommonV2MediaSession$d;'
95243	  Class descriptor  : 'Lsb9/s;'
95296	  Class descriptor  : 'Lcom/larus/im/internal/audio/session/v2/CommonV2MediaSession$e;'
95596	  Class descriptor  : 'Lcom/larus/im/internal/audio/session/v2/CommonV2MediaSession$releaseInternal$1;'
95798	  Class descriptor  : 'Lyd9/e;'
95833	  Class descriptor  : 'Lcom/larus/im/internal/audio/session/v2/CommonV2MediaSession;'
100934	  Class descriptor  : 'Lcom/larus/im/internal/audio/session/v2/FlowAVMessageReplayEnqueueType;'
101170	  Class descriptor  : 'Lcom/larus/im/internal/audio/session/v2/SAMICoreInterceptorProvider$initialize$succeed$1$1;'
101413	  Class descriptor  : 'Lcom/larus/im/internal/audio/session/v2/SAMICoreInterceptorProvider$initialize$succeed$1$2;'
101594	  Class descriptor  : 'Lcom/larus/im/internal/audio/session/v2/SAMICoreInterceptorProvider$initialize$succeed$1$3;'
101764	  Class descriptor  : 'Lcom/larus/im/internal/audio/session/v2/SAMICoreInterceptorProvider$initialize$succeed$1$4;'
101940	  Class descriptor  : 'Lcom/larus/im/internal/audio/session/v2/SAMICoreInterceptorProvider$initialize$succeed$1$5;'
102168	  Class descriptor  : 'Lcom/larus/im/internal/audio/session/v2/a0;'
102256	  Class descriptor  : 'Lcom/larus/im/internal/audio/session/v2/a;'
102273	  Class descriptor  : 'Lcom/larus/im/internal/audio/session/v2/b0;'
102361	  Class descriptor  : 'Lcom/larus/im/internal/audio/session/v2/b;'
102423	  Class descriptor  : 'Lcom/larus/im/internal/audio/session/v2/c0;'
102520	  Class descriptor  : 'Lcom/larus/im/internal/audio/session/v2/c;'
102660	  Class descriptor  : 'Lcom/larus/im/internal/audio/session/v2/d0;'
102709	  Class descriptor  : 'Lcom/larus/im/internal/audio/session/v2/d;'
102761	  Class descriptor  : 'Lcom/larus/im/service/audio/r;'
102784	  Class descriptor  : 'Lcom/larus/im/internal/audio/session/v2/e0;'
102939	  Class descriptor  : 'Lcom/larus/im/internal/audio/session/v2/e;'
103098	  Class descriptor  : 'Lcom/larus/im/internal/rtcsdk/impl/u1;'
103115	  Class descriptor  : 'Lcom/larus/im/internal/audio/session/v2/f0;'
103370	  Class descriptor  : 'Lcom/larus/im/internal/audio/session/v2/f;'
103476	  Class descriptor  : 'Lnd9/z;'
103505	  Class descriptor  : 'Lcom/larus/im/internal/audio/session/v2/g0;'
103624	  Class descriptor  : 'Lcom/larus/im/internal/audio/session/v2/g;'
103695	  Class descriptor  : 'Lcom/larus/im/internal/audio/session/v2/h0;'
103757	  Class descriptor  : 'Lcom/larus/im/internal/audio/session/v2/h;'
103828	  Class descriptor  : 'Lcom/larus/im/internal/audio/session/v2/i0;'
103901	  Class descriptor  : 'Lcom/larus/im/internal/audio/session/v2/i;'
103950	  Class descriptor  : 'Lcom/larus/im/internal/audio/session/v2/j0;'
104021	  Class descriptor  : 'Lcom/larus/im/internal/audio/session/v2/j;'
104083	  Class descriptor  : 'Lcom/larus/im/internal/audio/session/v2/k0$a;'
104094	  Class descriptor  : 'Lcom/larus/im/internal/audio/session/v2/k0;'
104640	  Class descriptor  : 'Lcom/larus/im/internal/audio/session/v2/k;'
104713	  Class descriptor  : 'Lcom/larus/im/internal/audio/session/v2/l0;'
104742	  Class descriptor  : 'Lcom/larus/im/internal/audio/session/v2/l;'
104860	  Class descriptor  : 'Lcom/larus/im/internal/audio/session/v2/m;'
104933	  Class descriptor  : 'Lcom/larus/im/internal/audio/session/v2/n0$a;'
104944	  Class descriptor  : 'Lvb9/b;'
104967	  Class descriptor  : 'Lcom/larus/im/internal/audio/session/v2/n0$b;'
105307	  Class descriptor  : 'Lcom/larus/im/internal/audio/session/v2/n0$c;'
105366	  Class descriptor  : 'Lcom/larus/im/internal/audio/session/v2/n0$d;'
105683	  Class descriptor  : 'Lcom/larus/im/internal/audio/session/v2/n0$e;'
106109	  Class descriptor  : 'Lcom/larus/im/internal/audio/session/v2/n0$f;'
106341	  Class descriptor  : 'Lvb9/c;'
106370	  Class descriptor  : 'Lcom/larus/im/internal/audio/session/v2/n0;'
106965	  Class descriptor  : 'Lcom/larus/im/internal/audio/session/v2/n;'
107014	  Class descriptor  : 'Lcom/larus/im/internal/audio/session/v2/o0;'
107076	  Class descriptor  : 'Lcom/larus/im/internal/audio/session/v2/o;'
107198	  Class descriptor  : 'Lcom/larus/im/internal/audio/session/v2/p0;'
107271	  Class descriptor  : 'Lcom/larus/im/internal/audio/session/v2/p;'
107348	  Class descriptor  : 'Lcom/larus/im/internal/audio/session/v2/q0;'
107419	  Class descriptor  : 'Lcom/larus/im/internal/audio/session/v2/q;'
107505	  Class descriptor  : 'Lcom/larus/im/internal/audio/session/v2/r0$a;'
107516	  Class descriptor  : 'Lcom/larus/im/internal/audio/session/v2/r0$b;'
107664	  Class descriptor  : 'Lcom/larus/im/internal/audio/session/v2/r0;'
108700	  Class descriptor  : 'Lcom/larus/im/internal/audio/session/v2/r;'
108803	  Class descriptor  : 'Lcom/larus/im/internal/audio/session/v2/s0;'
108889	  Class descriptor  : 'Lcom/larus/im/internal/audio/session/v2/s;'
108938	  Class descriptor  : 'Lcom/larus/im/internal/audio/session/v2/t0;'
109013	  Class descriptor  : 'Lcom/larus/im/internal/audio/session/v2/t;'
109062	  Class descriptor  : 'Lcom/larus/im/internal/audio/session/v2/u0$a;'
109073	  Class descriptor  : 'Lcom/larus/im/internal/audio/session/v2/u0$b;'
109238	  Class descriptor  : 'Lcom/larus/im/internal/audio/session/v2/u0;'
109300	  Class descriptor  : 'Lcom/larus/im/internal/audio/session/v2/u;'
109362	  Class descriptor  : 'Lcom/larus/im/internal/audio/session/v2/v0$a;'
109373	  Class descriptor  : 'Lcom/larus/im/internal/audio/session/v2/v0;'
109526	  Class descriptor  : 'Lcom/larus/im/internal/audio/session/v2/v;'
109599	  Class descriptor  : 'Lcom/larus/im/internal/audio/session/v2/w;'
109676	  Class descriptor  : 'Lcom/larus/im/internal/audio/session/v2/x;'
109779	  Class descriptor  : 'Lcom/larus/im/internal/audio/session/v2/y;'
109856	  Class descriptor  : 'Lcom/larus/im/internal/audio/session/v2/z;'
109942	  Class descriptor  : 'Lcom/larus/im/internal/audio/t;'
109973	  Class descriptor  : 'Lcom/larus/im/internal/audio/trace/smartnetwork/MultipathCause;'
110327	  Class descriptor  : 'Lcom/larus/im/internal/audio/video/fps/VideoFpsDowngradeLevel;'
110541	  Class descriptor  : 'Lcom/larus/im/internal/b$a;'
110552	  Class descriptor  : 'Lcom/larus/im/internal/b;'
110671	  Class descriptor  : 'Lcom/larus/im/internal/c;'
110732	  Class descriptor  : 'Lcom/larus/im/internal/core/AbsFtsSearchActionProcessor$execute$1;'
110811	  Class descriptor  : 'Lcom/larus/im/internal/core/AbsFtsSearchActionProcessor$execute$searchList$1;'
110981	  Class descriptor  : 'Lcom/larus/im/internal/core/AbsFtsSearchActionProcessor$process$1;'
111154	  Class descriptor  : 'Lcom/larus/im/internal/core/AbsFtsSearchActionProcessor$process$2;'
111327	  Class descriptor  : 'Lcom/larus/im/internal/core/IMActionProcessor;'
112382	  Class descriptor  : 'Lcom/larus/im/internal/core/AbsFtsSearchActionProcessor;'
113515	  Class descriptor  : 'Lcom/larus/im/internal/core/IMActionProcessor$a;'
113666	  Class descriptor  : 'Lcom/larus/im/internal/core/IMActionProcessor$requestServer$1;'
113734	  Class descriptor  : 'Lcom/larus/im/internal/core/IMActionProcessor$run$1;'
113909	  Class descriptor  : 'Lcom/larus/im/internal/core/IMActionProcessor$runInMainThread$1;'
114059	  Class descriptor  : 'Lcom/larus/im/internal/core/IMHandler$LocalMessageHandleStrategy;'
114251	  Class descriptor  : 'Lcom/larus/im/internal/core/IMHandler$deleteConversation$2;'
114488	  Class descriptor  : 'Lcom/larus/im/internal/core/IMHandler$deleteConversationByBotId$2;'
114946	  Class descriptor  : 'Lcom/larus/im/internal/core/IMHandler$handleRemoteMessageList$1;'
115026	  Class descriptor  : 'Lcom/larus/im/internal/core/IMHandler$replaceOrCreateConversation$2$a;'
115075	  Class descriptor  : 'Lcom/larus/im/internal/core/IMHandler$replaceOrCreateConversation$2;'
116253	  Class descriptor  : 'Lcom/larus/im/internal/core/IMHandler$softDeleteConversation$2;'
116456	  Class descriptor  : 'Lcom/larus/im/internal/core/IMHandler;'
117034	  Class descriptor  : 'Lcom/larus/im/internal/core/a;'
117091	  Class descriptor  : 'Lcom/larus/im/internal/core/b;'
117148	  Class descriptor  : 'Lcom/larus/im/internal/core/c;'
117205	  Class descriptor  : 'Lcom/larus/im/internal/core/cmd/internal/CmdProcessorCenter$From;'
117375	  Class descriptor  : 'Lcom/larus/im/internal/core/cmd/internal/CmdProcessorCenter$consumeCmd$1;'
117469	  Class descriptor  : 'Lcom/larus/im/internal/core/cmd/internal/CmdProcessorCenter;'
118377	  Class descriptor  : 'Lcom/larus/im/internal/core/cmd/processor/ServerLoadingCmdProcessor$a$a$a;'
118953	  Class descriptor  : 'Lcom/larus/im/internal/core/cmd/processor/ServerLoadingCmdProcessor$a$a$b;'
119000	  Class descriptor  : 'Lcom/larus/im/internal/core/cmd/processor/ServerLoadingCmdProcessor$a$a;'
119309	  Class descriptor  : 'Lcom/larus/im/internal/core/cmd/processor/ServerLoadingCmdProcessor$a;'
119751	  Class descriptor  : 'Lcom/larus/im/internal/core/cmd/processor/ServerLoadingCmdProcessor$handleServerLoadingNew$1;'
119819	  Class descriptor  : 'Lcom/larus/im/internal/core/cmd/processor/ServerLoadingCmdProcessor$handleServerLoadingOld$1;'
119915	  Class descriptor  : 'Lcom/larus/im/internal/core/cmd/processor/ServerLoadingCmdProcessor$handleServerLoadingOld$4$1;'
120728	  Class descriptor  : 'Lcom/larus/im/internal/core/cmd/processor/ServerLoadingCmdProcessor$receiveDownLinkBodySuspend$2$1;'
120901	  Class descriptor  : 'Lcom/larus/im/internal/core/cmd/processor/ServerLoadingCmdProcessor$receiveDownLinkBodySuspend$2;'
121339	  Class descriptor  : 'Lcom/larus/im/service/c;'
121407	  Class descriptor  : 'Lcom/larus/im/internal/core/cmd/processor/a;'
122009	  Class descriptor  : 'Lcom/larus/im/internal/core/cmd/processor/ServerLoadingCmdProcessor;'
125056	  Class descriptor  : 'Lcom/larus/im/internal/core/cmd/processor/b;'
125346	  Class descriptor  : 'Lcom/larus/im/internal/core/cmd/processor/c;'
125484	  Class descriptor  : 'Lcom/larus/im/internal/core/cmd/receiver/DispatchCommandDispatcher$notifyReceiveDispatchCommand$1;'
125676	  Class descriptor  : 'Lcom/larus/im/internal/core/cmd/receiver/DispatchCommandDispatcher$notifySendDispatchCommandFailed$1;'
125906	  Class descriptor  : 'Lcom/larus/im/internal/jni/observer/Observer;'
125917	  Class descriptor  : 'Lcom/larus/im/internal/jni/observer/OmniDispatchCommandObserver;'
125941	  Class descriptor  : 'Lcom/larus/im/internal/core/cmd/receiver/a$a;'
126089	  Class descriptor  : 'Lcom/larus/im/internal/core/cmd/receiver/a;'
126150	  Class descriptor  : 'Lcom/larus/im/internal/core/cmd/util/CmdCoroutineScopeKt$cmdContext$1$1;'
126331	  Class descriptor  : 'Lcom/larus/im/internal/core/cmd/util/CmdCoroutineScopeKt$cmdContext$1;'
126527	  Class descriptor  : 'Lcom/larus/im/internal/core/cmd/util/a;'
126581	  Class descriptor  : 'Lcom/larus/im/internal/core/cmd/util/b;'
126669	  Class descriptor  : 'Lcom/larus/im/internal/core/cmd/util/c$a;'
126738	  Class descriptor  : 'Lcom/larus/im/internal/core/cmd/util/c;'
126897	  Class descriptor  : 'Lcom/larus/im/internal/core/conversation/ConversationHandler$deleteConversation$2;'
127395	  Class descriptor  : 'Lcom/larus/im/internal/core/conversation/ConversationHandler$getConversationByBotId$2;'
127729	  Class descriptor  : 'Lcom/larus/im/internal/core/conversation/ConversationHandler$replaceOrCreate$2;'
128918	  Class descriptor  : 'Lcom/larus/im/internal/core/conversation/ConversationHandler$updateConversation$1;'
128995	  Class descriptor  : 'Lcom/larus/im/internal/core/conversation/ConversationHandler$updateConversation$2;'
129064	  Class descriptor  : 'Lcom/larus/im/internal/core/conversation/ConversationHandler$updateConversation$entity$1;'
130158	  Class descriptor  : 'Lcom/larus/im/internal/core/conversation/ConversationHandler$updateConversation$entity$2;'
130408	  Class descriptor  : 'Lcom/larus/im/internal/core/conversation/ConversationHandler$updateConversationBadgeCount$1;'
130477	  Class descriptor  : 'Lcom/larus/im/internal/core/conversation/ConversationHandler$updateConversationLastMessage$2;'
131260	  Class descriptor  : 'Lcom/larus/im/internal/core/conversation/ConversationHandler$updateConversationLastMessage$4;'
132754	  Class descriptor  : 'Lcom/larus/im/internal/core/conversation/ConversationHandler$updateConversationStatus$1;'
132827	  Class descriptor  : 'Lcom/larus/im/internal/core/conversation/ConversationHandler$updateSection$1;'
132899	  Class descriptor  : 'Lcom/larus/im/internal/core/conversation/ConversationHandler$updateSection$entity$1;'
133342	  Class descriptor  : 'Lcom/larus/im/internal/core/conversation/ConversationHandler;'
135571	  Class descriptor  : 'Lcom/larus/im/internal/core/conversation/ConversationInOutTracker;'
135662	  Class descriptor  : 'Lcom/larus/im/internal/core/conversation/ConversationLocalManager;'
135882	  Class descriptor  : 'Lcom/larus/im/internal/core/conversation/ConversationReceiverServiceImpl$Companion;'
135980	  Class descriptor  : 'Lcom/larus/im/service/q;'
136015	  Class descriptor  : 'Lcom/larus/im/internal/core/conversation/ConversationReceiverServiceImpl;'
136492	  Class descriptor  : 'Lcom/larus/im/internal/core/conversation/ConversationServiceImpl$Companion;'
136590	  Class descriptor  : 'Lcom/larus/im/service/r;'
136823	  Class descriptor  : 'Lcom/larus/im/internal/core/conversation/ConversationServiceImpl;'
138854	  Class descriptor  : 'Lcom/larus/im/internal/core/conversation/FtsConversationArchiveResolver$WhenMappings;'
138910	  Class descriptor  : 'Lcom/larus/im/internal/core/conversation/FtsConversationArchiveResolver$loadConversationIds$2$1;'
139381	  Class descriptor  : 'Lcom/larus/im/internal/core/conversation/FtsConversationArchiveResolver;'
139665	  Class descriptor  : 'Lcom/larus/im/internal/core/conversation/FtsSearchConversationProcessor$search$1;'
139756	  Class descriptor  : 'Lcom/larus/im/internal/core/conversation/FtsSearchConversationProcessor;'
141491	  Class descriptor  : 'Lcom/larus/im/internal/core/conversation/FtsSearchParam;'
142383	  Class descriptor  : 'Lcom/larus/im/internal/core/conversation/FtsSearchResult;'
142701	  Class descriptor  : 'Lcom/larus/im/internal/core/conversation/a;'
142746	  Class descriptor  : 'Lcom/larus/im/internal/core/conversation/b;'
142791	  Class descriptor  : 'Lcom/larus/im/internal/core/conversation/bot/BatchGetBotByConversationId$analyze$1;'
142867	  Class descriptor  : 'Lcom/larus/im/internal/core/conversation/bot/BatchGetBotByConversationId$batchGetConversation$1;'
142962	  Class descriptor  : 'Lcom/larus/im/internal/core/conversation/bot/BatchGetBotByConversationId$batchGetConversation$ret$1;'
143166	  Class descriptor  : 'Lcom/larus/im/internal/core/conversation/bot/BatchGetBotByConversationId$handleConvResult$2;'
143731	  Class descriptor  : 'Lcom/larus/im/internal/core/conversation/bot/BatchGetBotByConversationId$process$1$1;'
144026	  Class descriptor  : 'Lcom/larus/im/internal/core/conversation/bot/BatchGetBotByConversationId$process$1;'
144659	  Class descriptor  : 'Lcom/larus/im/internal/core/conversation/bot/BatchGetBotByConversationId$requestBy$1;'
144739	  Class descriptor  : 'Lcom/larus/im/internal/core/conversation/bot/BatchGetBotByConversationId$requestBy$ret$1;'
144927	  Class descriptor  : 'Lcom/larus/im/internal/core/conversation/bot/BatchGetBotByConversationId$retrieveBotIdList$1;'
145022	  Class descriptor  : 'Lcom/larus/im/internal/core/conversation/bot/BatchGetBotByConversationId$retrieveBotIdList$2;'
145194	  Class descriptor  : 'Lcom/larus/im/internal/core/conversation/bot/BatchGetBotByConversationId$retrieveBotIdList$block$1;'
145501	  Class descriptor  : 'Lcom/larus/im/internal/core/conversation/bot/BatchGetBotByConversationId;'
148493	  Class descriptor  : 'Lcom/larus/im/internal/core/conversation/bot/BotHandler$deleteBot$2;'
148978	  Class descriptor  : 'Lcom/larus/im/internal/core/conversation/bot/BotHandler$onUpdateBotStatus$1;'
149050	  Class descriptor  : 'Lcom/larus/im/internal/core/conversation/bot/BotHandler$saveBot$1;'
149317	  Class descriptor  : 'Lcom/larus/im/internal/core/conversation/bot/BotHandler$syncBot$1;'
149385	  Class descriptor  : 'Lcom/larus/im/internal/core/conversation/bot/BotHandler$syncBots$1;'
149453	  Class descriptor  : 'Lcom/larus/im/internal/core/conversation/bot/BotHandler$updateBot$2;'
149746	  Class descriptor  : 'Lcom/larus/im/internal/core/conversation/bot/BotHandler$updateVoiceType$2;'
150290	  Class descriptor  : 'Lcom/larus/im/internal/core/conversation/bot/BotHandler;'
151406	  Class descriptor  : 'Lcom/larus/im/internal/core/conversation/bot/BotServiceImpl$a;'
151438	  Class descriptor  : 'Lcom/larus/im/internal/core/conversation/bot/BotServiceImpl$b;'
151627	  Class descriptor  : 'Lcom/larus/im/service/o;'
151752	  Class descriptor  : 'Lcom/larus/im/internal/core/conversation/bot/BotServiceImpl;'
153523	  Class descriptor  : 'Lcom/larus/im/internal/core/conversation/bot/CreateBotProcessor$process$1$res$1;'
153698	  Class descriptor  : 'Lcom/larus/im/internal/core/conversation/bot/CreateBotProcessor$process$1$ret$1;'
153883	  Class descriptor  : 'Lcom/larus/im/internal/core/conversation/bot/CreateBotProcessor$process$1;'
154473	  Class descriptor  : 'Lcom/larus/im/internal/core/conversation/bot/CreateBotProcessor;'
154633	  Class descriptor  : 'Lcom/larus/im/internal/core/conversation/bot/DeleteBotProcessor$process$1$ret$1;'
154815	  Class descriptor  : 'Lcom/larus/im/internal/core/conversation/bot/DeleteBotProcessor$process$1;'
155378	  Class descriptor  : 'Lcom/larus/im/internal/core/conversation/bot/DeleteBotProcessor;'
155590	  Class descriptor  : 'Lcom/larus/im/internal/core/conversation/bot/GetBotByCvsIdProcessor$a;'
155601	  Class descriptor  : 'Lcom/larus/im/internal/core/conversation/bot/GetBotByCvsIdProcessor$process$1$3;'
155821	  Class descriptor  : 'Lcom/larus/im/internal/core/conversation/bot/GetBotByCvsIdProcessor$process$1$result$1;'
156061	  Class descriptor  : 'Lcom/larus/im/internal/core/conversation/bot/GetBotByCvsIdProcessor$process$1$result$2;'
156309	  Class descriptor  : 'Lcom/larus/im/internal/core/conversation/bot/GetBotByCvsIdProcessor$process$1$ret$1;'
156546	  Class descriptor  : 'Lcom/larus/im/internal/core/conversation/bot/GetBotByCvsIdProcessor$process$1;'
158739	  Class descriptor  : 'Lcom/larus/im/internal/core/conversation/bot/GetBotByCvsIdProcessor;'
158939	  Class descriptor  : 'Lcom/larus/im/internal/core/conversation/bot/GetBotIdsByCvsIdProcessor$a;'
158950	  Class descriptor  : 'Lcom/larus/im/internal/core/conversation/bot/GetBotIdsByCvsIdProcessor$process$1$result$1;'
159193	  Class descriptor  : 'Lcom/larus/im/internal/core/conversation/bot/GetBotIdsByCvsIdProcessor$process$1;'
161274	  Class descriptor  : 'Lcom/larus/im/internal/core/conversation/bot/GetBotIdsByCvsIdProcessor;'
161481	  Class descriptor  : 'Lcom/larus/im/internal/core/conversation/bot/GetBotsProcessor$fetchNetBots$1;'
161572	  Class descriptor  : 'Lcom/larus/im/internal/core/conversation/bot/GetBotsProcessor$fetchNetBots$2;'
162162	  Class descriptor  : 'Lcom/larus/im/internal/core/conversation/bot/GetBotsProcessor$fetchNetBots$ret$1;'
162350	  Class descriptor  : 'Lcom/larus/im/internal/core/conversation/bot/GetBotsProcessor$process$1;'
162882	  Class descriptor  : 'Lcom/larus/im/internal/core/conversation/bot/GetBotsProcessor;'
163486	  Class descriptor  : 'Lcom/larus/im/internal/core/conversation/bot/UpdateBotProcessor$process$1$res$1;'
163673	  Class descriptor  : 'Lcom/larus/im/internal/core/conversation/bot/UpdateBotProcessor$process$1$ret$1;'
163858	  Class descriptor  : 'Lcom/larus/im/internal/core/conversation/bot/UpdateBotProcessor$process$1;'
164625	  Class descriptor  : 'Lcom/larus/im/internal/core/conversation/bot/UpdateBotProcessor$updateCvs$1;'
164697	  Class descriptor  : 'Lcom/larus/im/internal/core/conversation/bot/UpdateBotProcessor;'
165750	  Class descriptor  : 'Lcom/larus/im/internal/core/conversation/bot/UpdateBotVoiceTypeProcessor$process$1;'
166001	  Class descriptor  : 'Lcom/larus/im/internal/core/conversation/bot/UpdateBotVoiceTypeProcessor;'
166174	  Class descriptor  : 'Lcom/larus/im/internal/core/conversation/bot/UpdateConversationTtsProcessor$process$1$1;'
166363	  Class descriptor  : 'Lcom/larus/im/internal/core/conversation/bot/UpdateConversationTtsProcessor$process$1;'
166541	  Class descriptor  : 'Lcom/larus/im/internal/core/conversation/bot/UpdateLocalBotProcessor$process$1$1;'
166874	  Class descriptor  : 'Lcom/larus/im/internal/core/conversation/bot/UpdateLocalBotProcessor$process$1;'
167065	  Class descriptor  : 'Lcom/larus/im/internal/core/conversation/bot/UpdateLocalBotProcessor;'
167230	  Class descriptor  : 'Lcom/larus/im/internal/core/conversation/bot/a;'
167292	  Class descriptor  : 'Lcom/larus/im/internal/core/conversation/bot/b;'
167680	  Class descriptor  : 'Lcom/larus/im/internal/core/conversation/bot/c;'
167798	  Class descriptor  : 'Lcom/larus/im/internal/core/conversation/bot/d;'
171256	  Class descriptor  : 'Lcom/larus/im/internal/core/conversation/bot/e;'
171301	  Class descriptor  : 'Lcom/larus/im/internal/core/conversation/bot/f;'
171561	  Class descriptor  : 'Lcom/larus/im/internal/core/conversation/bot/g;'
171674	  Class descriptor  : 'Lcom/larus/im/internal/core/conversation/bot/h;'
171764	  Class descriptor  : 'Lcom/larus/im/internal/core/conversation/bot/i;'
171795	  Class descriptor  : 'Lcom/larus/im/internal/core/conversation/bot/j;'
171806	  Class descriptor  : 'Lcom/larus/im/internal/core/conversation/bot/k;'
171954	  Class descriptor  : 'Lcom/larus/im/internal/core/conversation/check/MessageCheckManager$check$1;'
172988	  Class descriptor  : 'Lcom/larus/im/internal/core/conversation/check/MessageCheckManager;'
173073	  Class descriptor  : 'Lcom/larus/im/internal/core/conversation/check/ReportCheckResultProcessor$a;'
173168	  Class descriptor  : 'Lcom/larus/im/internal/core/conversation/check/ReportCheckResultProcessor$process$1$1;'
173350	  Class descriptor  : 'Lcom/larus/im/internal/core/conversation/check/ReportCheckResultProcessor$process$1;'
173602	  Class descriptor  : 'Lcom/larus/im/internal/core/conversation/check/ReportCheckResultProcessor;'
173747	  Class descriptor  : 'Lcom/larus/im/internal/core/conversation/check/a;'
173938	  Class descriptor  : 'Lcom/larus/im/internal/core/conversation/check/b;'
174063	  Class descriptor  : 'Lcom/larus/im/internal/core/conversation/check/c;'
174176	  Class descriptor  : 'Lcom/larus/im/internal/core/conversation/check/d;'
174266	  Class descriptor  : 'Lcom/larus/im/internal/core/conversation/converter/ConversationConverterKt$toEntity$1;'
174332	  Class descriptor  : 'Lcom/larus/im/internal/core/conversation/converter/ConversationConverterKt;'
176193	  Class descriptor  : 'Lcom/larus/im/internal/core/conversation/converter/ReadCvsInfoFrom;'
176525	  Class descriptor  : 'Lcom/larus/im/internal/core/conversation/converter/WriteCvsInfo2EntityFrom;'
176965	  Class descriptor  : 'Lcom/larus/im/internal/core/conversation/converter/a;'
177301	  Class descriptor  : 'Lcom/larus/im/internal/core/conversation/group/ConversationInterruptProcessor$interruptLocal$1;'
177844	  Class descriptor  : 'Lcom/larus/im/internal/core/conversation/group/ConversationInterruptProcessor$serverInterrupt$1;'
178312	  Class descriptor  : 'Lcom/larus/im/internal/jni/callback/OmniIMCallback;'
178341	  Class descriptor  : 'Lcom/larus/im/internal/core/conversation/group/ConversationInterruptProcessorV3$interruptLocal$1$a;'
178574	  Class descriptor  : 'Lcom/larus/im/internal/core/conversation/group/ConversationInterruptProcessorV3$interruptLocal$1$cancelTypewriter$1$1;'
178939	  Class descriptor  : 'Lcom/larus/im/internal/core/conversation/group/ConversationInterruptProcessorV3$interruptLocal$1;'
179359	  Class descriptor  : 'Lcom/larus/im/internal/core/conversation/group/DeleteConversationProcessor$process$1$1;'
179538	  Class descriptor  : 'Lcom/larus/im/internal/core/conversation/group/DeleteConversationProcessor$process$1$2$1;'
179911	  Class descriptor  : 'Lcom/larus/im/internal/core/conversation/group/DeleteConversationProcessor$process$1;'
180481	  Class descriptor  : 'Lcom/larus/im/internal/core/conversation/group/DeleteConversationProcessor;'
180740	  Class descriptor  : 'Lcom/larus/im/internal/core/conversation/group/FetchRecentConversationProcessor$requestRecentConvMessages$1$a;'
180854	  Class descriptor  : 'Lcom/larus/im/internal/core/conversation/group/FetchRecentConversationProcessor$requestRecentConvMessages$1;'
181198	  Class descriptor  : 'Lcom/larus/im/internal/core/conversation/group/LoadLocalConversationsProcessor$PagingQueryState$query$1;'
181265	  Class descriptor  : 'Lcom/larus/im/internal/core/conversation/group/LoadLocalConversationsProcessor$PagingQueryState;'
181491	  Class descriptor  : 'Lcom/larus/im/internal/core/conversation/group/LoadLocalConversationsProcessor$QueryFirstState$queryLogic$1;'
181554	  Class descriptor  : 'Lcom/larus/im/internal/core/conversation/group/LoadLocalConversationsProcessor$QueryFirstState;'
182337	  Class descriptor  : 'Lcom/larus/im/internal/core/conversation/group/LoadLocalConversationsProcessor$QueryPinState$queryLogic$1;'
182400	  Class descriptor  : 'Lcom/larus/im/internal/core/conversation/group/LoadLocalConversationsProcessor$QueryPinState;'
182834	  Class descriptor  : 'Lcom/larus/im/internal/core/conversation/group/LoadLocalConversationsProcessor$QueryUnPinState$queryLogic$1;'
182897	  Class descriptor  : 'Lcom/larus/im/internal/core/conversation/group/LoadLocalConversationsProcessor$QueryUnPinState;'
183340	  Class descriptor  : 'Lcom/larus/im/internal/core/conversation/group/LoadLocalConversationsProcessor$a;'
183351	  Class descriptor  : 'Lcom/larus/im/internal/core/conversation/group/LoadLocalConversationsProcessor$associateBriefMessage$1;'
183445	  Class descriptor  : 'Lcom/larus/im/internal/core/conversation/group/LoadLocalConversationsProcessor$b;'
183542	  Class descriptor  : 'Lcom/larus/im/internal/core/conversation/group/LoadLocalConversationsProcessor$c;'
183598	  Class descriptor  : 'Lcom/larus/im/internal/core/conversation/group/LoadLocalConversationsProcessor$findBriefMessage$1;'
183712	  Class descriptor  : 'Lcom/larus/im/internal/core/conversation/group/LoadLocalConversationsProcessor$loadAllConversation$1;'
183784	  Class descriptor  : 'Lcom/larus/im/internal/core/conversation/group/LoadLocalConversationsProcessor$loadAllConversation$2;'
184325	  Class descriptor  : 'Lcom/larus/im/internal/core/conversation/group/LoadLocalConversationsProcessor$loadConversationV2$1;'
184393	  Class descriptor  : 'Lcom/larus/im/internal/core/conversation/group/LoadLocalConversationsProcessor$loadConversationV2$pagingData$1;'
184623	  Class descriptor  : 'Lcom/larus/im/internal/core/conversation/group/LoadLocalConversationsProcessor$loadConversationV2$pagingData$2;'
184798	  Class descriptor  : 'Lcom/larus/im/internal/core/conversation/group/LoadLocalConversationsProcessor$process$1;'
185089	  Class descriptor  : 'Lcom/larus/im/internal/core/conversation/group/LoadLocalConversationsProcessor$transformPageData$1;'
185185	  Class descriptor  : 'Lcom/larus/im/internal/core/conversation/group/LoadLocalConversationsProcessor;'
187584	  Class descriptor  : 'Lcom/larus/im/internal/core/conversation/group/a;'
187615	  Class descriptor  : 'Lcom/larus/im/internal/core/conversation/group/b;'
190674	  Class descriptor  : 'Lcom/larus/im/internal/core/conversation/group/c;'
190757	  Class descriptor  : 'Lcom/larus/im/internal/core/conversation/group/d$a;'
190768	  Class descriptor  : 'Lcom/larus/im/internal/core/conversation/group/d;'
192805	  Class descriptor  : 'Lcom/larus/im/internal/core/conversation/group/e;'
192883	  Class descriptor  : 'Lcom/larus/im/internal/core/conversation/group/f;'
193013	  Class descriptor  : 'Lcom/larus/im/internal/core/conversation/group/g;'
193088	  Class descriptor  : 'Lcom/larus/im/internal/core/conversation/group/h;'
193219	  Class descriptor  : 'Lcom/larus/im/internal/core/conversation/group/i;'
193271	  Class descriptor  : 'Lcom/larus/im/internal/core/conversation/group/j;'
193391	  Class descriptor  : 'Lcom/larus/im/internal/core/conversation/participant/BatchGetParticipantProcessor$process$1$response$1;'
193577	  Class descriptor  : 'Lcom/larus/im/internal/core/conversation/participant/BatchGetParticipantProcessor$process$1;'
194518	  Class descriptor  : 'Lcom/larus/im/internal/core/conversation/participant/BatchGetParticipantProcessor;'
194712	  Class descriptor  : 'Lcom/larus/im/internal/core/conversation/participant/GetConversationParticipantProcessor$getParticipantFromNetwork$1;'
194779	  Class descriptor  : 'Lcom/larus/im/internal/core/conversation/participant/GetConversationParticipantProcessor$getParticipantFromNetwork$3$1;'
195625	  Class descriptor  : 'Lcom/larus/im/internal/core/conversation/participant/GetConversationParticipantProcessor$getParticipantFromNetwork$ret$1;'
195866	  Class descriptor  : 'Lcom/larus/im/internal/core/conversation/participant/GetConversationParticipantProcessor$process$1;'
196318	  Class descriptor  : 'Lcom/larus/im/internal/core/conversation/participant/GetConversationParticipantProcessor;'
196906	  Class descriptor  : 'Lcom/larus/im/internal/core/conversation/participant/GetParticipantProcessor$process$1$ret$1;'
197087	  Class descriptor  : 'Lcom/larus/im/internal/core/conversation/participant/GetParticipantProcessor$process$1;'
197359	  Class descriptor  : 'Lcom/larus/im/internal/core/conversation/participant/GetParticipantProcessor;'
197506	  Class descriptor  : 'Lcom/larus/im/internal/core/conversation/participant/ParticipantHandler$a;'
197650	  Class descriptor  : 'Lcom/larus/im/internal/core/conversation/participant/ParticipantHandler$changeRelation$2;'
197972	  Class descriptor  : 'Lcom/larus/im/internal/core/conversation/participant/ParticipantHandler$insertAll$2;'
198745	  Class descriptor  : 'Lcom/larus/im/internal/core/conversation/participant/ParticipantHandler;'
199179	  Class descriptor  : 'Lcom/larus/im/internal/core/conversation/participant/a;'
199234	  Class descriptor  : 'Lcom/larus/im/internal/core/conversation/participant/b;'
199289	  Class descriptor  : 'Lcom/larus/im/internal/jni/observer/OmniConversationObserver;'
199313	  Class descriptor  : 'Lcom/larus/im/internal/core/conversation/receiver/ConversationDispatcher$a;'
199488	  Class descriptor  : 'Lcom/larus/im/internal/core/conversation/receiver/ConversationDispatcher$notifyChange$1;'
200007	  Class descriptor  : 'Lcom/larus/im/internal/core/conversation/receiver/ConversationDispatcher$notifyReplace$1;'
200541	  Class descriptor  : 'Lcom/larus/im/internal/core/conversation/receiver/ConversationDispatcher;'
200726	  Class descriptor  : 'Lcom/larus/im/internal/core/job/AIJobDispatcher$notifyJobsChanged$1;'
200905	  Class descriptor  : 'Lcom/larus/im/internal/core/job/AIJobDispatcher$notifyRequestStates$1;'
201111	  Class descriptor  : 'Lcom/larus/im/internal/core/job/AIJobDispatcher$registerObserver$1;'
201347	  Class descriptor  : 'Lcom/larus/im/internal/core/job/AIJobLifecycleGuard$Decision;'
201561	  Class descriptor  : 'Lcom/larus/im/internal/core/job/AIJobLifecycleGuard;'
201848	  Class descriptor  : 'Lcom/larus/im/internal/core/job/AIJobServiceImpl$a;'
201904	  Class descriptor  : 'Lcom/larus/im/internal/core/job/AIJobServiceImpl$b;'
202162	  Class descriptor  : 'Lcom/larus/im/internal/core/job/AIJobServiceImpl$c;'
202324	  Class descriptor  : 'Lcom/larus/im/internal/core/job/AIJobServiceImpl$d$a;'
202380	  Class descriptor  : 'Lcom/larus/im/internal/core/job/AIJobServiceImpl$d;'
202582	  Class descriptor  : 'Lcom/larus/im/service/IAIJobService;'
202713	  Class descriptor  : 'Lcom/larus/im/internal/core/job/AIJobServiceImpl;'
208001	  Class descriptor  : 'Lcom/larus/im/internal/core/job/a0;'
208059	  Class descriptor  : 'Lcom/larus/im/internal/core/job/a;'
208384	  Class descriptor  : 'Lcom/larus/im/internal/jni/observer/OmniAIJobObserver;'
208408	  Class descriptor  : 'Lcom/larus/im/internal/core/job/b$a;'
208824	  Class descriptor  : 'Lcom/larus/im/internal/core/job/b$b;'
208873	  Class descriptor  : 'Lcom/larus/im/internal/core/job/b0;'
208931	  Class descriptor  : 'Lcom/larus/im/internal/core/job/b;'
209260	  Class descriptor  : 'Lcom/larus/im/internal/core/job/c0;'
209305	  Class descriptor  : 'Lcom/larus/im/internal/core/job/c;'
209416	  Class descriptor  : 'Lcom/larus/im/internal/core/job/d0;'
209462	  Class descriptor  : 'Lcom/larus/im/internal/core/job/d;'
209619	  Class descriptor  : 'Lcom/larus/im/internal/core/job/e0;'
209677	  Class descriptor  : 'Lcom/larus/im/internal/core/job/e;'
209758	  Class descriptor  : 'Lcom/larus/im/internal/core/job/f0;'
209815	  Class descriptor  : 'Lcom/larus/im/internal/core/job/f;'
209861	  Class descriptor  : 'Lcom/larus/im/internal/core/job/g0;'
209907	  Class descriptor  : 'Lcom/larus/im/internal/core/job/g;'
209965	  Class descriptor  : 'Lcom/larus/im/internal/core/job/h0;'
210023	  Class descriptor  : 'Lcom/larus/im/internal/core/job/h;'
210069	  Class descriptor  : 'Lcom/larus/im/internal/core/job/i0;'
210115	  Class descriptor  : 'Lcom/larus/im/internal/core/job/i;'
210173	  Class descriptor  : 'Lcom/larus/im/internal/core/job/j0;'
210231	  Class descriptor  : 'Lcom/larus/im/internal/core/job/j;'
210277	  Class descriptor  : 'Lcom/larus/im/internal/core/job/k0;'
210323	  Class descriptor  : 'Lcom/larus/im/internal/core/job/k;'
210412	  Class descriptor  : 'Lcom/larus/im/internal/core/job/l0;'
210470	  Class descriptor  : 'Lcom/larus/im/internal/core/job/l;'
210516	  Class descriptor  : 'Lcom/larus/im/internal/core/job/m0;'
210763	  Class descriptor  : 'Lcom/larus/im/internal/core/job/m;'
210821	  Class descriptor  : 'Lcom/larus/im/internal/core/job/n;'
210869	  Class descriptor  : 'Lcom/larus/im/internal/core/job/o;'
210939	  Class descriptor  : 'Lcom/larus/im/internal/core/job/p;'
210987	  Class descriptor  : 'Lcom/larus/im/internal/core/job/q;'
211038	  Class descriptor  : 'Lcom/larus/im/internal/core/job/r;'
211131	  Class descriptor  : 'Lcom/larus/im/internal/core/job/s;'
211179	  Class descriptor  : 'Lcom/larus/im/internal/core/job/t;'
211225	  Class descriptor  : 'Lcom/larus/im/internal/core/job/u;'
211289	  Class descriptor  : 'Lcom/larus/im/internal/core/job/v;'
211340	  Class descriptor  : 'Lcom/larus/im/internal/core/job/w;'
211388	  Class descriptor  : 'Lcom/larus/im/internal/core/job/x;'
211434	  Class descriptor  : 'Lcom/larus/im/internal/core/job/y;'
211511	  Class descriptor  : 'Lcom/larus/im/internal/core/job/z;'
211557	  Class descriptor  : 'Lcom/larus/im/internal/core/message/AddLocalMessageProcessor$a;'
211568	  Class descriptor  : 'Lcom/larus/im/internal/core/message/AddLocalMessageProcessor$b;'
211862	  Class descriptor  : 'Lcom/larus/im/internal/core/message/AddLocalMessageProcessor$process$1;'
212267	  Class descriptor  : 'Lcom/larus/im/internal/core/message/AddLocalMessageProcessor$singleRun$1;'
212545	  Class descriptor  : 'Lcom/larus/im/internal/core/message/AddLocalMessageProcessor;'
212841	  Class descriptor  : 'Lcom/larus/im/internal/core/message/BatchAddLocalMessageProcessor$a;'
212852	  Class descriptor  : 'Lcom/larus/im/internal/core/message/BatchAddLocalMessageProcessor$process$1;'
213407	  Class descriptor  : 'Lcom/larus/im/internal/core/message/BatchAddLocalMessageProcessor$singleRun$1;'
213685	  Class descriptor  : 'Lcom/larus/im/internal/core/message/BatchAddLocalMessageProcessor;'
213890	  Class descriptor  : 'Lcom/larus/im/internal/core/message/BatchSendMessageProcessor$process$1$2;'
215180	  Class descriptor  : 'Lcom/larus/im/internal/core/message/BatchSendMessageProcessor$process$1$a;'
215314	  Class descriptor  : 'Lcom/larus/im/internal/core/message/BatchSendMessageProcessor$process$1;'
217875	  Class descriptor  : 'Lcom/larus/im/internal/core/message/BatchSendMessageProcessor;'
218054	  Class descriptor  : 'Lcom/larus/im/internal/core/message/FtsSearchMessageProcessor$a;'
218065	  Class descriptor  : 'Lcom/larus/im/internal/core/message/FtsSearchMessageProcessor$b;'
218228	  Class descriptor  : 'Lcom/larus/im/internal/core/message/FtsSearchMessageProcessor$filter$1;'
218330	  Class descriptor  : 'Lcom/larus/im/internal/core/message/FtsSearchMessageProcessor$filterConversation$1;'
218424	  Class descriptor  : 'Lcom/larus/im/internal/core/message/FtsSearchMessageProcessor$getCvsMessageCursor$1;'
218522	  Class descriptor  : 'Lcom/larus/im/internal/core/message/FtsSearchMessageProcessor$resolveConversationSearchScope$1;'
218606	  Class descriptor  : 'Lcom/larus/im/internal/core/message/FtsSearchMessageProcessor$search$1;'
218705	  Class descriptor  : 'Lcom/larus/im/internal/core/message/FtsSearchMessageProcessor;'
225629	  Class descriptor  : 'Lcom/larus/im/internal/core/message/LocalMessageProcessor$a;'
225640	  Class descriptor  : 'Lcom/larus/im/internal/core/message/LocalMessageProcessor$getMessageList$1;'
225721	  Class descriptor  : 'Lcom/larus/im/internal/core/message/LocalMessageProcessor$process$1;'
225948	  Class descriptor  : 'Lcom/larus/im/internal/core/message/LocalMessageProcessor;'
226516	  Class descriptor  : 'Lcom/larus/im/internal/core/message/MessageHandler$addLocalMessage$2;'
227188	  Class descriptor  : 'Lcom/larus/im/internal/core/message/MessageHandler$addMessageInternal$1;'
227278	  Class descriptor  : 'Lcom/larus/im/internal/core/message/MessageHandler$addMessageInternal$2;'
227440	  Class descriptor  : 'Lcom/larus/im/internal/core/message/MessageHandler$addMessageInternal$3;'
227602	  Class descriptor  : 'Lcom/larus/im/internal/core/message/MessageHandler$addSecondaryMessage$1;'
227706	  Class descriptor  : 'Lcom/larus/im/internal/core/message/MessageHandler$batchUpdateLocalStatus$2$a;'
227789	  Class descriptor  : 'Lcom/larus/im/internal/core/message/MessageHandler$batchUpdateLocalStatus$2;'
228651	  Class descriptor  : 'Lcom/larus/im/internal/core/message/MessageHandler$batchUpdateStatus$2$a;'
228734	  Class descriptor  : 'Lcom/larus/im/internal/core/message/MessageHandler$batchUpdateStatus$2;'
229609	  Class descriptor  : 'Lcom/larus/im/internal/core/message/MessageHandler$cleanLoadingMessage$2;'
229948	  Class descriptor  : 'Lcom/larus/im/internal/core/message/MessageHandler$cleanLocalConversation$2;'
230374	  Class descriptor  : 'Lcom/larus/im/internal/core/message/MessageHandler$deleteLoadingCard$1;'
230474	  Class descriptor  : 'Lcom/larus/im/internal/core/message/MessageHandler$deleteMessageByCvs$1;'
230542	  Class descriptor  : 'Lcom/larus/im/internal/core/message/MessageHandler$init$1;'
230955	  Class descriptor  : 'Lcom/larus/im/internal/core/message/MessageHandler$interruptTypewriter$1;'
231055	  Class descriptor  : 'Lcom/larus/im/internal/core/message/MessageHandler$notifyTypewriter$1;'
231136	  Class descriptor  : 'Lcom/larus/im/internal/core/message/MessageHandler$onReceiveFirstPackageError$1;'
231617	  Class descriptor  : 'Lcom/larus/im/internal/core/message/MessageHandler$onReceiveFirstPackageError$2$1;'
231796	  Class descriptor  : 'Lcom/larus/im/internal/core/message/MessageHandler$stopStream$2;'
232369	  Class descriptor  : 'Lcom/larus/im/internal/core/message/MessageHandler$syncMessage2LocalDB$2;'
234549	  Class descriptor  : 'Lcom/larus/im/internal/core/message/MessageHandler$syncMessageList2LocalDB$2;'
239179	  Class descriptor  : 'Lcom/larus/im/internal/core/message/MessageHandler$syncSubMessages$1;'
239256	  Class descriptor  : 'Lcom/larus/im/internal/core/message/MessageHandler$transformStatus$1;'
239319	  Class descriptor  : 'Lcom/larus/im/internal/core/message/MessageHandler$transformStatus$2$1;'
239818	  Class descriptor  : 'Lcom/larus/im/internal/core/message/MessageHandler$tryAddOnboarding$1;'
239894	  Class descriptor  : 'Lcom/larus/im/internal/core/message/MessageHandler$tryAddSecondaryMessage$1;'
239958	  Class descriptor  : 'Lcom/larus/im/internal/core/message/MessageHandler$tryAddSuggest$1;'
240030	  Class descriptor  : 'Lcom/larus/im/internal/core/message/MessageHandler$tryCleanServerLoading$1;'
240110	  Class descriptor  : 'Lcom/larus/im/internal/core/message/MessageHandler$tryInterrupt$1;'
240194	  Class descriptor  : 'Lcom/larus/im/internal/core/message/MessageHandler$tryInterrupt$5;'
240278	  Class descriptor  : 'Lcom/larus/im/internal/core/message/MessageHandler$updateMessage$2;'
240546	  Class descriptor  : 'Lcom/larus/im/internal/core/message/MessageHandler$updateMessage$4;'
241137	  Class descriptor  : 'Lcom/larus/im/internal/core/message/MessageHandler$updateMsgLocalStatus$1;'
241206	  Class descriptor  : 'Lcom/larus/im/internal/core/message/MessageHandler;'
250884	  Class descriptor  : 'Lcom/larus/im/internal/core/message/MessageServiceImpl$a;'
250916	  Class descriptor  : 'Lcom/larus/im/internal/core/message/MessageServiceImpl$getSendSuccessImageMessageList$1$3;'
251075	  Class descriptor  : 'Lcom/larus/im/internal/core/message/MessageServiceImpl$getSendSuccessImageMessageList$1;'
251678	  Class descriptor  : 'Lcom/larus/im/service/IMessageService;'
251797	  Class descriptor  : 'Lcom/larus/im/internal/core/message/MessageServiceImpl;'
253567	  Class descriptor  : 'Lcom/larus/im/internal/core/message/ModifyMessageProcessor$process$1$3$a;'
253650	  Class descriptor  : 'Lcom/larus/im/internal/core/message/ModifyMessageProcessor$process$1$3;'
253935	  Class descriptor  : 'Lcom/larus/im/internal/core/message/ModifyMessageProcessor$process$1;'
256512	  Class descriptor  : 'Lcom/larus/im/internal/core/message/ModifyMessageProcessor;'
256715	  Class descriptor  : 'Lcom/larus/im/internal/core/message/QueryLocalMessageProcessor$process$1;'
256991	  Class descriptor  : 'Lcom/larus/im/internal/core/message/QueryLocalMessageProcessor;'
257143	  Class descriptor  : 'Lcom/larus/im/internal/core/message/RegenMessageProcessor$a;'
257154	  Class descriptor  : 'Lcom/larus/im/internal/core/message/RegenMessageProcessor$process$1$a;'
257237	  Class descriptor  : 'Lcom/larus/im/internal/core/message/RegenMessageProcessor$process$1$result$1;'
257469	  Class descriptor  : 'Lcom/larus/im/internal/core/message/RegenMessageProcessor$process$1;'
259529	  Class descriptor  : 'Lcom/larus/im/internal/core/message/RegenMessageProcessor$recoverCurrentReply$1;'
259617	  Class descriptor  : 'Lcom/larus/im/internal/core/message/RegenMessageProcessor$recoverCurrentReply$2;'
259985	  Class descriptor  : 'Lcom/larus/im/internal/core/message/RegenMessageProcessor$removeCurrentReply$1;'
260073	  Class descriptor  : 'Lcom/larus/im/internal/core/message/RegenMessageProcessor$removeCurrentReply$3;'
260494	  Class descriptor  : 'Lcom/larus/im/internal/core/message/RegenMessageProcessor;'
261743	  Class descriptor  : 'Lcom/larus/im/internal/core/message/RemoteMessageListHandler$onHandle$1;'
261823	  Class descriptor  : 'Lcom/larus/im/internal/core/message/RemoteMessageListHandler$onHandle$result$1$a;'
261906	  Class descriptor  : 'Lcom/larus/im/internal/core/message/RemoteMessageListHandler$onHandle$result$1;'
262950	  Class descriptor  : 'Lcom/larus/im/internal/core/message/RemoteMessageListHandler;'
264613	  Class descriptor  : 'Lcom/larus/im/internal/core/message/RequestSubMessageProcessor$Companion$onFirstPackageError$1;'
264823	  Class descriptor  : 'Lcom/larus/im/internal/core/message/RequestSubMessageProcessor$Companion$updateSubMessageStatus$2;'
265288	  Class descriptor  : 'Lcom/larus/im/internal/core/message/RequestSubMessageProcessor$Companion;'
265545	  Class descriptor  : 'Lcom/larus/im/internal/core/message/RequestSubMessageProcessor$process$1$result$1;'
265745	  Class descriptor  : 'Lcom/larus/im/internal/core/message/RequestSubMessageProcessor$process$1;'
267301	  Class descriptor  : 'Lcom/larus/im/internal/core/message/RequestSubMessageProcessor;'
267533	  Class descriptor  : 'Lcom/larus/im/internal/core/message/SendMessageProcessor$a;'
267544	  Class descriptor  : 'Lcom/larus/im/internal/core/message/SendMessageProcessor$process$1;'
267968	  Class descriptor  : 'Lcom/larus/im/internal/core/message/SendMessageProcessor$sendMessage$1$1;'
268846	  Class descriptor  : 'Lcom/larus/im/internal/core/message/SendMessageProcessor$sendMessage$1$result$1;'
269131	  Class descriptor  : 'Lcom/larus/im/internal/core/message/SendMessageProcessor$sendMessage$1;'
270949	  Class descriptor  : 'Lcom/larus/im/internal/core/message/SendMessageProcessor;'
271310	  Class descriptor  : 'Lcom/larus/im/internal/core/message/SendMessageProcessorKt$getBotId$1;'
271368	  Class descriptor  : 'Lcom/larus/im/internal/core/message/SyncMsgListFrom;'
271560	  Class descriptor  : 'Lcom/larus/im/internal/core/message/UpdateLocalMessageProcessor$a;'
271571	  Class descriptor  : 'Lcom/larus/im/internal/core/message/UpdateLocalMessageProcessor$process$1$1$message$1;'
271753	  Class descriptor  : 'Lcom/larus/im/internal/core/message/UpdateLocalMessageProcessor$process$1$1;'
272329	  Class descriptor  : 'Lcom/larus/im/internal/core/message/UpdateLocalMessageProcessor$process$1;'
272511	  Class descriptor  : 'Lcom/larus/im/internal/core/message/UpdateLocalMessageProcessor;'
272746	  Class descriptor  : 'Lcom/larus/im/internal/core/message/a;'
272894	  Class descriptor  : 'Lcom/larus/im/internal/core/message/b;'
273012	  Class descriptor  : 'Lcom/larus/im/internal/core/message/c;'
273284	  Class descriptor  : 'Lcom/larus/im/internal/core/message/concat/MessageConcatHelper$a;'
273774	  Class descriptor  : 'Lcom/larus/im/internal/core/message/concat/MessageConcatHelper$concat$1;'
273868	  Class descriptor  : 'Lcom/larus/im/internal/core/message/concat/MessageConcatHelper$concatChunk$1;'
273948	  Class descriptor  : 'Lcom/larus/im/internal/core/message/concat/c;'
273965	  Class descriptor  : 'Lcom/larus/im/internal/core/message/concat/MessageConcatHelper;'
278967	  Class descriptor  : 'Lcom/larus/im/internal/core/message/concat/a;'
279045	  Class descriptor  : 'Lcom/larus/im/internal/core/message/concat/b;'
280932	  Class descriptor  : 'Lcom/larus/im/internal/core/message/concat/c$a;'
281278	  Class descriptor  : 'Lcom/larus/im/internal/core/message/concat/d;'
281355	  Class descriptor  : 'Lcom/larus/im/internal/core/message/concat/e;'
281420	  Class descriptor  : 'Lcom/larus/im/internal/core/message/concat/f;'
281472	  Class descriptor  : 'Lcom/larus/im/internal/core/message/concat/g;'
281602	  Class descriptor  : 'Lcom/larus/im/internal/core/message/converter/ConverterBaseKt$a;'
281685	  Class descriptor  : 'Lcom/larus/im/internal/core/message/converter/ConverterBaseKt$calculateSubList$1;'
281771	  Class descriptor  : 'Lcom/larus/im/internal/core/message/converter/ConverterBaseKt$calculateSubListGroup$1;'
281857	  Class descriptor  : 'Lcom/larus/im/internal/core/message/converter/ConverterBaseKt;'
284066	  Class descriptor  : 'Lcom/larus/im/internal/core/message/converter/MessageBodyConverterKt$calculateLocalIndex$1;'
284161	  Class descriptor  : 'Lcom/larus/im/internal/core/message/converter/MessageBodyConverterKt$toMessage$1;'
284219	  Class descriptor  : 'Lcom/larus/im/internal/core/message/converter/MessageBodyConverterKt$toMessageEntity$1;'
284350	  Class descriptor  : 'Lcom/larus/im/internal/core/message/converter/MessageBodyConverterKt;'
287128	  Class descriptor  : 'Lcom/larus/im/internal/core/message/converter/MessageEntityConverterKt$toMessage$1;'
287322	  Class descriptor  : 'Lcom/larus/im/internal/core/message/converter/MessageEntityConverterKt;'
289327	  Class descriptor  : 'Lcom/larus/im/internal/core/message/converter/PullMessageDirection$a;'
289376	  Class descriptor  : 'Lcom/larus/im/internal/core/message/converter/PullMessageDirection;'
289425	  Class descriptor  : 'Lcom/larus/im/internal/core/message/converter/a;'
289648	  Class descriptor  : 'Lcom/larus/im/internal/core/message/converter/b;'
290623	  Class descriptor  : 'Lcom/larus/im/internal/core/message/converter/c;'
290970	  Class descriptor  : 'Lcom/larus/im/internal/core/message/d;'
291172	  Class descriptor  : 'Lcom/larus/im/internal/core/message/x;'
291189	  Class descriptor  : 'Lcom/larus/im/internal/core/message/e;'
291419	  Class descriptor  : 'Lcom/larus/im/internal/core/message/f;'
291517	  Class descriptor  : 'Lcom/larus/im/internal/core/message/g;'
291615	  Class descriptor  : 'Lcom/larus/im/internal/core/message/h;'
291714	  Class descriptor  : 'Lcom/larus/im/internal/core/message/i;'
292199	  Class descriptor  : 'Lcom/larus/im/internal/core/message/j;'
292393	  Class descriptor  : 'Lcom/larus/im/internal/core/message/k;'
292438	  Class descriptor  : 'Lcom/larus/im/internal/core/message/l;'
293093	  Class descriptor  : 'Lcom/larus/im/internal/core/message/m;'
293176	  Class descriptor  : 'Lcom/larus/im/internal/core/message/n;'
293304	  Class descriptor  : 'Lcom/larus/im/internal/core/message/o;'
293527	  Class descriptor  : 'Lcom/larus/im/internal/core/message/p;'
293623	  Class descriptor  : 'Lcom/larus/im/internal/core/message/q;'
293831	  Class descriptor  : 'Lcom/larus/im/internal/core/message/r;'
294053	  Class descriptor  : 'Lcom/larus/im/internal/core/message/receiver/MessageReceiver$handleClientPull$1;'
295085	  Class descriptor  : 'Lcom/larus/im/internal/core/message/receiver/MessageReceiver$handleMessageBody$1;'
295173	  Class descriptor  : 'Lcom/larus/im/internal/core/message/receiver/MessageReceiver$handleMessageBody$2;'
296059	  Class descriptor  : 'Lcom/larus/im/internal/core/message/receiver/MessageReceiver$handleMessageBodyInternal$1$1$1;'
296310	  Class descriptor  : 'Lcom/larus/im/internal/core/message/receiver/MessageReceiver$handleMessageBodyInternal$1$1;'
296542	  Class descriptor  : 'Lcom/larus/im/internal/core/message/receiver/MessageReceiver$handleMessageBodyInternal$1;'
297470	  Class descriptor  : 'Lcom/larus/im/internal/core/message/receiver/MessageReceiver$launchChunkV2ByQuestion$2;'
297906	  Class descriptor  : 'Lcom/larus/im/internal/core/message/receiver/MessageReceiver$reportFirstPackage$1;'
298167	  Class descriptor  : 'Lcom/larus/im/internal/core/message/receiver/MessageReceiver$tryPullLatestMsg$1;'
298255	  Class descriptor  : 'Lcom/larus/im/internal/core/message/receiver/MessageReceiver$tryPullLatestMsg$2$1;'
298643	  Class descriptor  : 'Lcom/larus/im/internal/core/message/receiver/MessageReceiver$tryPullLatestMsg$2;'
298827	  Class descriptor  : 'Lcom/larus/im/internal/core/message/receiver/MessageReceiver$updateConversation$2$1;'
300876	  Class descriptor  : 'Lcom/larus/im/internal/core/message/receiver/MessageReceiver;'
303882	  Class descriptor  : 'Lcom/larus/im/internal/core/message/receiver/a;'
303977	  Class descriptor  : 'Lcom/larus/im/internal/core/message/receiver/b;'
304844	  Class descriptor  : 'Lcom/larus/im/internal/core/message/receiver/c;'
304903	  Class descriptor  : 'Lcom/larus/im/internal/core/message/regen/RegenHelper$a;'
305129	  Class descriptor  : 'Lcom/larus/im/internal/core/message/regen/RegenHelper$apply$1;'
305197	  Class descriptor  : 'Lcom/larus/im/internal/core/message/regen/RegenHelper$batchApply$1;'
305285	  Class descriptor  : 'Lcom/larus/im/internal/core/message/regen/RegenHelper;'
307003	  Class descriptor  : 'Lcom/larus/im/internal/core/message/regen/a;'
307167	  Class descriptor  : 'Lcom/larus/im/internal/core/message/regen/b;'
307266	  Class descriptor  : 'Lcom/larus/im/internal/core/message/s;'
307360	  Class descriptor  : 'Lcom/larus/im/internal/core/message/t;'
307600	  Class descriptor  : 'Lcom/larus/im/internal/core/message/u;'
307934	  Class descriptor  : 'Lcom/larus/im/internal/core/message/utils/MessageDispatcher$onMessageInvisible$1;'
308293	  Class descriptor  : 'Lcom/larus/im/internal/core/message/utils/MessageDispatcher$onMessageListChanged$1;'
308830	  Class descriptor  : 'Lcom/larus/im/internal/core/message/utils/MessageDispatcher$onMessageListReplaced$1;'
309244	  Class descriptor  : 'Lcom/larus/im/internal/core/message/utils/MessageDispatcher$onReceiveMessage$1;'
309621	  Class descriptor  : 'Lcom/larus/im/internal/core/message/utils/MessageDispatcher$onRegenMessage$1;'
309980	  Class descriptor  : 'Lcom/larus/im/internal/core/message/utils/MessageDispatcher$onSendMessage$1;'
310339	  Class descriptor  : 'Lcom/larus/im/internal/core/message/utils/MessageDispatcher$onUpdateMessage$1;'
310734	  Class descriptor  : 'Lcom/larus/im/internal/core/message/utils/MessageDispatcher$transformToParent$1;'
310802	  Class descriptor  : 'Lcom/larus/im/internal/core/message/utils/MessageDispatcher$transformToParent$2;'
310890	  Class descriptor  : 'Lvd9/b;'
310943	  Class descriptor  : 'Lcom/larus/im/internal/core/message/utils/MessageDispatcher;'
312439	  Class descriptor  : 'Lcom/larus/im/internal/core/message/utils/MessageIndexStrategy$ResortMessageIndexFrom;'
312675	  Class descriptor  : 'Lcom/larus/im/internal/core/message/utils/MessageIndexStrategy$calSendMessageLocalIndex$1;'
312739	  Class descriptor  : 'Lcom/larus/im/internal/core/message/utils/MessageIndexStrategy$resortMessageIndex$2;'
313772	  Class descriptor  : 'Lcom/larus/im/internal/core/message/utils/MessageIndexStrategy;'
314317	  Class descriptor  : 'Lcom/larus/im/internal/core/message/utils/MessageTimeoutStrategy$handleAudioMessage$job$1;'
314728	  Class descriptor  : 'Lcom/larus/im/internal/core/message/utils/MessageTimeoutStrategy$handleSearchingMessage$1;'
315157	  Class descriptor  : 'Lcom/larus/im/internal/core/message/utils/MessageTimeoutStrategy$handleSearchingMessage$2$1;'
315338	  Class descriptor  : 'Lcom/larus/im/internal/core/message/utils/MsgTimeoutTask$run$1;'
315517	  Class descriptor  : 'Lcom/larus/im/internal/core/message/utils/MsgTimeoutTask;'
315653	  Class descriptor  : 'Lcom/larus/im/internal/core/message/utils/OmniMessageObserverInterceptor$NotifyStreamingType;'
315983	  Class descriptor  : 'Lcom/larus/im/internal/core/message/utils/OmniMessageObserverInterceptor$a;'
316036	  Class descriptor  : 'Lcom/larus/im/internal/core/message/utils/OmniMessageObserverInterceptor$b;'
316119	  Class descriptor  : 'Lcom/larus/im/internal/core/message/utils/OmniMessageObserverInterceptor$notifyTypewriter$1;'
317320	  Class descriptor  : 'Lcom/larus/im/internal/core/message/utils/OmniMessageObserverInterceptor$notifyUpdateMessage$1;'
317630	  Class descriptor  : 'Lcom/larus/im/internal/core/message/utils/OmniMessageObserverInterceptor$onMessageListChanged$1;'
318246	  Class descriptor  : 'Lcom/larus/im/internal/jni/observer/OmniMessageObserver;'
318318	  Class descriptor  : 'Lcom/larus/im/internal/core/message/utils/OmniMessageObserverInterceptor;'
320733	  Class descriptor  : 'Lcom/larus/im/internal/core/message/utils/a;'
320924	  Class descriptor  : 'Lcom/larus/im/internal/core/message/utils/b;'
320990	  Class descriptor  : 'Lcom/larus/im/internal/core/message/utils/c;'
321056	  Class descriptor  : 'Lcom/larus/im/internal/core/message/utils/d;'
321253	  Class descriptor  : 'Lcom/larus/im/internal/core/message/utils/e;'
321391	  Class descriptor  : 'Lcom/larus/im/internal/core/message/utils/f;'
321745	  Class descriptor  : 'Lcom/larus/im/internal/core/message/utils/g;'
321835	  Class descriptor  : 'Lcom/larus/im/internal/core/message/utils/h;'
321885	  Class descriptor  : 'Lcom/larus/im/internal/core/message/utils/i;'
321991	  Class descriptor  : 'Lcom/larus/im/internal/core/message/utils/j;'
322650	  Class descriptor  : 'Lcom/larus/im/internal/core/message/utils/k;'
322817	  Class descriptor  : 'Lcom/larus/im/internal/core/message/utils/l;'
322907	  Class descriptor  : 'Lcom/larus/im/internal/core/message/utils/m;'
323079	  Class descriptor  : 'Lcom/larus/im/internal/core/message/utils/sync/AbsMessageSyncLooper$append$2;'
323355	  Class descriptor  : 'Lcom/larus/im/internal/core/message/utils/sync/AbsMessageSyncLooper$loop$1;'
323566	  Class descriptor  : 'Lcom/larus/im/internal/core/message/utils/sync/AbsMessageSyncLooper$stop$2;'
323803	  Class descriptor  : 'Lcom/larus/im/internal/core/message/utils/sync/MessageSyncLooper$a;'
323814	  Class descriptor  : 'Lcom/larus/im/internal/core/message/utils/sync/MessageSyncLooper$concatMessage$1;'
323882	  Class descriptor  : 'Lcom/larus/im/internal/core/message/utils/sync/MessageSyncLooper$syncNow$1;'
323953	  Class descriptor  : 'Lcom/larus/im/internal/core/message/utils/sync/c;'
324268	  Class descriptor  : 'Lcom/larus/im/internal/core/message/utils/sync/MessageSyncLooper;'
324990	  Class descriptor  : 'Lcom/larus/im/internal/core/message/utils/sync/MultiMessageSyncLooper$a;'
325001	  Class descriptor  : 'Lcom/larus/im/internal/core/message/utils/sync/MultiMessageSyncLooper$append$2;'
325509	  Class descriptor  : 'Lcom/larus/im/internal/core/message/utils/sync/MultiMessageSyncLooper$concatMessage$1;'
325585	  Class descriptor  : 'Lcom/larus/im/internal/core/message/utils/sync/MultiMessageSyncLooper$doSync$1;'
325681	  Class descriptor  : 'Lcom/larus/im/internal/core/message/utils/sync/MultiMessageSyncLooper$fallbackQuery$1;'
325771	  Class descriptor  : 'Lcom/larus/im/internal/core/message/utils/sync/MultiMessageSyncLooper$syncNow$1;'
325850	  Class descriptor  : 'Lcom/larus/im/internal/core/message/utils/sync/MultiMessageSyncLooper$updateStatus$1;'
325922	  Class descriptor  : 'Lcom/larus/im/internal/core/message/utils/sync/MultiMessageSyncLooper;'
328361	  Class descriptor  : 'Lcom/larus/im/internal/core/message/utils/sync/a;'
328430	  Class descriptor  : 'Lcom/larus/im/internal/core/message/utils/sync/b;'
328514	  Class descriptor  : 'Lcom/larus/im/internal/core/message/utils/sync/c$a;'
328580	  Class descriptor  : 'Lcom/larus/im/internal/core/message/v;'
328801	  Class descriptor  : 'Lcom/larus/im/internal/core/message/w;'
329158	  Class descriptor  : 'Lcom/larus/im/internal/core/message/y;'
329225	  Class descriptor  : 'Lcom/larus/im/internal/core/project/receiver/ProjectDispatcher$notifyChange$1;'
329437	  Class descriptor  : 'Lcom/larus/im/internal/core/project/receiver/ProjectDispatcher$notifyProjectChange$1;'
329676	  Class descriptor  : 'Lcom/larus/im/internal/jni/observer/OmniProjectObserver;'
329694	  Class descriptor  : 'Lcom/larus/im/internal/core/project/receiver/a$a;'
329767	  Class descriptor  : 'Lcom/larus/im/internal/core/project/receiver/a;'
329869	  Class descriptor  : 'Lcom/larus/im/internal/core/thread/receiver/ThreadDispatcher$notifyChange$1;'
330084	  Class descriptor  : 'Lcom/larus/im/internal/core/thread/receiver/ThreadDispatcher$notifyReplace$1;'
330333	  Class descriptor  : 'Lcom/larus/im/internal/jni/observer/OmniThreadObserver;'
330357	  Class descriptor  : 'Lcom/larus/im/internal/core/thread/receiver/a$a;'
330519	  Class descriptor  : 'Lcom/larus/im/internal/core/thread/receiver/a;'
330594	  Class descriptor  : 'Lcom/larus/im/internal/d;'
330655	  Class descriptor  : 'Lcom/larus/im/internal/database/IMDatabaseKt$withTransactionAB$2;'
330825	  Class descriptor  : 'Lcom/larus/im/internal/database/a;'
330879	  Class descriptor  : 'Lcom/larus/im/internal/database/b$a;'
331382	  Class descriptor  : 'Lcom/larus/im/internal/database/b;'
331444	  Class descriptor  : 'Lcom/larus/im/internal/database/c;'
331508	  Class descriptor  : 'Lcom/larus/im/internal/database/d;'
331600	  Class descriptor  : 'Lcom/larus/im/internal/database/dao/BotDao;'
331653	  Class descriptor  : 'Lcom/larus/im/internal/database/dao/ConversationDao;'
331874	  Class descriptor  : 'Lcom/larus/im/internal/database/dao/DBIndexDAO;'
331915	  Class descriptor  : 'Lcom/larus/im/internal/database/dao/MessageDao;'
332352	  Class descriptor  : 'Lcom/larus/im/internal/database/dao/ParticipantDao;'
332411	  Class descriptor  : 'Lcom/larus/im/internal/database/delegate/BotDaoSource$a;'
332519	  Class descriptor  : 'Lcom/larus/im/internal/database/delegate/BotDaoSource$deleteBotById$2;'
332682	  Class descriptor  : 'Lcom/larus/im/internal/database/delegate/BotDaoSource$getBotByConversationId$2;'
332852	  Class descriptor  : 'Lcom/larus/im/internal/database/delegate/BotDaoSource$getBotById$2;'
333009	  Class descriptor  : 'Lcom/larus/im/internal/database/delegate/BotDaoSource$getBotsByIds$2;'
333175	  Class descriptor  : 'Lcom/larus/im/internal/database/delegate/BotDaoSource$getMainBot$2;'
333323	  Class descriptor  : 'Lcom/larus/im/internal/database/delegate/BotDaoSource$insertBot$2;'
333482	  Class descriptor  : 'Lcom/larus/im/internal/database/delegate/BotDaoSource$tryUpdateNew$1;'
333576	  Class descriptor  : 'Lcom/larus/im/internal/database/delegate/BotDaoSource$tryUpdateNew$2;'
335154	  Class descriptor  : 'Lcom/larus/im/internal/database/delegate/BotDaoSource$updateBot$1;'
335222	  Class descriptor  : 'Ljc9/a;'
335272	  Class descriptor  : 'Lcom/larus/im/internal/database/delegate/BotDaoSource;'
335966	  Class descriptor  : 'Lcom/larus/im/internal/database/delegate/ConversationDaoSource$a;'
336074	  Class descriptor  : 'Lcom/larus/im/internal/database/delegate/ConversationDaoSource$deleteConversation$2;'
336240	  Class descriptor  : 'Lcom/larus/im/internal/database/delegate/ConversationDaoSource$deleteConversations$2;'
336406	  Class descriptor  : 'Lcom/larus/im/internal/database/delegate/ConversationDaoSource$getAllConversation$2;'
336561	  Class descriptor  : 'Lcom/larus/im/internal/database/delegate/ConversationDaoSource$getAllConversationIds$2;'
336716	  Class descriptor  : 'Lcom/larus/im/internal/database/delegate/ConversationDaoSource$getAllSubConversation$2;'
336865	  Class descriptor  : 'Lcom/larus/im/internal/database/delegate/ConversationDaoSource$getAllSubSimpleCvsList$2;'
337020	  Class descriptor  : 'Lcom/larus/im/internal/database/delegate/ConversationDaoSource$getAllVisibleBotCvsIds$2;'
337175	  Class descriptor  : 'Lcom/larus/im/internal/database/delegate/ConversationDaoSource$getConversationByBotId$2;'
337348	  Class descriptor  : 'Lcom/larus/im/internal/database/delegate/ConversationDaoSource$getConversationById$2;'
337515	  Class descriptor  : 'Lcom/larus/im/internal/database/delegate/ConversationDaoSource$getConversationListByIdsWithAuth$1;'
337579	  Class descriptor  : 'Lcom/larus/im/internal/database/delegate/ConversationDaoSource$getConversationListByIdsWithAuth$2;'
337737	  Class descriptor  : 'Lcom/larus/im/internal/database/delegate/ConversationDaoSource$getConversationsByConversationIds$1;'
337801	  Class descriptor  : 'Lcom/larus/im/internal/database/delegate/ConversationDaoSource$getConversationsByConversationIds$2;'
337959	  Class descriptor  : 'Lcom/larus/im/internal/database/delegate/ConversationDaoSource$getCursor$2;'
338126	  Class descriptor  : 'Lcom/larus/im/internal/database/delegate/ConversationDaoSource$getLocalCvsIdsWithLimit$2;'
338290	  Class descriptor  : 'Lcom/larus/im/internal/database/delegate/ConversationDaoSource$getMainConversation$2;'
338449	  Class descriptor  : 'Lcom/larus/im/internal/database/delegate/ConversationDaoSource$getMainConversationV2$2;'
338598	  Class descriptor  : 'Lcom/larus/im/internal/database/delegate/ConversationDaoSource$getNonPinConversationWithLimit$2;'
338771	  Class descriptor  : 'Lcom/larus/im/internal/database/delegate/ConversationDaoSource$getNonPinConversationWithLimitByArchiveStatus$2;'
338955	  Class descriptor  : 'Lcom/larus/im/internal/database/delegate/ConversationDaoSource$getPinConversationWithLimit$2;'
339128	  Class descriptor  : 'Lcom/larus/im/internal/database/delegate/ConversationDaoSource$getPinConversationWithLimitByArchiveStatus$2;'
339312	  Class descriptor  : 'Lcom/larus/im/internal/database/delegate/ConversationDaoSource$getSimpleCvsListWithLimit$2;'
339476	  Class descriptor  : 'Lcom/larus/im/internal/database/delegate/ConversationDaoSource$getSortedConversations$2;'
339625	  Class descriptor  : 'Lcom/larus/im/internal/database/delegate/ConversationDaoSource$getSortedConversationsWithLimit$2;'
339789	  Class descriptor  : 'Lcom/larus/im/internal/database/delegate/ConversationDaoSource$getSortedConversationsWithLimitByArchiveStatus$2;'
339962	  Class descriptor  : 'Lcom/larus/im/internal/database/delegate/ConversationDaoSource$insertConversation$2;'
340129	  Class descriptor  : 'Lcom/larus/im/internal/database/delegate/ConversationDaoSource$searchConversationByFts$2;'
340324	  Class descriptor  : 'Lcom/larus/im/internal/database/delegate/ConversationDaoSource$searchConversationByLike$2;'
340519	  Class descriptor  : 'Lcom/larus/im/internal/database/delegate/ConversationDaoSource$tryUpdateNew$1;'
340613	  Class descriptor  : 'Lcom/larus/im/internal/database/delegate/ConversationDaoSource$tryUpdateNew$2;'
341672	  Class descriptor  : 'Lcom/larus/im/internal/database/delegate/ConversationDaoSource$updateBadgeCount$2;'
341891	  Class descriptor  : 'Lcom/larus/im/internal/database/delegate/ConversationDaoSource$updateBriefMsgLocalId$2;'
342066	  Class descriptor  : 'Lcom/larus/im/internal/database/delegate/ConversationDaoSource$updateConversation$1;'
342142	  Class descriptor  : 'Lcom/larus/im/internal/database/delegate/ConversationDaoSource$updateCursor$2;'
342317	  Class descriptor  : 'Lcom/larus/im/internal/database/delegate/ConversationDaoSource$updateLatestMessageIndex$2;'
342492	  Class descriptor  : 'Lcom/larus/im/internal/database/delegate/ConversationDaoSource$updateName$2;'
342667	  Class descriptor  : 'Lcom/larus/im/internal/database/delegate/ConversationDaoSource$updateTtsEnable$2;'
342842	  Class descriptor  : 'Ljc9/b;'
342958	  Class descriptor  : 'Lcom/larus/im/internal/database/delegate/ConversationDaoSource;'
344907	  Class descriptor  : 'Lcom/larus/im/internal/database/delegate/DbIndexDaoSource$a;'
345015	  Class descriptor  : 'Lcom/larus/im/internal/database/delegate/DbIndexDaoSource$createCompositeIndex$2;'
345196	  Class descriptor  : 'Lcom/larus/im/internal/database/delegate/DbIndexDaoSource$createSingleIndex$2;'
345377	  Class descriptor  : 'Lcom/larus/im/internal/database/delegate/DbIndexDaoSource$dropIndex$2;'
345540	  Class descriptor  : 'Lcom/larus/im/internal/database/delegate/DbIndexDaoSource$getIndexesForTable$2;'
345697	  Class descriptor  : 'Lcom/larus/im/internal/database/delegate/DbIndexDaoSource$isIndexExists$2;'
345860	  Class descriptor  : 'Ljc9/c;'
345922	  Class descriptor  : 'Lcom/larus/im/internal/database/delegate/DbIndexDaoSource;'
346157	  Class descriptor  : 'Lcom/larus/im/internal/database/delegate/MessageDaoSource$a;'
346265	  Class descriptor  : 'Lcom/larus/im/internal/database/delegate/MessageDaoSource$deleteAllMessage$2;'
346414	  Class descriptor  : 'Lcom/larus/im/internal/database/delegate/MessageDaoSource$deleteAllMessageBySenderId$2;'
346580	  Class descriptor  : 'Lcom/larus/im/internal/database/delegate/MessageDaoSource$deleteMessageByConversationId$2;'
346746	  Class descriptor  : 'Lcom/larus/im/internal/database/delegate/MessageDaoSource$deleteMessageByConversationId$4;'
346921	  Class descriptor  : 'Lcom/larus/im/internal/database/delegate/MessageDaoSource$deleteMessageByCvsIdAndMsgIdMatcher$2;'
347096	  Class descriptor  : 'Lcom/larus/im/internal/database/delegate/MessageDaoSource$deleteMessageByCvsIds$2;'
347262	  Class descriptor  : 'Lcom/larus/im/internal/database/delegate/MessageDaoSource$deleteMessageByLocalMessageId$2;'
347428	  Class descriptor  : 'Lcom/larus/im/internal/database/delegate/MessageDaoSource$deleteMessageByLocalMessageIdList$2;'
347594	  Class descriptor  : 'Lcom/larus/im/internal/database/delegate/MessageDaoSource$deleteMessageListByMaxIndex$2;'
347769	  Class descriptor  : 'Lcom/larus/im/internal/database/delegate/MessageDaoSource$deleteOlderMessage$2;'
347936	  Class descriptor  : 'Lcom/larus/im/internal/database/delegate/MessageDaoSource$doUpdate$1;'
348012	  Class descriptor  : 'Lcom/larus/im/internal/database/delegate/MessageDaoSource$findMessageIfExist$2;'
348272	  Class descriptor  : 'Lcom/larus/im/internal/database/delegate/MessageDaoSource$getAllMessageCount$2;'
348430	  Class descriptor  : 'Lcom/larus/im/internal/database/delegate/MessageDaoSource$getLastCreateTime$2;'
348588	  Class descriptor  : 'Lcom/larus/im/internal/database/delegate/MessageDaoSource$getLastLocalIndexByCvsId$2;'
348755	  Class descriptor  : 'Lcom/larus/im/internal/database/delegate/MessageDaoSource$getLastLocalMessage$2;'
348913	  Class descriptor  : 'Lcom/larus/im/internal/database/delegate/MessageDaoSource$getLastLocalMessageId$2;'
349071	  Class descriptor  : 'Lcom/larus/im/internal/database/delegate/MessageDaoSource$getLastServerIndexByCvsId$2;'
349238	  Class descriptor  : 'Lcom/larus/im/internal/database/delegate/MessageDaoSource$getLatestVisibleMessageList$2;'
349411	  Class descriptor  : 'Lcom/larus/im/internal/database/delegate/MessageDaoSource$getLocalOnboardingIds$2;'
349575	  Class descriptor  : 'Lcom/larus/im/internal/database/delegate/MessageDaoSource$getMaxServerIndexByCvsId$2;'
349742	  Class descriptor  : 'Lcom/larus/im/internal/database/delegate/MessageDaoSource$getMessageById$2;'
349900	  Class descriptor  : 'Lcom/larus/im/internal/database/delegate/MessageDaoSource$getMessageByIdOrLocalId$2;'
350058	  Class descriptor  : 'Lcom/larus/im/internal/database/delegate/MessageDaoSource$getMessageByLocalId$2;'
350216	  Class descriptor  : 'Lcom/larus/im/internal/database/delegate/MessageDaoSource$getMessageByLocalIdOrMsgId$2;'
350383	  Class descriptor  : 'Lcom/larus/im/internal/database/delegate/MessageDaoSource$getMessageByMatcherCvsId$2;'
350556	  Class descriptor  : 'Lcom/larus/im/internal/database/delegate/MessageDaoSource$getMessageByStatus$2;'
350720	  Class descriptor  : 'Lcom/larus/im/internal/database/delegate/MessageDaoSource$getMessageCountByConversationId$2;'
350887	  Class descriptor  : 'Lcom/larus/im/internal/database/delegate/MessageDaoSource$getMessageLessThanTarCreateTime$2;'
351065	  Class descriptor  : 'Lcom/larus/im/internal/database/delegate/MessageDaoSource$getMessageListByCollectionId$2;'
351238	  Class descriptor  : 'Lcom/larus/im/internal/database/delegate/MessageDaoSource$getMessageListByIdsOrLocalIds$2;'
351417	  Class descriptor  : 'Lcom/larus/im/internal/database/delegate/MessageDaoSource$getMessageListByIndexRange$2;'
351609	  Class descriptor  : 'Lcom/larus/im/internal/database/delegate/MessageDaoSource$getMessageListByMaxIndex$2;'
351788	  Class descriptor  : 'Lcom/larus/im/internal/database/delegate/MessageDaoSource$getMessageListByQuestionId$2$a;'
351899	  Class descriptor  : 'Lcom/larus/im/internal/database/delegate/MessageDaoSource$getMessageListByQuestionId$2;'
352072	  Class descriptor  : 'Lcom/larus/im/internal/database/delegate/MessageDaoSource$getMessageListByReferId$2;'
352236	  Class descriptor  : 'Lcom/larus/im/internal/database/delegate/MessageDaoSource$getMessageListBySectionId$2;'
352409	  Class descriptor  : 'Lcom/larus/im/internal/database/delegate/MessageDaoSource$getMessagesByCvsId$2;'
352588	  Class descriptor  : 'Lcom/larus/im/internal/database/delegate/MessageDaoSource$getMessagesByLocalMessageIds$2;'
352758	  Class descriptor  : 'Lcom/larus/im/internal/database/delegate/MessageDaoSource$getMessagesByMessageIds$2;'
352928	  Class descriptor  : 'Lcom/larus/im/internal/database/delegate/MessageDaoSource$getOlderMessageListEnsureVisible$2;'
353112	  Class descriptor  : 'Lcom/larus/im/internal/database/delegate/MessageDaoSource$getOldestServerIndexByCvsId$2;'
353279	  Class descriptor  : 'Lcom/larus/im/internal/database/delegate/MessageDaoSource$getSendMessageListByLocalIndex$2;'
353452	  Class descriptor  : 'Lcom/larus/im/internal/database/delegate/MessageDaoSource$getSendSuccessImageMessageList$2;'
353616	  Class descriptor  : 'Lcom/larus/im/internal/database/delegate/MessageDaoSource$getSendingMessageList$2;'
353780	  Class descriptor  : 'Lcom/larus/im/internal/database/delegate/MessageDaoSource$getThreadMessageListByQuestionId$2;'
353953	  Class descriptor  : 'Lcom/larus/im/internal/database/delegate/MessageDaoSource$getTypeMessageByStatus$2;'
354126	  Class descriptor  : 'Lcom/larus/im/internal/database/delegate/MessageDaoSource$getVisibleMessageListById$2;'
354290	  Class descriptor  : 'Lcom/larus/im/internal/database/delegate/MessageDaoSource$insertAllMessages$3;'
354448	  Class descriptor  : 'Lcom/larus/im/internal/database/delegate/MessageDaoSource$insertMessage$2;'
354606	  Class descriptor  : 'Lcom/larus/im/internal/database/delegate/MessageDaoSource$searchMsgByFts$2;'
354822	  Class descriptor  : 'Lcom/larus/im/internal/database/delegate/MessageDaoSource$searchMsgByLike$2;'
355038	  Class descriptor  : 'Lcom/larus/im/internal/database/delegate/MessageDaoSource$tryUpdateNew$1;'
355132	  Class descriptor  : 'Lcom/larus/im/internal/database/delegate/MessageDaoSource$tryUpdateNew$2;'
356096	  Class descriptor  : 'Lcom/larus/im/internal/database/delegate/MessageDaoSource$updateBrief$2;'
356271	  Class descriptor  : 'Lcom/larus/im/internal/database/delegate/MessageDaoSource$updateConversationId$2;'
356446	  Class descriptor  : 'Lcom/larus/im/internal/database/delegate/MessageDaoSource$updateExt$2;'
356621	  Class descriptor  : 'Lcom/larus/im/internal/database/delegate/MessageDaoSource$updateFeedback$2;'
356796	  Class descriptor  : 'Lcom/larus/im/internal/database/delegate/MessageDaoSource$updateFtsContent$2;'
356971	  Class descriptor  : 'Lcom/larus/im/internal/database/delegate/MessageDaoSource$updateImageDataPath$2;'
357146	  Class descriptor  : 'Lcom/larus/im/internal/database/delegate/MessageDaoSource$updateImageUploadStatus$2;'
357321	  Class descriptor  : 'Lcom/larus/im/internal/database/delegate/MessageDaoSource$updateLocalIndex$2;'
357496	  Class descriptor  : 'Lcom/larus/im/internal/database/delegate/MessageDaoSource$updateLocalStatus$2;'
357671	  Class descriptor  : 'Lcom/larus/im/internal/database/delegate/MessageDaoSource$updateMessageId$2;'
357846	  Class descriptor  : 'Lcom/larus/im/internal/database/delegate/MessageDaoSource$updateRefInfo$2;'
358021	  Class descriptor  : 'Lcom/larus/im/internal/database/delegate/MessageDaoSource$updateRegenIndex$2;'
358196	  Class descriptor  : 'Lcom/larus/im/internal/database/delegate/MessageDaoSource$updateRegenMessageList$2;'
358371	  Class descriptor  : 'Lcom/larus/im/internal/database/delegate/MessageDaoSource$updateRegenRootId$2;'
358546	  Class descriptor  : 'Lcom/larus/im/internal/database/delegate/MessageDaoSource$updateRegenStatus$2;'
358721	  Class descriptor  : 'Lcom/larus/im/internal/database/delegate/MessageDaoSource$updateRegenVisible$2;'
358896	  Class descriptor  : 'Lcom/larus/im/internal/database/delegate/MessageDaoSource$updateSectionId$2;'
359071	  Class descriptor  : 'Lcom/larus/im/internal/database/delegate/MessageDaoSource$updateSender$2;'
359246	  Class descriptor  : 'Lcom/larus/im/internal/database/delegate/MessageDaoSource$updateServerStatus$2;'
359421	  Class descriptor  : 'Lcom/larus/im/internal/database/delegate/MessageDaoSource$updateSourceFromAsr$2;'
359596	  Class descriptor  : 'Lcom/larus/im/internal/database/delegate/MessageDaoSource$updateSuggestQuestions$2;'
359771	  Class descriptor  : 'Ljc9/d;'
359875	  Class descriptor  : 'Lcom/larus/im/internal/database/delegate/MessageDaoSource;'
364089	  Class descriptor  : 'Lcom/larus/im/internal/database/delegate/ParticipantDaoSource$a;'
364197	  Class descriptor  : 'Lcom/larus/im/internal/database/delegate/ParticipantDaoSource$deleteParticipantsByConversationId$2;'
364366	  Class descriptor  : 'Lcom/larus/im/internal/database/delegate/ParticipantDaoSource$deleteParticipantsByCvsIds$2;'
364535	  Class descriptor  : 'Lcom/larus/im/internal/database/delegate/ParticipantDaoSource$getAllParticipantByConversationId$2;'
364708	  Class descriptor  : 'Lcom/larus/im/internal/database/delegate/ParticipantDaoSource$getParticipantById$2;'
364878	  Class descriptor  : 'Lcom/larus/im/internal/database/delegate/ParticipantDaoSource$insertAllParticipant$2;'
365039	  Class descriptor  : 'Lcom/larus/im/internal/database/delegate/ParticipantDaoSource$insertParticipant$2;'
365201	  Class descriptor  : 'Lcom/larus/im/internal/database/delegate/ParticipantDaoSource$queryParticipantCountByConversationId$2;'
365379	  Class descriptor  : 'Ljc9/e;'
365441	  Class descriptor  : 'Lcom/larus/im/internal/database/delegate/ParticipantDaoSource;'
365744	  Class descriptor  : 'Lcom/larus/im/internal/database/delegate/ReportDaoSource$getAllBotCount$2;'
365902	  Class descriptor  : 'Lcom/larus/im/internal/database/delegate/ReportDaoSource$getAllCvsCount$2;'
366060	  Class descriptor  : 'Lcom/larus/im/internal/database/delegate/ReportDaoSource$getAllMsgCount$2;'
366218	  Class descriptor  : 'Lcom/larus/im/internal/database/delegate/ReportDaoSource$getAllParticipantCount$2;'
366376	  Class descriptor  : 'Lcom/larus/im/internal/database/delegate/ReportDaoSource$getMainCvsMsgCount$2;'
366534	  Class descriptor  : 'Lcom/larus/im/internal/database/delegate/ReportDaoSource$getNewBlockCount$2;'
366692	  Class descriptor  : 'Lcom/larus/im/internal/database/delegate/ReportDaoSource$getOtherMsgCount$1;'
366759	  Class descriptor  : 'Lcom/larus/im/internal/database/delegate/ReportDaoSource$getTotalBlockCount$2;'
366917	  Class descriptor  : 'Ljc9/f;'
366949	  Class descriptor  : 'Lcom/larus/im/internal/database/delegate/ReportDaoSource;'
367500	  Class descriptor  : 'Lcom/larus/im/internal/database/delegate/a0;'
367592	  Class descriptor  : 'Lcom/larus/im/internal/database/delegate/a1;'
367666	  Class descriptor  : 'Lcom/larus/im/internal/database/delegate/a2;'
367758	  Class descriptor  : 'Lcom/larus/im/internal/database/delegate/a3;'
367840	  Class descriptor  : 'Lcom/larus/im/internal/database/delegate/a;'
367908	  Class descriptor  : 'Lcom/larus/im/internal/database/delegate/b0;'
368020	  Class descriptor  : 'Lcom/larus/im/internal/database/delegate/b1;'
368096	  Class descriptor  : 'Lcom/larus/im/internal/database/delegate/b2;'
368243	  Class descriptor  : 'Lcom/larus/im/internal/database/delegate/b3;'
368325	  Class descriptor  : 'Lcom/larus/im/internal/database/delegate/b;'
368394	  Class descriptor  : 'Lcom/larus/im/internal/database/delegate/c0;'
368468	  Class descriptor  : 'Lcom/larus/im/internal/database/delegate/c1;'
368536	  Class descriptor  : 'Lcom/larus/im/internal/database/delegate/c2;'
368612	  Class descriptor  : 'Lcom/larus/im/internal/database/delegate/c3;'
368694	  Class descriptor  : 'Lcom/larus/im/internal/database/delegate/c;'
368768	  Class descriptor  : 'Lcom/larus/im/internal/database/delegate/d0;'
368860	  Class descriptor  : 'Lcom/larus/im/internal/database/delegate/d1;'
368934	  Class descriptor  : 'Lcom/larus/im/internal/database/delegate/d2;'
369011	  Class descriptor  : 'Lcom/larus/im/internal/database/delegate/d3;'
369437	  Class descriptor  : 'Lcom/larus/im/internal/database/delegate/d;'
369511	  Class descriptor  : 'Lcom/larus/im/internal/database/delegate/e0;'
369603	  Class descriptor  : 'Lcom/larus/im/internal/database/delegate/e1;'
369671	  Class descriptor  : 'Lcom/larus/im/internal/database/delegate/e2;'
369740	  Class descriptor  : 'Lcom/larus/im/internal/database/delegate/e3;'
369814	  Class descriptor  : 'Lcom/larus/im/internal/database/delegate/e;'
369982	  Class descriptor  : 'Lcom/larus/im/internal/database/delegate/f0;'
370099	  Class descriptor  : 'Lcom/larus/im/internal/database/delegate/f1;'
370182	  Class descriptor  : 'Lcom/larus/im/internal/database/delegate/f2;'
370251	  Class descriptor  : 'Lcom/larus/im/internal/database/delegate/f3;'
370325	  Class descriptor  : 'Lcom/larus/im/internal/database/delegate/f;'
370417	  Class descriptor  : 'Lcom/larus/im/internal/database/delegate/g0;'
370499	  Class descriptor  : 'Lcom/larus/im/internal/database/delegate/g1;'
370567	  Class descriptor  : 'Lcom/larus/im/internal/database/delegate/g2;'
370757	  Class descriptor  : 'Lcom/larus/im/internal/database/delegate/g3;'
370825	  Class descriptor  : 'Lcom/larus/im/internal/database/delegate/g;'
370948	  Class descriptor  : 'Lcom/larus/im/internal/database/delegate/h0;'
371071	  Class descriptor  : 'Lcom/larus/im/internal/database/delegate/h1;'
371254	  Class descriptor  : 'Lcom/larus/im/internal/database/delegate/h2;'
371444	  Class descriptor  : 'Lcom/larus/im/internal/database/delegate/h3;'
371520	  Class descriptor  : 'Lcom/larus/im/internal/database/delegate/h;'
371580	  Class descriptor  : 'Lcom/larus/im/internal/database/delegate/i0;'
371662	  Class descriptor  : 'Lcom/larus/im/internal/database/delegate/i1;'
371744	  Class descriptor  : 'Lcom/larus/im/internal/database/delegate/i2;'
371826	  Class descriptor  : 'Lcom/larus/im/internal/database/delegate/i3;'
371895	  Class descriptor  : 'Lcom/larus/im/internal/database/delegate/i;'
371964	  Class descriptor  : 'Lcom/larus/im/internal/database/delegate/j0;'
372046	  Class descriptor  : 'Lcom/larus/im/internal/database/delegate/j1;'
372114	  Class descriptor  : 'Lcom/larus/im/internal/database/delegate/j2;'
372196	  Class descriptor  : 'Lcom/larus/im/internal/database/delegate/j3;'
372265	  Class descriptor  : 'Lcom/larus/im/internal/database/delegate/j;'
372325	  Class descriptor  : 'Lcom/larus/im/internal/database/delegate/k0;'
372407	  Class descriptor  : 'Lcom/larus/im/internal/database/delegate/k1;'
372481	  Class descriptor  : 'Lcom/larus/im/internal/database/delegate/k2;'
372563	  Class descriptor  : 'Lcom/larus/im/internal/database/delegate/k3;'
372645	  Class descriptor  : 'Lcom/larus/im/internal/database/delegate/k;'
372747	  Class descriptor  : 'Lcom/larus/im/internal/database/delegate/l0;'
372813	  Class descriptor  : 'Lcom/larus/im/internal/database/delegate/l1;'
372897	  Class descriptor  : 'Lcom/larus/im/internal/database/delegate/l2;'
372979	  Class descriptor  : 'Lcom/larus/im/internal/database/delegate/l3;'
373088	  Class descriptor  : 'Lcom/larus/im/internal/database/delegate/l;'
373259	  Class descriptor  : 'Lcom/larus/im/internal/database/delegate/m0;'
373333	  Class descriptor  : 'Lcom/larus/im/internal/database/delegate/m1;'
373409	  Class descriptor  : 'Lcom/larus/im/internal/database/delegate/m2;'
373491	  Class descriptor  : 'Lcom/larus/im/internal/database/delegate/m3;'
373600	  Class descriptor  : 'Lcom/larus/im/internal/database/delegate/m;'
373668	  Class descriptor  : 'Lcom/larus/im/internal/database/delegate/n0;'
373742	  Class descriptor  : 'Lcom/larus/im/internal/database/delegate/n1;'
373818	  Class descriptor  : 'Lcom/larus/im/internal/database/delegate/n2;'
373900	  Class descriptor  : 'Lcom/larus/im/internal/database/delegate/n3;'
373993	  Class descriptor  : 'Lcom/larus/im/internal/database/delegate/n;'
374061	  Class descriptor  : 'Lcom/larus/im/internal/database/delegate/o0;'
374143	  Class descriptor  : 'Lcom/larus/im/internal/database/delegate/o1;'
374227	  Class descriptor  : 'Lcom/larus/im/internal/database/delegate/o2;'
374309	  Class descriptor  : 'Lcom/larus/im/internal/database/delegate/o3;'
374418	  Class descriptor  : 'Lcom/larus/im/internal/database/delegate/o;'
374501	  Class descriptor  : 'Lcom/larus/im/internal/database/delegate/p0;'
374583	  Class descriptor  : 'Lcom/larus/im/internal/database/delegate/p1;'
374659	  Class descriptor  : 'Lcom/larus/im/internal/database/delegate/p2;'
374741	  Class descriptor  : 'Lcom/larus/im/internal/database/delegate/p3;'
374881	  Class descriptor  : 'Lcom/larus/im/internal/database/delegate/p;'
374985	  Class descriptor  : 'Lcom/larus/im/internal/database/delegate/q0;'
375059	  Class descriptor  : 'Lcom/larus/im/internal/database/delegate/q1;'
375251	  Class descriptor  : 'Lcom/larus/im/internal/database/delegate/q2;'
375333	  Class descriptor  : 'Lcom/larus/im/internal/database/delegate/q3;'
375426	  Class descriptor  : 'Lcom/larus/im/internal/database/delegate/q;'
375549	  Class descriptor  : 'Lcom/larus/im/internal/database/delegate/r0;'
375660	  Class descriptor  : 'Lcom/larus/im/internal/database/delegate/r1;'
375728	  Class descriptor  : 'Lcom/larus/im/internal/database/delegate/r2;'
375810	  Class descriptor  : 'Lcom/larus/im/internal/database/delegate/r3;'
375903	  Class descriptor  : 'Lcom/larus/im/internal/database/delegate/r;'
376036	  Class descriptor  : 'Lcom/larus/im/internal/database/delegate/s0;'
376110	  Class descriptor  : 'Lcom/larus/im/internal/database/delegate/s1;'
376195	  Class descriptor  : 'Lcom/larus/im/internal/database/delegate/s2;'
376277	  Class descriptor  : 'Lcom/larus/im/internal/database/delegate/s;'
376411	  Class descriptor  : 'Lcom/larus/im/internal/database/delegate/t0;'
376493	  Class descriptor  : 'Lcom/larus/im/internal/database/delegate/t1;'
376598	  Class descriptor  : 'Lcom/larus/im/internal/database/delegate/t2;'
376680	  Class descriptor  : 'Lcom/larus/im/internal/database/delegate/t;'
376822	  Class descriptor  : 'Lcom/larus/im/internal/database/delegate/u0;'
376904	  Class descriptor  : 'Lcom/larus/im/internal/database/delegate/u1;'
376972	  Class descriptor  : 'Lcom/larus/im/internal/database/delegate/u2;'
377054	  Class descriptor  : 'Lcom/larus/im/internal/database/delegate/u;'
377188	  Class descriptor  : 'Lcom/larus/im/internal/database/delegate/v0;'
377254	  Class descriptor  : 'Lcom/larus/im/internal/database/delegate/v1;'
377322	  Class descriptor  : 'Lcom/larus/im/internal/database/delegate/v2;'
377404	  Class descriptor  : 'Lcom/larus/im/internal/database/delegate/v;'
377546	  Class descriptor  : 'Lcom/larus/im/internal/database/delegate/w0;'
377620	  Class descriptor  : 'Lcom/larus/im/internal/database/delegate/w1;'
377704	  Class descriptor  : 'Lcom/larus/im/internal/database/delegate/w2;'
377786	  Class descriptor  : 'Lcom/larus/im/internal/database/delegate/w;'
377863	  Class descriptor  : 'Lcom/larus/im/internal/database/delegate/x0;'
377937	  Class descriptor  : 'Lcom/larus/im/internal/database/delegate/x1;'
378011	  Class descriptor  : 'Lcom/larus/im/internal/database/delegate/x2;'
378093	  Class descriptor  : 'Lcom/larus/im/internal/database/delegate/x;'
378279	  Class descriptor  : 'Lcom/larus/im/internal/database/delegate/y0;'
378349	  Class descriptor  : 'Lcom/larus/im/internal/database/delegate/y1;'
378449	  Class descriptor  : 'Lcom/larus/im/internal/database/delegate/y2;'
378531	  Class descriptor  : 'Lcom/larus/im/internal/database/delegate/y;'
378623	  Class descriptor  : 'Lcom/larus/im/internal/database/delegate/z0;'
378693	  Class descriptor  : 'Lcom/larus/im/internal/database/delegate/z1;'
378761	  Class descriptor  : 'Lcom/larus/im/internal/database/delegate/z2;'
378843	  Class descriptor  : 'Lcom/larus/im/internal/database/delegate/z;'
379012	  Class descriptor  : 'Lcom/larus/im/internal/database/entity/BotEntity$a;'
385879	  Class descriptor  : 'Lcom/larus/im/internal/database/entity/BotEntity$b;'
385926	  Class descriptor  : 'Lcom/larus/im/internal/database/entity/BotEntity;'
396742	  Class descriptor  : 'Lcom/larus/im/internal/database/entity/ConversationEntity$a;'
401211	  Class descriptor  : 'Lcom/larus/im/internal/database/entity/ConversationEntity$b;'
401258	  Class descriptor  : 'Lcom/larus/im/internal/database/entity/ConversationEntity;'
407629	  Class descriptor  : 'Lcom/larus/im/internal/database/entity/ConversationFtsEntity$a;'
408194	  Class descriptor  : 'Lcom/larus/im/internal/database/entity/ConversationFtsEntity$b;'
408241	  Class descriptor  : 'Lcom/larus/im/internal/database/entity/ConversationFtsEntity;'
409049	  Class descriptor  : 'Lcom/larus/im/internal/database/entity/InsertRefMsgOption$a;'
409367	  Class descriptor  : 'Lcom/larus/im/internal/database/entity/InsertRefMsgOption$b;'
409414	  Class descriptor  : 'Lcom/larus/im/internal/database/entity/InsertRefMsgOption;'
409786	  Class descriptor  : 'Lcom/larus/im/internal/database/entity/MessageEntity$a;'
414182	  Class descriptor  : 'Lcom/larus/im/internal/database/entity/MessageEntity$b;'
414229	  Class descriptor  : 'Lcom/larus/im/internal/database/entity/MessageEntity;'
421420	  Class descriptor  : 'Lcom/larus/im/internal/database/entity/MessageFtsEntity$a;'
421994	  Class descriptor  : 'Lcom/larus/im/internal/database/entity/MessageFtsEntity$b;'
422041	  Class descriptor  : 'Lcom/larus/im/internal/database/entity/MessageFtsEntity;'
422930	  Class descriptor  : 'Lcom/larus/im/internal/database/entity/ParticipantEntity$a;'
424074	  Class descriptor  : 'Lcom/larus/im/internal/database/entity/ParticipantEntity$b;'
424121	  Class descriptor  : 'Lcom/larus/im/internal/database/entity/ParticipantEntity;'
426316	  Class descriptor  : 'Lcom/larus/im/internal/database/entity/simple/ConversationSimpleEntity;'
427006	  Class descriptor  : 'Lcom/larus/im/internal/database/mock/MockMessageDaoSource$changeMainCvsMsgCount$1;'
427449	  Class descriptor  : 'Lcom/larus/im/internal/database/mock/MockMessageDaoSource$changeOtherCvsMsgCount$1;'
427966	  Class descriptor  : 'Lcom/larus/im/internal/database/mock/MockMessageDaoSource$clearAllMessage$1;'
428387	  Class descriptor  : 'Lcom/larus/im/internal/database/mock/MockMessageDaoSource$clearMockMessage$1;'
428922	  Class descriptor  : 'Lcom/larus/im/internal/database/mock/MockMessageDaoSource$deleteMainMessage$1;'
428994	  Class descriptor  : 'Lcom/larus/im/internal/database/mock/MockMessageDaoSource$deleteOtherMessages$1;'
429078	  Class descriptor  : 'Lcom/larus/im/internal/database/mock/MockMessageDaoSource$getMainCvsMsgCount$1;'
429280	  Class descriptor  : 'Lcom/larus/im/internal/database/mock/MockMessageDaoSource$getOtherMsgCount$1;'
429482	  Class descriptor  : 'Lcom/larus/im/internal/database/mock/MockMessageDaoSource$insertMainMessage$1;'
429558	  Class descriptor  : 'Lcom/larus/im/internal/database/mock/MockMessageDaoSource$insertOtherMessages$1;'
429642	  Class descriptor  : 'Lcom/larus/im/internal/database/mock/MockMessageDaoSource$mainCvsId$1;'
429726	  Class descriptor  : 'Lcom/larus/im/internal/database/mock/MockMessageDaoSource;'
432111	  Class descriptor  : 'Lcom/larus/im/internal/database/slowtask/DBSizeMonitorTask$a;'
432191	  Class descriptor  : 'Lcom/larus/im/internal/database/slowtask/DBSizeMonitorTask$b$a;'
433286	  Class descriptor  : 'Lcom/larus/im/internal/database/slowtask/DBSizeMonitorTask$b$b;'
433333	  Class descriptor  : 'Lcom/larus/im/internal/database/slowtask/DBSizeMonitorTask$b;'
433988	  Class descriptor  : 'Lcom/larus/im/internal/database/slowtask/DBSizeMonitorTask$collectOnce$1;'
434110	  Class descriptor  : 'Lcom/larus/im/internal/database/slowtask/DBSizeMonitorTask$reportOnce$1;'
434196	  Class descriptor  : 'Lcom/larus/im/internal/database/slowtask/DBSizeMonitorTask$run$1;'
434260	  Class descriptor  : 'Lcom/larus/im/internal/database/slowtask/c;'
434289	  Class descriptor  : 'Lcom/larus/im/internal/database/slowtask/DBSizeMonitorTask;'
436175	  Class descriptor  : 'Lcom/larus/im/internal/database/slowtask/DBSlowTaskManager$onChangeIdle$1$1;'
436407	  Class descriptor  : 'Lcom/larus/im/internal/database/slowtask/DBSlowTaskManager$runTasks$1;'
436482	  Class descriptor  : 'Lcom/larus/im/internal/database/slowtask/DBSlowTaskManager$startWhenIdle$1;'
436662	  Class descriptor  : 'Lcom/larus/im/internal/database/utils/f;'
436679	  Class descriptor  : 'Lcom/larus/im/internal/database/slowtask/DBSlowTaskManager;'
437535	  Class descriptor  : 'Lcom/larus/im/internal/database/slowtask/DBTableIndexTask$a;'
437567	  Class descriptor  : 'Lcom/larus/im/internal/database/slowtask/DBTableIndexTask$clearIndex$1;'
437657	  Class descriptor  : 'Lcom/larus/im/internal/database/slowtask/DBTableIndexTask$operateIndex$1;'
437783	  Class descriptor  : 'Lcom/larus/im/internal/database/slowtask/DBTableIndexTask$operateItem$1;'
437893	  Class descriptor  : 'Lcom/larus/im/internal/database/slowtask/DBTableIndexTask;'
439834	  Class descriptor  : 'Lcom/larus/im/internal/database/slowtask/a;'
439955	  Class descriptor  : 'Lcom/larus/im/internal/database/slowtask/b;'
440086	  Class descriptor  : 'Lcom/larus/im/internal/database/slowtask/index/AbsDBIndexOperator$dropAllCustomIndexes$1;'
440166	  Class descriptor  : 'Lcom/larus/im/internal/database/slowtask/index/AbsDBIndexOperator;'
440856	  Class descriptor  : 'Lcom/larus/im/internal/database/slowtask/index/a;'
441077	  Class descriptor  : 'Lcom/larus/im/internal/database/utils/BlankResult;'
441332	  Class descriptor  : 'Lcom/larus/im/internal/database/utils/FtsInitUtils$a;'
441432	  Class descriptor  : 'Lcom/larus/im/internal/database/utils/FtsInitUtils$b;'
441515	  Class descriptor  : 'Lcom/larus/im/internal/database/utils/FtsInitUtils$migrateMessage$1;'
441608	  Class descriptor  : 'Lcom/larus/im/internal/database/utils/FtsInitUtils$startMigrate$1;'
441784	  Class descriptor  : 'Lcom/larus/im/internal/database/utils/FtsInitUtils$startMigrateMessage$1;'
441876	  Class descriptor  : 'Lcom/larus/im/internal/database/utils/FtsInitUtils;'
443318	  Class descriptor  : 'Lcom/larus/im/internal/database/utils/Interval$a;'
443693	  Class descriptor  : 'Lcom/larus/im/internal/database/utils/Interval$b;'
443740	  Class descriptor  : 'Lcom/larus/im/internal/database/utils/Interval;'
444104	  Class descriptor  : 'Lcom/larus/im/internal/database/utils/OmniDatabaseExtKt$mutexMonitor$1$1;'
444355	  Class descriptor  : 'Lcom/larus/im/internal/database/utils/OmniDatabaseExtKt$registerDBIdleListener$1;'
444527	  Class descriptor  : 'Lcom/larus/im/internal/database/utils/OmniDatabaseExtKt$withLock$2$monitorBlock$1;'
444706	  Class descriptor  : 'Lcom/larus/im/internal/database/utils/OmniDatabaseExtKt;'
445296	  Class descriptor  : 'Lcom/larus/im/internal/database/utils/a;'
445369	  Class descriptor  : 'Lcom/larus/im/internal/database/utils/b;'
445448	  Class descriptor  : 'Lcom/larus/im/internal/database/utils/c;'
445527	  Class descriptor  : 'Lcom/larus/im/internal/database/utils/d;'
445606	  Class descriptor  : 'Lcom/larus/im/internal/database/utils/e$a;'
445675	  Class descriptor  : 'Lcom/larus/im/internal/database/utils/e$b;'
445744	  Class descriptor  : 'Lcom/larus/im/internal/database/utils/e;'
446310	  Class descriptor  : 'Lcom/larus/im/internal/database/utils/g;'
449190	  Class descriptor  : 'Lcom/larus/im/internal/database/utils/h;'
449392	  Class descriptor  : 'Lcom/larus/im/internal/database/utils/i;'
450093	  Class descriptor  : 'Lcom/larus/im/internal/database/utils/j;'
450922	  Class descriptor  : 'Lcom/larus/im/internal/database/utils/k;'
452329	  Class descriptor  : 'Lcom/larus/im/internal/database/utils/l;'
452513	  Class descriptor  : 'Lcom/larus/im/internal/database/utils/m;'
452584	  Class descriptor  : 'Lcom/larus/im/internal/database/utils/n;'
452673	  Class descriptor  : 'Lcom/larus/im/internal/database/utils/o;'
452729	  Class descriptor  : 'Lcom/larus/im/internal/delegate/FlowRePullRecentHandler$rePullIfNeed$1;'
453058	  Class descriptor  : 'Lcom/larus/im/internal/delegate/FlowRealtimeDowngradeSettingsHandler$a$a;'
453625	  Class descriptor  : 'Lcom/larus/im/internal/delegate/FlowRealtimeDowngradeSettingsHandler$a$b;'
453672	  Class descriptor  : 'Lcom/larus/im/internal/delegate/FlowRealtimeDowngradeSettingsHandler$a;'
453953	  Class descriptor  : 'Lcom/larus/im/internal/delegate/FlowRealtimeDowngradeSettingsHandler$b$a;'
454417	  Class descriptor  : 'Lcom/larus/im/internal/delegate/FlowRealtimeDowngradeSettingsHandler$b$b;'
454464	  Class descriptor  : 'Lcom/larus/im/internal/delegate/FlowRealtimeDowngradeSettingsHandler$b;'
454705	  Class descriptor  : 'Lcom/larus/im/internal/delegate/FlowRealtimeDowngradeSettingsHandler$c$a;'
455078	  Class descriptor  : 'Lcom/larus/im/internal/delegate/FlowRealtimeDowngradeSettingsHandler$c$b;'
455125	  Class descriptor  : 'Lcom/larus/im/internal/delegate/FlowRealtimeDowngradeSettingsHandler$c;'
455326	  Class descriptor  : 'Lcom/larus/im/internal/delegate/FlowRealtimeDowngradeSettingsHandler$d$a;'
456189	  Class descriptor  : 'Lcom/larus/im/internal/delegate/FlowRealtimeDowngradeSettingsHandler$d$b;'
456236	  Class descriptor  : 'Lcom/larus/im/internal/delegate/FlowRealtimeDowngradeSettingsHandler$d;'
456637	  Class descriptor  : 'Lcom/larus/im/internal/delegate/FlowRealtimeDowngradeSettingsHandler$handle$1;'
456910	  Class descriptor  : 'Lcom/larus/im/internal/delegate/FlowRealtimeDowngradeSettingsHandler;'
457026	  Class descriptor  : 'Lnc9/f;'
457461	  Class descriptor  : 'Lcom/larus/im/internal/delegate/a0$a;'
457523	  Class descriptor  : 'Lcom/larus/im/internal/delegate/a0;'
457598	  Class descriptor  : 'Lcom/larus/im/internal/delegate/a1;'
457653	  Class descriptor  : 'Lcom/larus/im/internal/delegate/a;'
458127	  Class descriptor  : 'Lcom/larus/im/internal/delegate/b0;'
458232	  Class descriptor  : 'Lcom/larus/im/internal/delegate/b1;'
458287	  Class descriptor  : 'Lcom/larus/im/internal/delegate/b;'
458581	  Class descriptor  : 'Lcom/larus/im/internal/delegate/c0;'
458915	  Class descriptor  : 'Lcom/larus/im/internal/delegate/c1;'
459874	  Class descriptor  : 'Lcom/larus/im/internal/delegate/c;'
461055	  Class descriptor  : 'Lcom/larus/im/internal/delegate/d0;'
461189	  Class descriptor  : 'Lcom/larus/im/internal/delegate/d1;'
461462	  Class descriptor  : 'Lcom/larus/im/internal/delegate/d;'
461519	  Class descriptor  : 'Lcom/larus/im/internal/delegate/e0;'
461629	  Class descriptor  : 'Lcom/larus/im/internal/delegate/e;'
461699	  Class descriptor  : 'Lcom/larus/im/internal/delegate/f0;'
461801	  Class descriptor  : 'Lcom/larus/im/internal/delegate/f1;'
461832	  Class descriptor  : 'Lcom/larus/im/internal/delegate/f;'
461902	  Class descriptor  : 'Lcom/larus/im/internal/delegate/g0;'
462004	  Class descriptor  : 'Lcom/larus/im/internal/delegate/g1;'
462208	  Class descriptor  : 'Lcom/larus/im/internal/delegate/g;'
462288	  Class descriptor  : 'Lcom/larus/im/internal/delegate/h0;'
462390	  Class descriptor  : 'Lcom/larus/im/internal/delegate/h1;'
462518	  Class descriptor  : 'Lcom/larus/im/internal/delegate/h;'
462598	  Class descriptor  : 'Lcom/larus/im/internal/delegate/i0;'
462692	  Class descriptor  : 'Lcom/larus/im/internal/delegate/i1;'
462874	  Class descriptor  : 'Lcom/larus/im/internal/delegate/i;'
463152	  Class descriptor  : 'Lcom/larus/im/internal/delegate/j0$a;'
463163	  Class descriptor  : 'Lcom/larus/im/internal/delegate/j0;'
463942	  Class descriptor  : 'Lcom/larus/im/internal/delegate/j;'
464038	  Class descriptor  : 'Lcom/larus/im/internal/delegate/k0;'
464249	  Class descriptor  : 'Lcom/larus/im/internal/delegate/k;'
464342	  Class descriptor  : 'Lcom/larus/im/internal/delegate/l0;'
464399	  Class descriptor  : 'Lcom/larus/im/internal/delegate/l;'
464501	  Class descriptor  : 'Lcom/larus/im/internal/delegate/m0;'
464561	  Class descriptor  : 'Lcom/larus/im/internal/delegate/m;'
464621	  Class descriptor  : 'Lcom/larus/im/internal/delegate/n0;'
464688	  Class descriptor  : 'Lcom/larus/im/internal/delegate/n;'
464748	  Class descriptor  : 'Lcom/larus/im/internal/delegate/o0$a;'
464842	  Class descriptor  : 'Lcom/larus/im/internal/delegate/o0;'
465529	  Class descriptor  : 'Lcom/larus/im/internal/delegate/o;'
465602	  Class descriptor  : 'Lcom/larus/im/internal/delegate/p0;'
465734	  Class descriptor  : 'Lcom/larus/im/internal/delegate/p;'
466014	  Class descriptor  : 'Lcom/larus/im/internal/delegate/q0;'
466045	  Class descriptor  : 'Lcom/larus/im/internal/delegate/q;'
466102	  Class descriptor  : 'Lcom/larus/im/internal/delegate/r0;'
466482	  Class descriptor  : 'Lcom/larus/im/internal/delegate/r;'
466583	  Class descriptor  : 'Lcom/larus/im/internal/delegate/s0;'
466643	  Class descriptor  : 'Lcom/larus/im/internal/delegate/s;'
466795	  Class descriptor  : 'Lcom/larus/im/internal/delegate/t0;'
466855	  Class descriptor  : 'Lcom/larus/im/internal/delegate/t;'
466910	  Class descriptor  : 'Lcom/larus/im/internal/delegate/u0;'
467106	  Class descriptor  : 'Lcom/larus/im/internal/delegate/u;'
467161	  Class descriptor  : 'Lcom/larus/im/internal/delegate/v0;'
467218	  Class descriptor  : 'Lcom/larus/im/internal/delegate/v;'
467289	  Class descriptor  : 'Lcom/larus/im/internal/delegate/w$a$a;'
469861	  Class descriptor  : 'Lcom/larus/im/internal/delegate/w$a$b;'
469908	  Class descriptor  : 'Lcom/larus/im/internal/delegate/w$a;'
471205	  Class descriptor  : 'Lcom/larus/im/internal/delegate/w$b$a;'
472753	  Class descriptor  : 'Lcom/larus/im/internal/delegate/w$b$b;'
472800	  Class descriptor  : 'Lcom/larus/im/internal/delegate/w$b;'
473563	  Class descriptor  : 'Lcom/larus/im/internal/delegate/w$c$a;'
475567	  Class descriptor  : 'Lcom/larus/im/internal/delegate/w$c$b;'
475614	  Class descriptor  : 'Lcom/larus/im/internal/delegate/w$c;'
476583	  Class descriptor  : 'Lcom/larus/im/internal/delegate/w$d$a;'
477175	  Class descriptor  : 'Lcom/larus/im/internal/delegate/w$d$b;'
477222	  Class descriptor  : 'Lcom/larus/im/internal/delegate/w$d;'
477533	  Class descriptor  : 'Lcom/larus/im/internal/delegate/w$e$a;'
478577	  Class descriptor  : 'Lcom/larus/im/internal/delegate/w$e$b;'
478624	  Class descriptor  : 'Lcom/larus/im/internal/delegate/w$e;'
479121	  Class descriptor  : 'Lcom/larus/im/internal/delegate/w$f$a;'
479847	  Class descriptor  : 'Lcom/larus/im/internal/delegate/w$f$b;'
479894	  Class descriptor  : 'Lcom/larus/im/internal/delegate/w$f;'
480320	  Class descriptor  : 'Lcom/larus/im/internal/delegate/w$g$a;'
481097	  Class descriptor  : 'Lcom/larus/im/internal/delegate/w$g$b;'
481144	  Class descriptor  : 'Lcom/larus/im/internal/delegate/w$g;'
481555	  Class descriptor  : 'Lcom/larus/im/internal/delegate/w$h$a;'
481905	  Class descriptor  : 'Lcom/larus/im/internal/delegate/w$h$b;'
481952	  Class descriptor  : 'Lcom/larus/im/internal/delegate/w$h;'
482168	  Class descriptor  : 'Lcom/larus/im/internal/delegate/w$i$a;'
482874	  Class descriptor  : 'Lcom/larus/im/internal/delegate/w$i$b;'
482921	  Class descriptor  : 'Lcom/larus/im/internal/delegate/w$i;'
483316	  Class descriptor  : 'Lcom/larus/im/internal/delegate/w$j$a;'
484170	  Class descriptor  : 'Lcom/larus/im/internal/delegate/w$j$b;'
484217	  Class descriptor  : 'Lcom/larus/im/internal/delegate/w$j;'
484675	  Class descriptor  : 'Lcom/larus/im/internal/delegate/w$k$a;'
485139	  Class descriptor  : 'Lcom/larus/im/internal/delegate/w$k$b;'
485186	  Class descriptor  : 'Lcom/larus/im/internal/delegate/w$k;'
485427	  Class descriptor  : 'Lcom/larus/im/internal/delegate/w$l$a;'
487179	  Class descriptor  : 'Lcom/larus/im/internal/delegate/w$l$b;'
487226	  Class descriptor  : 'Lcom/larus/im/internal/delegate/w$l;'
488127	  Class descriptor  : 'Lcom/larus/im/internal/delegate/w$m$a;'
488550	  Class descriptor  : 'Lcom/larus/im/internal/delegate/w$m$b;'
488597	  Class descriptor  : 'Lcom/larus/im/internal/delegate/w$m;'
488833	  Class descriptor  : 'Lcom/larus/im/internal/delegate/w$n$a;'
489295	  Class descriptor  : 'Lcom/larus/im/internal/delegate/w$n$b;'
489342	  Class descriptor  : 'Lcom/larus/im/internal/delegate/w$n;'
489593	  Class descriptor  : 'Lcom/larus/im/internal/delegate/w$o$a;'
490008	  Class descriptor  : 'Lcom/larus/im/internal/delegate/w$o$b;'
490055	  Class descriptor  : 'Lcom/larus/im/internal/delegate/w$o;'
490307	  Class descriptor  : 'Lcom/larus/im/internal/delegate/w$p$a;'
490812	  Class descriptor  : 'Lcom/larus/im/internal/delegate/w$p$b;'
490859	  Class descriptor  : 'Lcom/larus/im/internal/delegate/w$p;'
491174	  Class descriptor  : 'Lcom/larus/im/internal/delegate/w$q$a;'
492755	  Class descriptor  : 'Lcom/larus/im/internal/delegate/w$q$b;'
492802	  Class descriptor  : 'Lcom/larus/im/internal/delegate/w$q;'
493532	  Class descriptor  : 'Lcom/larus/im/internal/delegate/w$r$a;'
494355	  Class descriptor  : 'Lcom/larus/im/internal/delegate/w$r$b;'
494402	  Class descriptor  : 'Lcom/larus/im/internal/delegate/w$r;'
494822	  Class descriptor  : 'Lcom/larus/im/internal/delegate/w0;'
494890	  Class descriptor  : 'Lcom/larus/im/internal/delegate/w;'
497403	  Class descriptor  : 'Lcom/larus/im/internal/delegate/x0;'
497622	  Class descriptor  : 'Lcom/larus/im/internal/delegate/x;'
497686	  Class descriptor  : 'Lcom/larus/im/internal/delegate/y0$a$a;'
498119	  Class descriptor  : 'Lcom/larus/im/internal/delegate/y0$a$b;'
498166	  Class descriptor  : 'Lcom/larus/im/internal/delegate/y0$a;'
498423	  Class descriptor  : 'Lcom/larus/im/internal/delegate/y0$b$a;'
499993	  Class descriptor  : 'Lcom/larus/im/internal/delegate/y0$b$b;'
500040	  Class descriptor  : 'Lcom/larus/im/internal/delegate/y0$b;'
500847	  Class descriptor  : 'Lcom/larus/im/internal/delegate/y0$c$a;'
501233	  Class descriptor  : 'Lcom/larus/im/internal/delegate/y0$c$b;'
501280	  Class descriptor  : 'Lcom/larus/im/internal/delegate/y0$c;'
501513	  Class descriptor  : 'Lcom/larus/im/internal/delegate/y0$d$a;'
501872	  Class descriptor  : 'Lcom/larus/im/internal/delegate/y0$d$b;'
501919	  Class descriptor  : 'Lcom/larus/im/internal/delegate/y0$d;'
502140	  Class descriptor  : 'Lcom/larus/im/internal/delegate/y0$e$a;'
502583	  Class descriptor  : 'Lcom/larus/im/internal/delegate/y0$e$b;'
502630	  Class descriptor  : 'Lcom/larus/im/internal/delegate/y0$e;'
502891	  Class descriptor  : 'Lcom/larus/im/internal/delegate/y0$f$a;'
503423	  Class descriptor  : 'Lcom/larus/im/internal/delegate/y0$f$b;'
503470	  Class descriptor  : 'Lcom/larus/im/internal/delegate/y0$f;'
503772	  Class descriptor  : 'Lcom/larus/im/internal/delegate/y0$g$a;'
504712	  Class descriptor  : 'Lcom/larus/im/internal/delegate/y0$g$b;'
504759	  Class descriptor  : 'Lcom/larus/im/internal/delegate/y0$g;'
505257	  Class descriptor  : 'Lcom/larus/im/internal/delegate/y0$h$a;'
505801	  Class descriptor  : 'Lcom/larus/im/internal/delegate/y0$h$b;'
505848	  Class descriptor  : 'Lcom/larus/im/internal/delegate/y0$h;'
506491	  Class descriptor  : 'Lcom/larus/im/internal/delegate/y0$i$a;'
506923	  Class descriptor  : 'Lcom/larus/im/internal/delegate/y0$i$b;'
506970	  Class descriptor  : 'Lcom/larus/im/internal/delegate/y0$i;'
507409	  Class descriptor  : 'Lcom/larus/im/internal/delegate/y0$j$a;'
507882	  Class descriptor  : 'Lcom/larus/im/internal/delegate/y0$j$b;'
507929	  Class descriptor  : 'Lcom/larus/im/internal/delegate/y0$j;'
508452	  Class descriptor  : 'Lcom/larus/im/internal/delegate/y0$k$a;'
511907	  Class descriptor  : 'Lcom/larus/im/internal/delegate/y0$k$b;'
511954	  Class descriptor  : 'Lcom/larus/im/internal/delegate/y0$k;'
513531	  Class descriptor  : 'Lcom/larus/im/internal/delegate/y0$l$a;'
513917	  Class descriptor  : 'Lcom/larus/im/internal/delegate/y0$l$b;'
513964	  Class descriptor  : 'Lcom/larus/im/internal/delegate/y0$l;'
514197	  Class descriptor  : 'Lcom/larus/im/internal/delegate/y0$m$a;'
514547	  Class descriptor  : 'Lcom/larus/im/internal/delegate/y0$m$b;'
514594	  Class descriptor  : 'Lcom/larus/im/internal/delegate/y0$m;'
514810	  Class descriptor  : 'Lcom/larus/im/internal/delegate/y0$n$a;'
516242	  Class descriptor  : 'Lcom/larus/im/internal/delegate/y0$n$b;'
516289	  Class descriptor  : 'Lcom/larus/im/internal/delegate/y0$n;'
517004	  Class descriptor  : 'Lcom/larus/im/internal/delegate/y0$o$a;'
517830	  Class descriptor  : 'Lcom/larus/im/internal/delegate/y0$o$b;'
517877	  Class descriptor  : 'Lcom/larus/im/internal/delegate/y0$o;'
518314	  Class descriptor  : 'Lcom/larus/im/internal/delegate/y0$p$a;'
518743	  Class descriptor  : 'Lcom/larus/im/internal/delegate/y0$p$b;'
518790	  Class descriptor  : 'Lcom/larus/im/internal/delegate/y0$p;'
519045	  Class descriptor  : 'Lcom/larus/im/internal/delegate/y0$q$a;'
519474	  Class descriptor  : 'Lcom/larus/im/internal/delegate/y0$q$b;'
519521	  Class descriptor  : 'Lcom/larus/im/internal/delegate/y0$q;'
519771	  Class descriptor  : 'Lcom/larus/im/internal/delegate/y0$r$a;'
520220	  Class descriptor  : 'Lcom/larus/im/internal/delegate/y0$r$b;'
520267	  Class descriptor  : 'Lcom/larus/im/internal/delegate/y0$r;'
520522	  Class descriptor  : 'Lcom/larus/im/internal/delegate/y0$s$a;'
521715	  Class descriptor  : 'Lcom/larus/im/internal/delegate/y0$s$b;'
521762	  Class descriptor  : 'Lcom/larus/im/internal/delegate/y0$s;'
522351	  Class descriptor  : 'Lcom/larus/im/internal/delegate/y0$t$a;'
523497	  Class descriptor  : 'Lcom/larus/im/internal/delegate/y0$t$b;'
523544	  Class descriptor  : 'Lcom/larus/im/internal/delegate/y0$t;'
524143	  Class descriptor  : 'Lcom/larus/im/internal/delegate/y0$u$a;'
524586	  Class descriptor  : 'Lcom/larus/im/internal/delegate/y0$u$b;'
524633	  Class descriptor  : 'Lcom/larus/im/internal/delegate/y0$u;'
524895	  Class descriptor  : 'Lcom/larus/im/internal/delegate/y0$v$a;'
525397	  Class descriptor  : 'Lcom/larus/im/internal/delegate/y0$v$b;'
525444	  Class descriptor  : 'Lcom/larus/im/internal/delegate/y0$v;'
525731	  Class descriptor  : 'Lcom/larus/im/internal/delegate/y0;'
527456	  Class descriptor  : 'Lcom/larus/im/internal/delegate/y;'
527511	  Class descriptor  : 'Lcom/larus/im/internal/delegate/z0;'
527566	  Class descriptor  : 'Lcom/larus/im/internal/delegate/z;'
527618	  Class descriptor  : 'Lcom/larus/im/internal/e;'
527670	  Class descriptor  : 'Lcom/larus/im/internal/f;'
527722	  Class descriptor  : 'Lcom/larus/im/internal/g;'
527769	  Class descriptor  : 'Lcom/larus/im/internal/h;'
527826	  Class descriptor  : 'Lcom/larus/im/internal/i$a;'
527837	  Class descriptor  : 'Lcom/larus/im/internal/i;'
528035	  Class descriptor  : 'Lcom/larus/im/internal/j;'
528101	  Class descriptor  : 'Lcom/larus/im/internal/jni/FlowIMSDKClassLoader;'
528153	  Class descriptor  : 'Lcom/larus/im/internal/jni/NativeAVSDK$Companion$1;'
528294	  Class descriptor  : 'Lcom/larus/im/internal/jni/NativeAVSDK$Companion;'
528507	  Class descriptor  : 'Lcom/larus/im/internal/jni/NativeAVSDK;'
529261	  Class descriptor  : 'Lcom/larus/im/internal/jni/NativeBotDaoImpl;'
529344	  Class descriptor  : 'Lcom/larus/im/internal/jni/NativeConversationDaoImpl;'
529751	  Class descriptor  : 'Lcom/larus/im/internal/jni/NativeDBIndexDaoImpl;'
529822	  Class descriptor  : 'Lcom/larus/im/internal/jni/NativeIMDatabase;'
530093	  Class descriptor  : 'Lcom/larus/im/internal/jni/NativeMessageDaoImpl;'
530626	  Class descriptor  : 'Lcom/larus/im/internal/jni/NativeOmniIMSDKHelper$Companion;'
530669	  Class descriptor  : 'Lcom/larus/im/internal/jni/NativeOmniIMSDKHelper;'
531094	  Class descriptor  : 'Lcom/larus/im/internal/jni/NativeOmniSDKInitializer$Companion;'
531137	  Class descriptor  : 'Lcom/larus/im/internal/jni/NativeOmniSDKInitializer$initialize$1;'
531287	  Class descriptor  : 'Lcom/larus/im/internal/jni/NativeOmniSDKInitializer;'
531623	  Class descriptor  : 'Lcom/larus/im/internal/jni/NativeParticipantDaoImpl;'
531712	  Class descriptor  : 'Lcom/larus/im/internal/jni/OmniCppHelper$Companion;'
531926	  Class descriptor  : 'Lcom/larus/im/internal/jni/OmniCppHelper;'
532275	  Class descriptor  : 'Lcom/larus/im/internal/jni/OmniCreateParam;'
532681	  Class descriptor  : 'Lcom/larus/im/internal/jni/OmniDatabaseUtils$onDatabaseCorrupted$1$1;'
532935	  Class descriptor  : 'Lcom/larus/im/internal/jni/OmniDatabaseUtils$onDatabaseCorrupted$1;'
533117	  Class descriptor  : 'Lcom/larus/im/internal/jni/OmniDatabaseUtils;'
533234	  Class descriptor  : 'Lcom/larus/im/internal/jni/OmniFoundationInitializer;'
533394	  Class descriptor  : 'Lcom/larus/im/internal/jni/OmniIMSDK$Companion;'
533437	  Class descriptor  : 'Lcom/larus/im/internal/jni/OmniIMSDK$inOmniScope$1;'
533706	  Class descriptor  : 'Lcom/larus/im/internal/jni/OmniIMSDK$inOmniScope$2;'
534013	  Class descriptor  : 'Lcom/larus/im/internal/jni/OmniIMSDK$initScope$$inlined$CoroutineExceptionHandler$1;'
534151	  Class descriptor  : 'Lcom/larus/im/internal/jni/OmniIMSDK$initScope$$inlined$CoroutineExceptionHandler$2;'
534289	  Class descriptor  : 'Lcom/larus/im/internal/jni/OmniIMSDK$withAiJobService$1;'
534454	  Class descriptor  : 'Lcom/larus/im/internal/jni/OmniIMSDK$withAiJobService$2;'
534619	  Class descriptor  : 'Lcom/larus/im/internal/jni/OmniIMSDK$withCmdService$1;'
534784	  Class descriptor  : 'Lcom/larus/im/internal/jni/OmniIMSDK$withCmdService$2;'
534949	  Class descriptor  : 'Lcom/larus/im/internal/jni/OmniIMSDK$withConversationService$1;'
535114	  Class descriptor  : 'Lcom/larus/im/internal/jni/OmniIMSDK$withConversationService$2;'
535279	  Class descriptor  : 'Lcom/larus/im/internal/jni/OmniIMSDK$withMessageService$1;'
535444	  Class descriptor  : 'Lcom/larus/im/internal/jni/OmniIMSDK$withProjectService$1;'
535609	  Class descriptor  : 'Lcom/larus/im/internal/jni/OmniIMSDK$withThreadService$1;'
535774	  Class descriptor  : 'Lcom/larus/im/internal/jni/OmniIMSDK;'
538476	  Class descriptor  : 'Lcom/larus/im/internal/jni/OmniSDKHelper$postReleaseTask$1;'
538656	  Class descriptor  : 'Lcom/larus/im/internal/jni/OmniSDKHelper;'
539895	  Class descriptor  : 'Lcom/larus/im/internal/jni/OmniSoNameProvider;'
540257	  Class descriptor  : 'Lcom/larus/im/internal/jni/a;'
540304	  Class descriptor  : 'Lcom/larus/im/internal/jni/adapter/NativeConversationHandlerAdapter;'
540406	  Class descriptor  : 'Lcom/larus/im/internal/jni/adapter/NativeMessageHandlerAdapter;'
540749	  Class descriptor  : 'Lcom/larus/im/internal/jni/adapter/NativeThreadHandlerAdapter;'
540798	  Class descriptor  : 'Lcom/larus/im/internal/jni/b;'
540868	  Class descriptor  : 'Lcom/larus/im/internal/jni/bean/ArchiveTimeSortBy$Companion;'
541045	  Class descriptor  : 'Lcom/larus/im/internal/jni/bean/ArchiveTimeSortBy;'
541446	  Class descriptor  : 'Lcom/larus/im/internal/jni/bean/AskHumanResultAuthorizeFolder$$serializer;'
541915	  Class descriptor  : 'Lcom/larus/im/internal/jni/bean/AskHumanResultAuthorizeFolder$Companion;'
541978	  Class descriptor  : 'Lcom/larus/im/internal/jni/bean/AskHumanResultAuthorizeFolder;'
542582	  Class descriptor  : 'Lcom/larus/im/internal/jni/bean/AskHumanResultWarn$$serializer;'
543010	  Class descriptor  : 'Lcom/larus/im/internal/jni/bean/AskHumanResultWarn$Companion;'
543073	  Class descriptor  : 'Lcom/larus/im/internal/jni/bean/AskHumanResultWarn;'
543564	  Class descriptor  : 'Lcom/larus/im/internal/jni/bean/AskResult$$serializer;'
543988	  Class descriptor  : 'Lcom/larus/im/internal/jni/bean/AskResult$Companion;'
544051	  Class descriptor  : 'Lcom/larus/im/internal/jni/bean/AskResult;'
544535	  Class descriptor  : 'Lcom/larus/im/internal/jni/bean/AskResultV2$$serializer;'
544918	  Class descriptor  : 'Lcom/larus/im/internal/jni/bean/AskResultV2$Companion;'
544981	  Class descriptor  : 'Lcom/larus/im/internal/jni/bean/AskResultV2;'
545357	  Class descriptor  : 'Lcom/larus/im/internal/jni/bean/DeviceEnableControlChangePayload$$serializer;'
545722	  Class descriptor  : 'Lcom/larus/im/internal/jni/bean/DeviceEnableControlChangePayload$Companion;'
545785	  Class descriptor  : 'Lcom/larus/im/internal/jni/bean/DeviceEnableControlChangePayload;'
546156	  Class descriptor  : 'Lcom/larus/im/internal/jni/bean/DeviceOnlineStatusChangePayload$$serializer;'
546521	  Class descriptor  : 'Lcom/larus/im/internal/jni/bean/DeviceOnlineStatusChangePayload$Companion;'
546584	  Class descriptor  : 'Lcom/larus/im/internal/jni/bean/DeviceOnlineStatusChangePayload;'
546955	  Class descriptor  : 'Lcom/larus/im/internal/jni/bean/DeviceSandboxInitChangePayload$$serializer;'
547320	  Class descriptor  : 'Lcom/larus/im/internal/jni/bean/DeviceSandboxInitChangePayload$Companion;'
547383	  Class descriptor  : 'Lcom/larus/im/internal/jni/bean/DeviceSandboxInitChangePayload;'
547754	  Class descriptor  : 'Lcom/larus/im/internal/jni/bean/DeviceStatusChangeBody$$serializer;'
548274	  Class descriptor  : 'Lcom/larus/im/internal/jni/bean/DeviceStatusChangeBody$Companion;'
548337	  Class descriptor  : 'Lcom/larus/im/internal/jni/bean/DeviceStatusChangeBody;'
548961	  Class descriptor  : 'Lcom/larus/im/internal/jni/bean/DeviceStatusChangePayload$$serializer;'
549684	  Class descriptor  : 'Lcom/larus/im/internal/jni/bean/DeviceStatusChangePayload$Companion;'
549747	  Class descriptor  : 'Lcom/larus/im/internal/jni/bean/DeviceStatusChangePayload;'
550938	  Class descriptor  : 'Lcom/larus/im/internal/jni/bean/DeviceStatusChangeType$Companion;'
551125	  Class descriptor  : 'Lcom/larus/im/internal/jni/bean/DeviceStatusChangeType;'
551556	  Class descriptor  : 'Lcom/larus/im/internal/jni/bean/DispatchCommand$Companion;'
551909	  Class descriptor  : 'Lcom/larus/im/internal/jni/bean/DispatchCommand;'
552934	  Class descriptor  : 'Lcom/larus/im/internal/jni/bean/DispatchCommandBody$$serializer;'
554367	  Class descriptor  : 'Lcom/larus/im/internal/jni/bean/DispatchCommandBody$Companion;'
554430	  Class descriptor  : 'Lcom/larus/im/internal/jni/bean/DispatchCommandBody;'
556625	  Class descriptor  : 'Lcom/larus/im/internal/jni/bean/DispatchCommandPayload$$serializer;'
557621	  Class descriptor  : 'Lcom/larus/im/internal/jni/bean/DispatchCommandPayload$Companion;'
557684	  Class descriptor  : 'Lcom/larus/im/internal/jni/bean/DispatchCommandPayload;'
559423	  Class descriptor  : 'Lcom/larus/im/internal/jni/bean/DispatchErrorCode$Companion;'
559666	  Class descriptor  : 'Lcom/larus/im/internal/jni/bean/DispatchErrorCode;'
560477	  Class descriptor  : 'Lcom/larus/im/internal/jni/bean/FileContent$$serializer;'
560991	  Class descriptor  : 'Lcom/larus/im/internal/jni/bean/FileContent$Companion;'
561054	  Class descriptor  : 'Lcom/larus/im/internal/jni/bean/FileContent;'
561678	  Class descriptor  : 'Lcom/larus/im/internal/jni/bean/FileMeta$$serializer;'
562118	  Class descriptor  : 'Lcom/larus/im/internal/jni/bean/FileMeta$Companion;'
562181	  Class descriptor  : 'Lcom/larus/im/internal/jni/bean/FileMeta;'
562679	  Class descriptor  : 'Lcom/larus/im/internal/jni/bean/FolderMeta$$serializer;'
563239	  Class descriptor  : 'Lcom/larus/im/internal/jni/bean/FolderMeta$Companion;'
563302	  Class descriptor  : 'Lcom/larus/im/internal/jni/bean/FolderMeta;'
564043	  Class descriptor  : 'Lcom/larus/im/internal/jni/bean/GetMetaRequestPayload$$serializer;'
564526	  Class descriptor  : 'Lcom/larus/im/internal/jni/bean/GetMetaRequestPayload$Companion;'
564589	  Class descriptor  : 'Lcom/larus/im/internal/jni/bean/GetMetaRequestPayload;'
565202	  Class descriptor  : 'Lcom/larus/im/internal/jni/bean/GetMetaResponsePayload$$serializer;'
566025	  Class descriptor  : 'Lcom/larus/im/internal/jni/bean/GetMetaResponsePayload$Companion;'
566088	  Class descriptor  : 'Lcom/larus/im/internal/jni/bean/GetMetaResponsePayload;'
567432	  Class descriptor  : 'Lcom/larus/im/internal/jni/bean/GetRemoteFilesContentRequestPayload$$serializer;'
567913	  Class descriptor  : 'Lcom/larus/im/internal/jni/bean/GetRemoteFilesContentRequestPayload$Companion;'
567976	  Class descriptor  : 'Lcom/larus/im/internal/jni/bean/GetRemoteFilesContentRequestPayload;'
568593	  Class descriptor  : 'Lcom/larus/im/internal/jni/bean/GetRemoteFilesContentResponsePayload$$serializer;'
569017	  Class descriptor  : 'Lcom/larus/im/internal/jni/bean/GetRemoteFilesContentResponsePayload$Companion;'
569080	  Class descriptor  : 'Lcom/larus/im/internal/jni/bean/GetRemoteFilesContentResponsePayload;'
569564	  Class descriptor  : 'Lcom/larus/im/internal/jni/bean/GetWebpageRequestPayload$$serializer;'
570050	  Class descriptor  : 'Lcom/larus/im/internal/jni/bean/GetWebpageRequestPayload$Companion;'
570113	  Class descriptor  : 'Lcom/larus/im/internal/jni/bean/GetWebpageRequestPayload;'
570721	  Class descriptor  : 'Lcom/larus/im/internal/jni/bean/GetWebpageResponsePayload$$serializer;'
571190	  Class descriptor  : 'Lcom/larus/im/internal/jni/bean/GetWebpageResponsePayload$Companion;'
571253	  Class descriptor  : 'Lcom/larus/im/internal/jni/bean/GetWebpageResponsePayload;'
571853	  Class descriptor  : 'Lcom/larus/im/internal/jni/bean/InteractionAskResultPayload$$serializer;'
572367	  Class descriptor  : 'Lcom/larus/im/internal/jni/bean/InteractionAskResultPayload$Companion;'
572430	  Class descriptor  : 'Lcom/larus/im/internal/jni/bean/InteractionAskResultPayload;'
573054	  Class descriptor  : 'Lcom/larus/im/internal/jni/bean/InteractionAskResultV2Payload$$serializer;'
573500	  Class descriptor  : 'Lcom/larus/im/internal/jni/bean/InteractionAskResultV2Payload$Companion;'
573563	  Class descriptor  : 'Lcom/larus/im/internal/jni/bean/InteractionAskResultV2Payload;'
574061	  Class descriptor  : 'Lcom/larus/im/internal/jni/bean/InteractionAuthorizeFolderResultPayload$$serializer;'
574575	  Class descriptor  : 'Lcom/larus/im/internal/jni/bean/InteractionAuthorizeFolderResultPayload$Companion;'
574638	  Class descriptor  : 'Lcom/larus/im/internal/jni/bean/InteractionAuthorizeFolderResultPayload;'
575262	  Class descriptor  : 'Lcom/larus/im/internal/jni/bean/InteractionRequestActionPayload$$serializer;'
575776	  Class descriptor  : 'Lcom/larus/im/internal/jni/bean/InteractionRequestActionPayload$Companion;'
575839	  Class descriptor  : 'Lcom/larus/im/internal/jni/bean/InteractionRequestActionPayload;'
576463	  Class descriptor  : 'Lcom/larus/im/internal/jni/bean/InteractionWarnResultPayload$$serializer;'
576977	  Class descriptor  : 'Lcom/larus/im/internal/jni/bean/InteractionWarnResultPayload$Companion;'
577040	  Class descriptor  : 'Lcom/larus/im/internal/jni/bean/InteractionWarnResultPayload;'
577664	  Class descriptor  : 'Lcom/larus/im/internal/jni/bean/NativeMessageInterruptRequest$$serializer;'
578392	  Class descriptor  : 'Lcom/larus/im/internal/jni/bean/NativeMessageInterruptRequest$Companion;'
578455	  Class descriptor  : 'Lcom/larus/im/internal/jni/bean/NativeMessageInterruptRequest;'
579545	  Class descriptor  : 'Lcom/larus/im/internal/jni/bean/NativeThreadInterruptRequest$$serializer;'
580247	  Class descriptor  : 'Lcom/larus/im/internal/jni/bean/NativeThreadInterruptRequest$Companion;'
580310	  Class descriptor  : 'Lcom/larus/im/internal/jni/bean/NativeThreadInterruptRequest;'
581243	  Class descriptor  : 'Lcom/larus/im/internal/jni/bean/OMNIAVASRConfig$$serializer;'
581812	  Class descriptor  : 'Lcom/larus/im/internal/jni/bean/OMNIAVASRConfig$Companion;'
581875	  Class descriptor  : 'Lcom/larus/im/internal/jni/bean/OMNIAVASRConfig;'
582648	  Class descriptor  : 'Lcom/larus/im/internal/jni/bean/OMNIAVASRStatus$$serializer;'
583320	  Class descriptor  : 'Lcom/larus/im/internal/jni/bean/OMNIAVASRStatus$Companion;'
583383	  Class descriptor  : 'Lcom/larus/im/internal/jni/bean/OMNIAVASRStatus;'
584666	  Class descriptor  : 'Lcom/larus/im/internal/jni/bean/OMNIAVASTConfig$$serializer;'
585090	  Class descriptor  : 'Lcom/larus/im/internal/jni/bean/OMNIAVASTConfig$Companion;'
585153	  Class descriptor  : 'Lcom/larus/im/internal/jni/bean/OMNIAVASTConfig;'
585637	  Class descriptor  : 'Lcom/larus/im/internal/jni/bean/OMNIAVAudioBeginContent$$serializer;'
586453	  Class descriptor  : 'Lcom/larus/im/internal/jni/bean/OMNIAVAudioBeginContent$Companion;'
586516	  Class descriptor  : 'Lcom/larus/im/internal/jni/bean/OMNIAVAudioBeginContent;'
587840	  Class descriptor  : 'Lcom/larus/im/internal/jni/bean/OMNIAVAudioBitFormat$Companion;'
588030	  Class descriptor  : 'Lcom/larus/im/internal/jni/bean/OMNIAVAudioBitFormat;'
588470	  Class descriptor  : 'Lcom/larus/im/internal/jni/bean/OMNIAVAudioChannel$Companion;'
588647	  Class descriptor  : 'Lcom/larus/im/internal/jni/bean/OMNIAVAudioChannel;'
589048	  Class descriptor  : 'Lcom/larus/im/internal/jni/bean/OMNIAVAudioCodecType$Companion;'
589215	  Class descriptor  : 'Lcom/larus/im/internal/jni/bean/OMNIAVAudioCodecType;'
589586	  Class descriptor  : 'Lcom/larus/im/internal/jni/bean/OMNIAVAudioDownlinkExtra$$serializer;'
590464	  Class descriptor  : 'Lcom/larus/im/internal/jni/bean/OMNIAVAudioDownlinkExtra$Companion;'
590527	  Class descriptor  : 'Lcom/larus/im/internal/jni/bean/OMNIAVAudioDownlinkExtra;'
592152	  Class descriptor  : 'Lcom/larus/im/internal/jni/bean/OMNIAVAudioEndContent$$serializer;'
592592	  Class descriptor  : 'Lcom/larus/im/internal/jni/bean/OMNIAVAudioEndContent$Companion;'
592655	  Class descriptor  : 'Lcom/larus/im/internal/jni/bean/OMNIAVAudioEndContent;'
593153	  Class descriptor  : 'Lcom/larus/im/internal/jni/bean/OMNIAVAudioFormat$$serializer;'
593794	  Class descriptor  : 'Lcom/larus/im/internal/jni/bean/OMNIAVAudioFormat$Companion;'
593857	  Class descriptor  : 'Lcom/larus/im/internal/jni/bean/OMNIAVAudioFormat;'
594857	  Class descriptor  : 'Lcom/larus/im/internal/jni/bean/OMNIAVAudioInfo$$serializer;'
595342	  Class descriptor  : 'Lcom/larus/im/internal/jni/bean/OMNIAVAudioInfo$Companion;'
595405	  Class descriptor  : 'Lcom/larus/im/internal/jni/bean/OMNIAVAudioInfo;'
596054	  Class descriptor  : 'Lcom/larus/im/internal/jni/bean/OMNIAVAudioSampleRate$Companion;'
596256	  Class descriptor  : 'Lcom/larus/im/internal/jni/bean/OMNIAVAudioSampleRate;'
596730	  Class descriptor  : 'Lcom/larus/im/internal/jni/bean/OMNIAVAudioTraceEndType$Companion;'
596897	  Class descriptor  : 'Lcom/larus/im/internal/jni/bean/OMNIAVAudioTraceEndType;'
597268	  Class descriptor  : 'Lcom/larus/im/internal/jni/bean/OMNIAVAudioTraceEvent$$serializer;'
597822	  Class descriptor  : 'Lcom/larus/im/internal/jni/bean/OMNIAVAudioTraceEvent$Companion;'
597885	  Class descriptor  : 'Lcom/larus/im/internal/jni/bean/OMNIAVAudioTraceEvent;'
598704	  Class descriptor  : 'Lcom/larus/im/internal/jni/bean/OMNIAVAudioTraceEventType$Companion;'
598901	  Class descriptor  : 'Lcom/larus/im/internal/jni/bean/OMNIAVAudioTraceEventType;'
599362	  Class descriptor  : 'Lcom/larus/im/internal/jni/bean/OMNIAVAudioTraceRoundExtra$$serializer;'
599843	  Class descriptor  : 'Lcom/larus/im/internal/jni/bean/OMNIAVAudioTraceRoundExtra$Companion;'
599906	  Class descriptor  : 'Lcom/larus/im/internal/jni/bean/OMNIAVAudioTraceRoundExtra;'
600518	  Class descriptor  : 'Lcom/larus/im/internal/jni/bean/OMNIAVAudioUpdateContent$$serializer;'
601296	  Class descriptor  : 'Lcom/larus/im/internal/jni/bean/OMNIAVAudioUpdateContent$Companion;'
601359	  Class descriptor  : 'Lcom/larus/im/internal/jni/bean/OMNIAVAudioUpdateContent;'
602871	  Class descriptor  : 'Lcom/larus/im/internal/jni/bean/OMNIAVAudioUplinkExtra$$serializer;'
603594	  Class descriptor  : 'Lcom/larus/im/internal/jni/bean/OMNIAVAudioUplinkExtra$Companion;'
603657	  Class descriptor  : 'Lcom/larus/im/internal/jni/bean/OMNIAVAudioUplinkExtra;'
605011	  Class descriptor  : 'Lcom/larus/im/internal/jni/bean/OMNIAVChannelConfig$$serializer;'
605559	  Class descriptor  : 'Lcom/larus/im/internal/jni/bean/OMNIAVChannelConfig$Companion;'
605622	  Class descriptor  : 'Lcom/larus/im/internal/jni/bean/OMNIAVChannelConfig;'
606407	  Class descriptor  : 'Lcom/larus/im/internal/jni/bean/OMNIAVChatConfig$$serializer;'
607563	  Class descriptor  : 'Lcom/larus/im/internal/jni/bean/OMNIAVChatConfig$Companion;'
607626	  Class descriptor  : 'Lcom/larus/im/internal/jni/bean/OMNIAVChatConfig;'
609532	  Class descriptor  : 'Lcom/larus/im/internal/jni/bean/OMNIAVCommand$$serializer;'
610346	  Class descriptor  : 'Lcom/larus/im/internal/jni/bean/OMNIAVCommand$Companion;'
610409	  Class descriptor  : 'Lcom/larus/im/internal/jni/bean/OMNIAVCommand;'
611854	  Class descriptor  : 'Lcom/larus/im/internal/jni/bean/OMNIAVCommandEvent$$serializer;'
612396	  Class descriptor  : 'Lcom/larus/im/internal/jni/bean/OMNIAVCommandEvent$Companion;'
612459	  Class descriptor  : 'Lcom/larus/im/internal/jni/bean/OMNIAVCommandEvent;'
613245	  Class descriptor  : 'Lcom/larus/im/internal/jni/bean/OMNIAVCommandReplyEvent$$serializer;'
613726	  Class descriptor  : 'Lcom/larus/im/internal/jni/bean/OMNIAVCommandReplyEvent$Companion;'
613789	  Class descriptor  : 'Lcom/larus/im/internal/jni/bean/OMNIAVCommandReplyEvent;'
614401	  Class descriptor  : 'Lcom/larus/im/internal/jni/bean/OMNIAVEvent$$serializer;'
616024	  Class descriptor  : 'Lcom/larus/im/internal/jni/bean/OMNIAVEvent$Companion;'
616087	  Class descriptor  : 'Lcom/larus/im/internal/jni/bean/OMNIAVEvent;'
618584	  Class descriptor  : 'Lcom/larus/im/internal/jni/bean/OMNIAVEventType$Companion;'
618812	  Class descriptor  : 'Lcom/larus/im/internal/jni/bean/OMNIAVEventType;'
619491	  Class descriptor  : 'Lcom/larus/im/internal/jni/bean/OMNIAVFileBizInfo$$serializer;'
619969	  Class descriptor  : 'Lcom/larus/im/internal/jni/bean/OMNIAVFileBizInfo$Companion;'
620032	  Class descriptor  : 'Lcom/larus/im/internal/jni/bean/OMNIAVFileBizInfo;'
620647	  Class descriptor  : 'Lcom/larus/im/internal/jni/bean/OMNIAVFileBizType$Companion;'
620824	  Class descriptor  : 'Lcom/larus/im/internal/jni/bean/OMNIAVFileBizType;'
621225	  Class descriptor  : 'Lcom/larus/im/internal/jni/bean/OMNIAVFileData$$serializer;'
622040	  Class descriptor  : 'Lcom/larus/im/internal/jni/bean/OMNIAVFileData$Companion;'
622103	  Class descriptor  : 'Lcom/larus/im/internal/jni/bean/OMNIAVFileData;'
623670	  Class descriptor  : 'Lcom/larus/im/internal/jni/bean/OMNIAVFileEvent$$serializer;'
624313	  Class descriptor  : 'Lcom/larus/im/internal/jni/bean/OMNIAVFileEvent$Companion;'
624376	  Class descriptor  : 'Lcom/larus/im/internal/jni/bean/OMNIAVFileEvent;'
625329	  Class descriptor  : 'Lcom/larus/im/internal/jni/bean/OMNIAVFileResult$$serializer;'
625905	  Class descriptor  : 'Lcom/larus/im/internal/jni/bean/OMNIAVFileResult$Companion;'
625968	  Class descriptor  : 'Lcom/larus/im/internal/jni/bean/OMNIAVFileResult;'
626715	  Class descriptor  : 'Lcom/larus/im/internal/jni/bean/OMNIAVFileResultBizInfo$$serializer;'
627193	  Class descriptor  : 'Lcom/larus/im/internal/jni/bean/OMNIAVFileResultBizInfo$Companion;'
627256	  Class descriptor  : 'Lcom/larus/im/internal/jni/bean/OMNIAVFileResultBizInfo;'
627871	  Class descriptor  : 'Lcom/larus/im/internal/jni/bean/OMNIAVFileType$Companion;'
628048	  Class descriptor  : 'Lcom/larus/im/internal/jni/bean/OMNIAVFileType;'
628449	  Class descriptor  : 'Lcom/larus/im/internal/jni/bean/OMNIAVFileUplinkBody$$serializer;'
628864	  Class descriptor  : 'Lcom/larus/im/internal/jni/bean/OMNIAVFileUplinkBody$Companion;'
628927	  Class descriptor  : 'Lcom/larus/im/internal/jni/bean/OMNIAVFileUplinkBody;'
629444	  Class descriptor  : 'Lcom/larus/im/internal/jni/bean/OMNIAVFrameExt$$serializer;'
630426	  Class descriptor  : 'Lcom/larus/im/internal/jni/bean/OMNIAVFrameExt$Companion;'
630489	  Class descriptor  : 'Lcom/larus/im/internal/jni/bean/OMNIAVFrameExt;'
632417	  Class descriptor  : 'Lcom/larus/im/internal/jni/bean/OMNIAVGetTokenType$Companion;'
632594	  Class descriptor  : 'Lcom/larus/im/internal/jni/bean/OMNIAVGetTokenType;'
632995	  Class descriptor  : 'Lcom/larus/im/internal/jni/bean/OMNIAVImageBaseInfo$$serializer;'
633514	  Class descriptor  : 'Lcom/larus/im/internal/jni/bean/OMNIAVImageBaseInfo$Companion;'
633577	  Class descriptor  : 'Lcom/larus/im/internal/jni/bean/OMNIAVImageBaseInfo;'
634350	  Class descriptor  : 'Lcom/larus/im/internal/jni/bean/OMNIAVImageFormat$Companion;'
634527	  Class descriptor  : 'Lcom/larus/im/internal/jni/bean/OMNIAVImageFormat;'
634928	  Class descriptor  : 'Lcom/larus/im/internal/jni/bean/OMNIAVImageOcrInfo$$serializer;'
635464	  Class descriptor  : 'Lcom/larus/im/internal/jni/bean/OMNIAVImageOcrInfo$Companion;'
635527	  Class descriptor  : 'Lcom/larus/im/internal/jni/bean/OMNIAVImageOcrInfo;'
636301	  Class descriptor  : 'Lcom/larus/im/internal/jni/bean/OMNIAVLocalEvent$$serializer;'
637337	  Class descriptor  : 'Lcom/larus/im/internal/jni/bean/OMNIAVLocalEvent$Companion;'
637400	  Class descriptor  : 'Lcom/larus/im/internal/jni/bean/OMNIAVLocalEvent;'
639168	  Class descriptor  : 'Lcom/larus/im/internal/jni/bean/OMNIAVLocalEventType$Companion;'
639442	  Class descriptor  : 'Lcom/larus/im/internal/jni/bean/OMNIAVLocalEventType;'
640271	  Class descriptor  : 'Lcom/larus/im/internal/jni/bean/OMNIAVMMTInitConfig$$serializer;'
640947	  Class descriptor  : 'Lcom/larus/im/internal/jni/bean/OMNIAVMMTInitConfig$Companion;'
641010	  Class descriptor  : 'Lcom/larus/im/internal/jni/bean/OMNIAVMMTInitConfig;'
642054	  Class descriptor  : 'Lcom/larus/im/internal/jni/bean/OMNIAVModalType$Companion;'
642231	  Class descriptor  : 'Lcom/larus/im/internal/jni/bean/OMNIAVModalType;'
642632	  Class descriptor  : 'Lcom/larus/im/internal/jni/bean/OMNIAVQueryBeginEvent$$serializer;'
643280	  Class descriptor  : 'Lcom/larus/im/internal/jni/bean/OMNIAVQueryBeginEvent$Companion;'
643343	  Class descriptor  : 'Lcom/larus/im/internal/jni/bean/OMNIAVQueryBeginEvent;'
644397	  Class descriptor  : 'Lcom/larus/im/internal/jni/bean/OMNIAVQueryEndEvent$$serializer;'
645528	  Class descriptor  : 'Lcom/larus/im/internal/jni/bean/OMNIAVQueryEndEvent$Companion;'
645591	  Class descriptor  : 'Lcom/larus/im/internal/jni/bean/OMNIAVQueryEndEvent;'
648089	  Class descriptor  : 'Lcom/larus/im/internal/jni/bean/OMNIAVQueryUpdateEvent$$serializer;'
648603	  Class descriptor  : 'Lcom/larus/im/internal/jni/bean/OMNIAVQueryUpdateEvent$Companion;'
648666	  Class descriptor  : 'Lcom/larus/im/internal/jni/bean/OMNIAVQueryUpdateEvent;'
649334	  Class descriptor  : 'Lcom/larus/im/internal/jni/bean/OMNIAVQueryUpdateResult$$serializer;'
649928	  Class descriptor  : 'Lcom/larus/im/internal/jni/bean/OMNIAVQueryUpdateResult$Companion;'
649991	  Class descriptor  : 'Lcom/larus/im/internal/jni/bean/OMNIAVQueryUpdateResult;'
650909	  Class descriptor  : 'Lcom/larus/im/internal/jni/bean/OMNIAVRTCEngineInitConfig$$serializer;'
652040	  Class descriptor  : 'Lcom/larus/im/internal/jni/bean/OMNIAVRTCEngineInitConfig$Companion;'
652103	  Class descriptor  : 'Lcom/larus/im/internal/jni/bean/OMNIAVRTCEngineInitConfig;'
654304	  Class descriptor  : 'Lcom/larus/im/internal/jni/bean/OMNIAVRTCTokenInfo$$serializer;'
655160	  Class descriptor  : 'Lcom/larus/im/internal/jni/bean/OMNIAVRTCTokenInfo$Companion;'
655223	  Class descriptor  : 'Lcom/larus/im/internal/jni/bean/OMNIAVRTCTokenInfo;'
656714	  Class descriptor  : 'Lcom/larus/im/internal/jni/bean/OMNIAVRTCTokenMeta$$serializer;'
657481	  Class descriptor  : 'Lcom/larus/im/internal/jni/bean/OMNIAVRTCTokenMeta$Companion;'
657544	  Class descriptor  : 'Lcom/larus/im/internal/jni/bean/OMNIAVRTCTokenMeta;'
658836	  Class descriptor  : 'Lcom/larus/im/internal/jni/bean/OMNIAVRTCTokenRequest$$serializer;'
659381	  Class descriptor  : 'Lcom/larus/im/internal/jni/bean/OMNIAVRTCTokenRequest$Companion;'
659444	  Class descriptor  : 'Lcom/larus/im/internal/jni/bean/OMNIAVRTCTokenRequest;'
660191	  Class descriptor  : 'Lcom/larus/im/internal/jni/bean/OMNIAVRTCTokenResponse$$serializer;'
660637	  Class descriptor  : 'Lcom/larus/im/internal/jni/bean/OMNIAVRTCTokenResponse$Companion;'
660700	  Class descriptor  : 'Lcom/larus/im/internal/jni/bean/OMNIAVRTCTokenResponse;'
661198	  Class descriptor  : 'Lcom/larus/im/internal/jni/bean/OMNIAVRemoteVideoStreamType$Companion;'
661365	  Class descriptor  : 'Lcom/larus/im/internal/jni/bean/OMNIAVRemoteVideoStreamType;'
661736	  Class descriptor  : 'Lcom/larus/im/internal/jni/bean/OMNIAVReplyBeginEvent$$serializer;'
662234	  Class descriptor  : 'Lcom/larus/im/internal/jni/bean/OMNIAVReplyBeginEvent$Companion;'
662297	  Class descriptor  : 'Lcom/larus/im/internal/jni/bean/OMNIAVReplyBeginEvent;'
662915	  Class descriptor  : 'Lcom/larus/im/internal/jni/bean/OMNIAVReplyEndEvent$$serializer;'
663375	  Class descriptor  : 'Lcom/larus/im/internal/jni/bean/OMNIAVReplyEndEvent$Companion;'
663438	  Class descriptor  : 'Lcom/larus/im/internal/jni/bean/OMNIAVReplyEndEvent;'
664048	  Class descriptor  : 'Lcom/larus/im/internal/jni/bean/OMNIAVReplyUpdateEvent$$serializer;'
664890	  Class descriptor  : 'Lcom/larus/im/internal/jni/bean/OMNIAVReplyUpdateEvent$Companion;'
664953	  Class descriptor  : 'Lcom/larus/im/internal/jni/bean/OMNIAVReplyUpdateEvent;'
666363	  Class descriptor  : 'Lcom/larus/im/internal/jni/bean/OMNIAVRuntimeLoudnessParams$$serializer;'
666861	  Class descriptor  : 'Lcom/larus/im/internal/jni/bean/OMNIAVRuntimeLoudnessParams$Companion;'
666924	  Class descriptor  : 'Lcom/larus/im/internal/jni/bean/OMNIAVRuntimeLoudnessParams;'
667538	  Class descriptor  : 'Lcom/larus/im/internal/jni/bean/OMNIAVRuntimeParams$$serializer;'
668900	  Class descriptor  : 'Lcom/larus/im/internal/jni/bean/OMNIAVRuntimeParams$Companion;'
668963	  Class descriptor  : 'Lcom/larus/im/internal/jni/bean/OMNIAVRuntimeParams;'
671428	  Class descriptor  : 'Lcom/larus/im/internal/jni/bean/OMNIAVRuntimeWakeupParams$$serializer;'
672022	  Class descriptor  : 'Lcom/larus/im/internal/jni/bean/OMNIAVRuntimeWakeupParams$Companion;'
672085	  Class descriptor  : 'Lcom/larus/im/internal/jni/bean/OMNIAVRuntimeWakeupParams;'
672980	  Class descriptor  : 'Lcom/larus/im/internal/jni/bean/OMNIAVScreenShareMediaType$Companion;'
673157	  Class descriptor  : 'Lcom/larus/im/internal/jni/bean/OMNIAVScreenShareMediaType;'
673558	  Class descriptor  : 'Lcom/larus/im/internal/jni/bean/OMNIAVScreenShareStartConfig$$serializer;'
674349	  Class descriptor  : 'Lcom/larus/im/internal/jni/bean/OMNIAVScreenShareStartConfig$Companion;'
674412	  Class descriptor  : 'Lcom/larus/im/internal/jni/bean/OMNIAVScreenShareStartConfig;'
675868	  Class descriptor  : 'Lcom/larus/im/internal/jni/bean/OMNIAVScreenShareStopConfig$$serializer;'
676233	  Class descriptor  : 'Lcom/larus/im/internal/jni/bean/OMNIAVScreenShareStopConfig$Companion;'
676296	  Class descriptor  : 'Lcom/larus/im/internal/jni/bean/OMNIAVScreenShareStopConfig;'
676667	  Class descriptor  : 'Lcom/larus/im/internal/jni/bean/OMNIAVSessionAECConfig$$serializer;'
677553	  Class descriptor  : 'Lcom/larus/im/internal/jni/bean/OMNIAVSessionAECConfig$Companion;'
677616	  Class descriptor  : 'Lcom/larus/im/internal/jni/bean/OMNIAVSessionAECConfig;'
679404	  Class descriptor  : 'Lcom/larus/im/internal/jni/bean/OMNIAVSessionAECType$Companion;'
679581	  Class descriptor  : 'Lcom/larus/im/internal/jni/bean/OMNIAVSessionAECType;'
679982	  Class descriptor  : 'Lcom/larus/im/internal/jni/bean/OMNIAVSessionAudioConfig$$serializer;'
681073	  Class descriptor  : 'Lcom/larus/im/internal/jni/bean/OMNIAVSessionAudioConfig$Companion;'
681136	  Class descriptor  : 'Lcom/larus/im/internal/jni/bean/OMNIAVSessionAudioConfig;'
683151	  Class descriptor  : 'Lcom/larus/im/internal/jni/bean/OMNIAVSessionConfResponse$$serializer;'
683783	  Class descriptor  : 'Lcom/larus/im/internal/jni/bean/OMNIAVSessionConfResponse$Companion;'
683846	  Class descriptor  : 'Lcom/larus/im/internal/jni/bean/OMNIAVSessionConfResponse;'
684762	  Class descriptor  : 'Lcom/larus/im/internal/jni/bean/OMNIAVSessionConfig$$serializer;'
686047	  Class descriptor  : 'Lcom/larus/im/internal/jni/bean/OMNIAVSessionConfig$Companion;'
686110	  Class descriptor  : 'Lcom/larus/im/internal/jni/bean/OMNIAVSessionConfig;'
688256	  Class descriptor  : 'Lcom/larus/im/internal/jni/bean/OMNIAVSessionDumpConfig$$serializer;'
688716	  Class descriptor  : 'Lcom/larus/im/internal/jni/bean/OMNIAVSessionDumpConfig$Companion;'
688779	  Class descriptor  : 'Lcom/larus/im/internal/jni/bean/OMNIAVSessionDumpConfig;'
689386	  Class descriptor  : 'Lcom/larus/im/internal/jni/bean/OMNIAVSessionInterruptType$Companion;'
689573	  Class descriptor  : 'Lcom/larus/im/internal/jni/bean/OMNIAVSessionInterruptType;'
690004	  Class descriptor  : 'Lcom/larus/im/internal/jni/bean/OMNIAVSessionMediaType$Companion;'
690201	  Class descriptor  : 'Lcom/larus/im/internal/jni/bean/OMNIAVSessionMediaType;'
690662	  Class descriptor  : 'Lcom/larus/im/internal/jni/bean/OMNIAVSessionModalType$Companion;'
690839	  Class descriptor  : 'Lcom/larus/im/internal/jni/bean/OMNIAVSessionModalType;'
691240	  Class descriptor  : 'Lcom/larus/im/internal/jni/bean/OMNIAVSessionProfile$Companion;'
691407	  Class descriptor  : 'Lcom/larus/im/internal/jni/bean/OMNIAVSessionProfile;'
691778	  Class descriptor  : 'Lcom/larus/im/internal/jni/bean/OMNIAVSessionQuicConfig$$serializer;'
692997	  Class descriptor  : 'Lcom/larus/im/internal/jni/bean/OMNIAVSessionQuicConfig$Companion;'
693060	  Class descriptor  : 'Lcom/larus/im/internal/jni/bean/OMNIAVSessionQuicConfig;'
695348	  Class descriptor  : 'Lcom/larus/im/internal/jni/bean/OMNIAVSessionRTCConfig$$serializer;'
696727	  Class descriptor  : 'Lcom/larus/im/internal/jni/bean/OMNIAVSessionRTCConfig$Companion;'
696790	  Class descriptor  : 'Lcom/larus/im/internal/jni/bean/OMNIAVSessionRTCConfig;'
699464	  Class descriptor  : 'Lcom/larus/im/internal/jni/bean/OMNIAVSessionSpeechConfig$$serializer;'
699847	  Class descriptor  : 'Lcom/larus/im/internal/jni/bean/OMNIAVSessionSpeechConfig$Companion;'
699910	  Class descriptor  : 'Lcom/larus/im/internal/jni/bean/OMNIAVSessionSpeechConfig;'
700286	  Class descriptor  : 'Lcom/larus/im/internal/jni/bean/OMNIAVSessionStartConfig$$serializer;'
702078	  Class descriptor  : 'Lcom/larus/im/internal/jni/bean/OMNIAVSessionStartConfig$Companion;'
702141	  Class descriptor  : 'Lcom/larus/im/internal/jni/bean/OMNIAVSessionStartConfig;'
704997	  Class descriptor  : 'Lcom/larus/im/internal/jni/bean/OMNIAVSessionStartedEvent$$serializer;'
705715	  Class descriptor  : 'Lcom/larus/im/internal/jni/bean/OMNIAVSessionStartedEvent$Companion;'
705778	  Class descriptor  : 'Lcom/larus/im/internal/jni/bean/OMNIAVSessionStartedEvent;'
706897	  Class descriptor  : 'Lcom/larus/im/internal/jni/bean/OMNIAVSessionStopConfig$$serializer;'
707325	  Class descriptor  : 'Lcom/larus/im/internal/jni/bean/OMNIAVSessionStopConfig$Companion;'
707388	  Class descriptor  : 'Lcom/larus/im/internal/jni/bean/OMNIAVSessionStopConfig;'
707879	  Class descriptor  : 'Lcom/larus/im/internal/jni/bean/OMNIAVSessionType$Companion;'
708056	  Class descriptor  : 'Lcom/larus/im/internal/jni/bean/OMNIAVSessionType;'
708457	  Class descriptor  : 'Lcom/larus/im/internal/jni/bean/OMNIAVSessionVideoCaptureConfig$$serializer;'
708917	  Class descriptor  : 'Lcom/larus/im/internal/jni/bean/OMNIAVSessionVideoCaptureConfig$Companion;'
708980	  Class descriptor  : 'Lcom/larus/im/internal/jni/bean/OMNIAVSessionVideoCaptureConfig;'
709574	  Class descriptor  : 'Lcom/larus/im/internal/jni/bean/OMNIAVSessionVideoConfig$$serializer;'
710257	  Class descriptor  : 'Lcom/larus/im/internal/jni/bean/OMNIAVSessionVideoConfig$Companion;'
710320	  Class descriptor  : 'Lcom/larus/im/internal/jni/bean/OMNIAVSessionVideoConfig;'
711362	  Class descriptor  : 'Lcom/larus/im/internal/jni/bean/OMNIAVSessionVideoEncoderConfig$$serializer;'
711977	  Class descriptor  : 'Lcom/larus/im/internal/jni/bean/OMNIAVSessionVideoEncoderConfig$Companion;'
712040	  Class descriptor  : 'Lcom/larus/im/internal/jni/bean/OMNIAVSessionVideoEncoderConfig;'
713051	  Class descriptor  : 'Lcom/larus/im/internal/jni/bean/OMNIAVSessionVideoSourceType$Companion;'
713228	  Class descriptor  : 'Lcom/larus/im/internal/jni/bean/OMNIAVSessionVideoSourceType;'
713629	  Class descriptor  : 'Lcom/larus/im/internal/jni/bean/OMNIAVSpeechAECConfig$$serializer;'
714410	  Class descriptor  : 'Lcom/larus/im/internal/jni/bean/OMNIAVSpeechAECConfig$Companion;'
714473	  Class descriptor  : 'Lcom/larus/im/internal/jni/bean/OMNIAVSpeechAECConfig;'
716136	  Class descriptor  : 'Lcom/larus/im/internal/jni/bean/OMNIAVSwitchModal$$serializer;'
716632	  Class descriptor  : 'Lcom/larus/im/internal/jni/bean/OMNIAVSwitchModal$Companion;'
716695	  Class descriptor  : 'Lcom/larus/im/internal/jni/bean/OMNIAVSwitchModal;'
717378	  Class descriptor  : 'Lcom/larus/im/internal/jni/bean/OMNIAVTTSConfig$$serializer;'
717892	  Class descriptor  : 'Lcom/larus/im/internal/jni/bean/OMNIAVTTSConfig$Companion;'
717955	  Class descriptor  : 'Lcom/larus/im/internal/jni/bean/OMNIAVTTSConfig;'
718579	  Class descriptor  : 'Lcom/larus/im/internal/jni/bean/OMNIAVTTSStatus$$serializer;'
719018	  Class descriptor  : 'Lcom/larus/im/internal/jni/bean/OMNIAVTTSStatus$Companion;'
719081	  Class descriptor  : 'Lcom/larus/im/internal/jni/bean/OMNIAVTTSStatus;'
719580	  Class descriptor  : 'Lcom/larus/im/internal/jni/bean/OMNIAVTargetVideoSourceType$Companion;'
719757	  Class descriptor  : 'Lcom/larus/im/internal/jni/bean/OMNIAVTargetVideoSourceType;'
720158	  Class descriptor  : 'Lcom/larus/im/internal/jni/bean/OMNIAVTextUpdateContent$$serializer;'
722177	  Class descriptor  : 'Lcom/larus/im/internal/jni/bean/OMNIAVTextUpdateContent$Companion;'
722240	  Class descriptor  : 'Lcom/larus/im/internal/jni/bean/OMNIAVTextUpdateContent;'
726088	  Class descriptor  : 'Lcom/larus/im/internal/jni/bean/OMNIAVVideoCodecType$Companion;'
726265	  Class descriptor  : 'Lcom/larus/im/internal/jni/bean/OMNIAVVideoCodecType;'
726666	  Class descriptor  : 'Lcom/larus/im/internal/jni/bean/OMNIAVVideoEvent$$serializer;'
727217	  Class descriptor  : 'Lcom/larus/im/internal/jni/bean/OMNIAVVideoEvent$Companion;'
727280	  Class descriptor  : 'Lcom/larus/im/internal/jni/bean/OMNIAVVideoEvent;'
728028	  Class descriptor  : 'Lcom/larus/im/internal/jni/bean/OMNIAVVideoEventType$Companion;'
728205	  Class descriptor  : 'Lcom/larus/im/internal/jni/bean/OMNIAVVideoEventType;'
728606	  Class descriptor  : 'Lcom/larus/im/internal/jni/bean/OMNIAVVideoFrameBufferType$Companion;'
728793	  Class descriptor  : 'Lcom/larus/im/internal/jni/bean/OMNIAVVideoFrameBufferType;'
729226	  Class descriptor  : 'Lcom/larus/im/internal/jni/bean/OMNIAVVideoFrameParam$$serializer;'
730160	  Class descriptor  : 'Lcom/larus/im/internal/jni/bean/OMNIAVVideoFrameParam$Companion;'
730223	  Class descriptor  : 'Lcom/larus/im/internal/jni/bean/OMNIAVVideoFrameParam;'
732389	  Class descriptor  : 'Lcom/larus/im/internal/jni/bean/OMNIAVVideoFramePixelFormat$Companion;'
732607	  Class descriptor  : 'Lcom/larus/im/internal/jni/bean/OMNIAVVideoFramePixelFormat;'
733232	  Class descriptor  : 'Lcom/larus/im/internal/jni/bean/OMNIAVVideoModalSwitched$$serializer;'
733600	  Class descriptor  : 'Lcom/larus/im/internal/jni/bean/OMNIAVVideoModalSwitched$Companion;'
733663	  Class descriptor  : 'Lcom/larus/im/internal/jni/bean/OMNIAVVideoModalSwitched;'
734045	  Class descriptor  : 'Lcom/larus/im/internal/jni/bean/OMNIAVVideoSelectorConfig$$serializer;'
734598	  Class descriptor  : 'Lcom/larus/im/internal/jni/bean/OMNIAVVideoSelectorConfig$Companion;'
734661	  Class descriptor  : 'Lcom/larus/im/internal/jni/bean/OMNIAVVideoSelectorConfig;'
735527	  Class descriptor  : 'Lcom/larus/im/internal/jni/bean/OMNIAVVideoSessionStarted$$serializer;'
736096	  Class descriptor  : 'Lcom/larus/im/internal/jni/bean/OMNIAVVideoSessionStarted$Companion;'
736159	  Class descriptor  : 'Lcom/larus/im/internal/jni/bean/OMNIAVVideoSessionStarted;'
736973	  Class descriptor  : 'Lcom/larus/im/internal/jni/bean/OMNIAudio$$serializer;'
737380	  Class descriptor  : 'Lcom/larus/im/internal/jni/bean/OMNIAudio$Companion;'
737443	  Class descriptor  : 'Lcom/larus/im/internal/jni/bean/OMNIAudio;'
737922	  Class descriptor  : 'Lcom/larus/im/internal/jni/bean/OMNIAudioVolumePayload$$serializer;'
738287	  Class descriptor  : 'Lcom/larus/im/internal/jni/bean/OMNIAudioVolumePayload$Companion;'
738350	  Class descriptor  : 'Lcom/larus/im/internal/jni/bean/OMNIAudioVolumePayload;'
738717	  Class descriptor  : 'Lcom/larus/im/internal/jni/bean/OMNIDeviceErrorPayload$$serializer;'
739273	  Class descriptor  : 'Lcom/larus/im/internal/jni/bean/OMNIDeviceErrorPayload$Companion;'
739336	  Class descriptor  : 'Lcom/larus/im/internal/jni/bean/OMNIDeviceErrorPayload;'
740211	  Class descriptor  : 'Lcom/larus/im/internal/jni/bean/OMNIFrameConstants$$serializer;'
740594	  Class descriptor  : 'Lcom/larus/im/internal/jni/bean/OMNIFrameConstants$Companion;'
740657	  Class descriptor  : 'Lcom/larus/im/internal/jni/bean/OMNIFrameConstants;'
741033	  Class descriptor  : 'Lcom/larus/im/internal/jni/bean/OMNIMultiPathWorkPayload$$serializer;'
741398	  Class descriptor  : 'Lcom/larus/im/internal/jni/bean/OMNIMultiPathWorkPayload$Companion;'
741461	  Class descriptor  : 'Lcom/larus/im/internal/jni/bean/OMNIMultiPathWorkPayload;'
741828	  Class descriptor  : 'Lcom/larus/im/internal/jni/bean/OMNINetworkChangePayload$$serializer;'
742193	  Class descriptor  : 'Lcom/larus/im/internal/jni/bean/OMNINetworkChangePayload$Companion;'
742256	  Class descriptor  : 'Lcom/larus/im/internal/jni/bean/OMNINetworkChangePayload;'
742623	  Class descriptor  : 'Lcom/larus/im/internal/jni/bean/OMNINetworkQualityPayload$$serializer;'
743030	  Class descriptor  : 'Lcom/larus/im/internal/jni/bean/OMNINetworkQualityPayload$Companion;'
743093	  Class descriptor  : 'Lcom/larus/im/internal/jni/bean/OMNINetworkQualityPayload;'
743572	  Class descriptor  : 'Lcom/larus/im/internal/jni/bean/OMNIReplyEndType$Companion;'
743749	  Class descriptor  : 'Lcom/larus/im/internal/jni/bean/OMNIReplyEndType;'
744150	  Class descriptor  : 'Lcom/larus/im/internal/jni/bean/OMNIReplyStage$Companion;'
744327	  Class descriptor  : 'Lcom/larus/im/internal/jni/bean/OMNIReplyStage;'
744728	  Class descriptor  : 'Lcom/larus/im/internal/jni/bean/OMNIReplyType$Companion;'
744905	  Class descriptor  : 'Lcom/larus/im/internal/jni/bean/OMNIReplyType;'
745306	  Class descriptor  : 'Lcom/larus/im/internal/jni/bean/OMNIRoomIdFetchedPayload$$serializer;'
745689	  Class descriptor  : 'Lcom/larus/im/internal/jni/bean/OMNIRoomIdFetchedPayload$Companion;'
745752	  Class descriptor  : 'Lcom/larus/im/internal/jni/bean/OMNIRoomIdFetchedPayload;'
746128	  Class descriptor  : 'Lcom/larus/im/internal/jni/bean/OMNIScreenSharePayload$$serializer;'
746591	  Class descriptor  : 'Lcom/larus/im/internal/jni/bean/OMNIScreenSharePayload$Companion;'
746654	  Class descriptor  : 'Lcom/larus/im/internal/jni/bean/OMNIScreenSharePayload;'
747252	  Class descriptor  : 'Lcom/larus/im/internal/jni/bean/OMNIStreamType$$serializer;'
747635	  Class descriptor  : 'Lcom/larus/im/internal/jni/bean/OMNIStreamType$Companion;'
747698	  Class descriptor  : 'Lcom/larus/im/internal/jni/bean/OMNIStreamType;'
748074	  Class descriptor  : 'Lcom/larus/im/internal/jni/bean/OMNIVideoCapturePayload$$serializer;'
748537	  Class descriptor  : 'Lcom/larus/im/internal/jni/bean/OMNIVideoCapturePayload$Companion;'
748600	  Class descriptor  : 'Lcom/larus/im/internal/jni/bean/OMNIVideoCapturePayload;'
749198	  Class descriptor  : 'Lcom/larus/im/internal/jni/bean/OMNIVideoSourceStatus$Companion;'
749375	  Class descriptor  : 'Lcom/larus/im/internal/jni/bean/OMNIVideoSourceStatus;'
749776	  Class descriptor  : 'Lcom/larus/im/internal/jni/bean/OmniAIJob$$serializer;'
750758	  Class descriptor  : 'Lcom/larus/im/internal/jni/bean/OmniAIJob$Companion;'
750821	  Class descriptor  : 'Lcom/larus/im/internal/jni/bean/OmniAIJob;'
752579	  Class descriptor  : 'Lcom/larus/im/internal/jni/bean/OmniAIJobChainCursorRequest$$serializer;'
752896	  Class descriptor  : 'Lcom/larus/im/internal/jni/bean/OmniAIJobChainCursorRequest$Companion;'
752959	  Class descriptor  : 'Lcom/larus/im/internal/jni/bean/OmniAIJobChainCursorRequest;'
753073	  Class descriptor  : 'Lcom/larus/im/internal/jni/bean/OmniAIJobChainCursorResponse$$serializer;'
753438	  Class descriptor  : 'Lcom/larus/im/internal/jni/bean/OmniAIJobChainCursorResponse$Companion;'
753501	  Class descriptor  : 'Lcom/larus/im/internal/jni/bean/OmniAIJobChainCursorResponse;'
753872	  Class descriptor  : 'Lcom/larus/im/internal/jni/bean/OmniAIJobChainSyncStateRequest$$serializer;'
754255	  Class descriptor  : 'Lcom/larus/im/internal/jni/bean/OmniAIJobChainSyncStateRequest$Companion;'
754318	  Class descriptor  : 'Lcom/larus/im/internal/jni/bean/OmniAIJobChainSyncStateRequest;'
754694	  Class descriptor  : 'Lcom/larus/im/internal/jni/bean/OmniAIJobChainSyncStateResponse$$serializer;'
755101	  Class descriptor  : 'Lcom/larus/im/internal/jni/bean/OmniAIJobChainSyncStateResponse$Companion;'
755164	  Class descriptor  : 'Lcom/larus/im/internal/jni/bean/OmniAIJobChainSyncStateResponse;'
755652	  Class descriptor  : 'Lcom/larus/im/internal/jni/bean/OmniAIJobIdRequest$$serializer;'
756098	  Class descriptor  : 'Lcom/larus/im/internal/jni/bean/OmniAIJobIdRequest$Companion;'
756161	  Class descriptor  : 'Lcom/larus/im/internal/jni/bean/OmniAIJobIdRequest;'
756659	  Class descriptor  : 'Lcom/larus/im/internal/jni/bean/OmniAIJobListQuery$$serializer;'
757331	  Class descriptor  : 'Lcom/larus/im/internal/jni/bean/OmniAIJobListQuery$Companion;'
757394	  Class descriptor  : 'Lcom/larus/im/internal/jni/bean/OmniAIJobListQuery;'
758548	  Class descriptor  : 'Lcom/larus/im/internal/jni/bean/OmniAIJobListResponse$$serializer;'
759017	  Class descriptor  : 'Lcom/larus/im/internal/jni/bean/OmniAIJobListResponse$Companion;'
759080	  Class descriptor  : 'Lcom/larus/im/internal/jni/bean/OmniAIJobListResponse;'
759684	  Class descriptor  : 'Lcom/larus/im/internal/jni/bean/OmniAIJobOperationResponse$$serializer;'
760049	  Class descriptor  : 'Lcom/larus/im/internal/jni/bean/OmniAIJobOperationResponse$Companion;'
760112	  Class descriptor  : 'Lcom/larus/im/internal/jni/bean/OmniAIJobOperationResponse;'
760483	  Class descriptor  : 'Lcom/larus/im/internal/jni/bean/OmniAIJobRuntimeConfig$$serializer;'
761078	  Class descriptor  : 'Lcom/larus/im/internal/jni/bean/OmniAIJobRuntimeConfig$Companion;'
761141	  Class descriptor  : 'Lcom/larus/im/internal/jni/bean/OmniAIJobRuntimeConfig;'
761997	  Class descriptor  : 'Lcom/larus/im/internal/jni/bean/OmniAIJobScheduleConfig$$serializer;'
762778	  Class descriptor  : 'Lcom/larus/im/internal/jni/bean/OmniAIJobScheduleConfig$Companion;'
762841	  Class descriptor  : 'Lcom/larus/im/internal/jni/bean/OmniAIJobScheduleConfig;'
764143	  Class descriptor  : 'Lcom/larus/im/internal/jni/bean/OmniAIJobScheduleTime$$serializer;'
764653	  Class descriptor  : 'Lcom/larus/im/internal/jni/bean/OmniAIJobScheduleTime$Companion;'
764716	  Class descriptor  : 'Lcom/larus/im/internal/jni/bean/OmniAIJobScheduleTime;'
765432	  Class descriptor  : 'Lcom/larus/im/internal/jni/bean/OmniAIJobUpdatePatch$$serializer;'
766008	  Class descriptor  : 'Lcom/larus/im/internal/jni/bean/OmniAIJobUpdatePatch$Companion;'
766071	  Class descriptor  : 'Lcom/larus/im/internal/jni/bean/OmniAIJobUpdatePatch;'
766818	  Class descriptor  : 'Lcom/larus/im/internal/jni/bean/OmniActionIcon$$serializer;'
767326	  Class descriptor  : 'Lcom/larus/im/internal/jni/bean/OmniActionIcon$Companion;'
767389	  Class descriptor  : 'Lcom/larus/im/internal/jni/bean/OmniActionIcon;'
768013	  Class descriptor  : 'Lcom/larus/im/internal/jni/bean/OmniAgentTaskParam$$serializer;'
768681	  Class descriptor  : 'Lcom/larus/im/internal/jni/bean/OmniAgentTaskParam$Companion;'
768744	  Class descriptor  : 'Lcom/larus/im/internal/jni/bean/OmniAgentTaskParam;'
769778	  Class descriptor  : 'Lcom/larus/im/internal/jni/bean/OmniAgentTaskParamChange$$serializer;'
770238	  Class descriptor  : 'Lcom/larus/im/internal/jni/bean/OmniAgentTaskParamChange$Companion;'
770301	  Class descriptor  : 'Lcom/larus/im/internal/jni/bean/OmniAgentTaskParamChange;'
770908	  Class descriptor  : 'Lcom/larus/im/internal/jni/bean/OmniArchiveOperationStatus$Companion;'
771095	  Class descriptor  : 'Lcom/larus/im/internal/jni/bean/OmniArchiveOperationStatus;'
771526	  Class descriptor  : 'Lcom/larus/im/internal/jni/bean/OmniArchiveStatus$Companion;'
771703	  Class descriptor  : 'Lcom/larus/im/internal/jni/bean/OmniArchiveStatus;'
772104	  Class descriptor  : 'Lcom/larus/im/internal/jni/bean/OmniAudioPreview$$serializer;'
772674	  Class descriptor  : 'Lcom/larus/im/internal/jni/bean/OmniAudioPreview$Companion;'
772737	  Class descriptor  : 'Lcom/larus/im/internal/jni/bean/OmniAudioPreview;'
773484	  Class descriptor  : 'Lcom/larus/im/internal/jni/bean/OmniAuthorizeDispatchDeviceRequest$$serializer;'
773924	  Class descriptor  : 'Lcom/larus/im/internal/jni/bean/OmniAuthorizeDispatchDeviceRequest$Companion;'
773987	  Class descriptor  : 'Lcom/larus/im/internal/jni/bean/OmniAuthorizeDispatchDeviceRequest;'
774485	  Class descriptor  : 'Lcom/larus/im/internal/jni/bean/OmniBatchDeleteConversationRequest$$serializer;'
774990	  Class descriptor  : 'Lcom/larus/im/internal/jni/bean/OmniBatchDeleteConversationRequest$Companion;'
775053	  Class descriptor  : 'Lcom/larus/im/internal/jni/bean/OmniBatchDeleteConversationRequest;'
775730	  Class descriptor  : 'Lcom/larus/im/internal/jni/bean/OmniBatchDeleteConversationResponse$$serializer;'
776244	  Class descriptor  : 'Lcom/larus/im/internal/jni/bean/OmniBatchDeleteConversationResponse$Companion;'
776307	  Class descriptor  : 'Lcom/larus/im/internal/jni/bean/OmniBatchDeleteConversationResponse;'
776975	  Class descriptor  : 'Lcom/larus/im/internal/jni/bean/OmniBatchGetBotRequest$$serializer;'
777712	  Class descriptor  : 'Lcom/larus/im/internal/jni/bean/OmniBatchGetBotRequest$Companion;'
777775	  Class descriptor  : 'Lcom/larus/im/internal/jni/bean/OmniBatchGetBotRequest;'
778938	  Class descriptor  : 'Lcom/larus/im/internal/jni/bean/OmniBatchGetBotResponse$$serializer;'
779362	  Class descriptor  : 'Lcom/larus/im/internal/jni/bean/OmniBatchGetBotResponse$Companion;'
779425	  Class descriptor  : 'Lcom/larus/im/internal/jni/bean/OmniBatchGetBotResponse;'
779909	  Class descriptor  : 'Lcom/larus/im/internal/jni/bean/OmniBatchGetConversationBotIdRequest$$serializer;'
780333	  Class descriptor  : 'Lcom/larus/im/internal/jni/bean/OmniBatchGetConversationBotIdRequest$Companion;'
780396	  Class descriptor  : 'Lcom/larus/im/internal/jni/bean/OmniBatchGetConversationBotIdRequest;'
780880	  Class descriptor  : 'Lcom/larus/im/internal/jni/bean/OmniBatchGetConversationBotIdResponse$$serializer;'
781304	  Class descriptor  : 'Lcom/larus/im/internal/jni/bean/OmniBatchGetConversationBotIdResponse$Companion;'
781367	  Class descriptor  : 'Lcom/larus/im/internal/jni/bean/OmniBatchGetConversationBotIdResponse;'
781851	  Class descriptor  : 'Lcom/larus/im/internal/jni/bean/OmniBatchGetConversationRequest$$serializer;'
782470	  Class descriptor  : 'Lcom/larus/im/internal/jni/bean/OmniBatchGetConversationRequest$Companion;'
782533	  Class descriptor  : 'Lcom/larus/im/internal/jni/bean/OmniBatchGetConversationRequest;'
783451	  Class descriptor  : 'Lcom/larus/im/internal/jni/bean/OmniBatchGetMessagesByIdsRequest$$serializer;'
783938	  Class descriptor  : 'Lcom/larus/im/internal/jni/bean/OmniBatchGetMessagesByIdsRequest$Companion;'
784001	  Class descriptor  : 'Lcom/larus/im/internal/jni/bean/OmniBatchGetMessagesByIdsRequest;'
784612	  Class descriptor  : 'Lcom/larus/im/internal/jni/bean/OmniBgImageInfo$$serializer;'
785653	  Class descriptor  : 'Lcom/larus/im/internal/jni/bean/OmniBgImageInfo$Companion;'
785716	  Class descriptor  : 'Lcom/larus/im/internal/jni/bean/OmniBgImageInfo;'
787603	  Class descriptor  : 'Lcom/larus/im/internal/jni/bean/OmniBizType$Companion;'
787780	  Class descriptor  : 'Lcom/larus/im/internal/jni/bean/OmniBizType;'
788181	  Class descriptor  : 'Lcom/larus/im/internal/jni/bean/OmniBot$$serializer;'
792130	  Class descriptor  : 'Lcom/larus/im/internal/jni/bean/OmniBot$Companion;'
792193	  Class descriptor  : 'Lcom/larus/im/internal/jni/bean/OmniBot;'
797313	  Class descriptor  : 'Lcom/larus/im/internal/jni/bean/OmniBotActionScene$$serializer;'
797800	  Class descriptor  : 'Lcom/larus/im/internal/jni/bean/OmniBotActionScene$Companion;'
797863	  Class descriptor  : 'Lcom/larus/im/internal/jni/bean/OmniBotActionScene;'
798474	  Class descriptor  : 'Lcom/larus/im/internal/jni/bean/OmniBotAddToGroupStatus$Companion;'
798681	  Class descriptor  : 'Lcom/larus/im/internal/jni/bean/OmniBotAddToGroupStatus;'
799172	  Class descriptor  : 'Lcom/larus/im/internal/jni/bean/OmniBotBaseIcon$$serializer;'
799618	  Class descriptor  : 'Lcom/larus/im/internal/jni/bean/OmniBotBaseIcon$Companion;'
799681	  Class descriptor  : 'Lcom/larus/im/internal/jni/bean/OmniBotBaseIcon;'
800179	  Class descriptor  : 'Lcom/larus/im/internal/jni/bean/OmniBotBigAvatar$$serializer;'
800619	  Class descriptor  : 'Lcom/larus/im/internal/jni/bean/OmniBotBigAvatar$Companion;'
800682	  Class descriptor  : 'Lcom/larus/im/internal/jni/bean/OmniBotBigAvatar;'
801180	  Class descriptor  : 'Lcom/larus/im/internal/jni/bean/OmniBotBioModel$$serializer;'
801694	  Class descriptor  : 'Lcom/larus/im/internal/jni/bean/OmniBotBioModel$Companion;'
801757	  Class descriptor  : 'Lcom/larus/im/internal/jni/bean/OmniBotBioModel;'
802381	  Class descriptor  : 'Lcom/larus/im/internal/jni/bean/OmniBotCallConfig$$serializer;'
802827	  Class descriptor  : 'Lcom/larus/im/internal/jni/bean/OmniBotCallConfig$Companion;'
802890	  Class descriptor  : 'Lcom/larus/im/internal/jni/bean/OmniBotCallConfig;'
803388	  Class descriptor  : 'Lcom/larus/im/internal/jni/bean/OmniBotCallIcon$$serializer;'
803958	  Class descriptor  : 'Lcom/larus/im/internal/jni/bean/OmniBotCallIcon$Companion;'
804021	  Class descriptor  : 'Lcom/larus/im/internal/jni/bean/OmniBotCallIcon;'
804768	  Class descriptor  : 'Lcom/larus/im/internal/jni/bean/OmniBotCommentInfo$$serializer;'
805189	  Class descriptor  : 'Lcom/larus/im/internal/jni/bean/OmniBotCommentInfo$Companion;'
805252	  Class descriptor  : 'Lcom/larus/im/internal/jni/bean/OmniBotCommentInfo;'
805750	  Class descriptor  : 'Lcom/larus/im/internal/jni/bean/OmniBotConfig$$serializer;'
806468	  Class descriptor  : 'Lcom/larus/im/internal/jni/bean/OmniBotConfig$Companion;'
806531	  Class descriptor  : 'Lcom/larus/im/internal/jni/bean/OmniBotConfig;'
807579	  Class descriptor  : 'Lcom/larus/im/internal/jni/bean/OmniBotConfigItem$$serializer;'
808087	  Class descriptor  : 'Lcom/larus/im/internal/jni/bean/OmniBotConfigItem$Companion;'
808150	  Class descriptor  : 'Lcom/larus/im/internal/jni/bean/OmniBotConfigItem;'
808774	  Class descriptor  : 'Lcom/larus/im/internal/jni/bean/OmniBotConversation$$serializer;'
809214	  Class descriptor  : 'Lcom/larus/im/internal/jni/bean/OmniBotConversation$Companion;'
809277	  Class descriptor  : 'Lcom/larus/im/internal/jni/bean/OmniBotConversation;'
809775	  Class descriptor  : 'Lcom/larus/im/internal/jni/bean/OmniBotConversationType$Companion;'
809982	  Class descriptor  : 'Lcom/larus/im/internal/jni/bean/OmniBotConversationType;'
810475	  Class descriptor  : 'Lcom/larus/im/internal/jni/bean/OmniBotDescription$$serializer;'
810915	  Class descriptor  : 'Lcom/larus/im/internal/jni/bean/OmniBotDescription$Companion;'
810978	  Class descriptor  : 'Lcom/larus/im/internal/jni/bean/OmniBotDescription;'
811476	  Class descriptor  : 'Lcom/larus/im/internal/jni/bean/OmniBotFeatureConfig$$serializer;'
812063	  Class descriptor  : 'Lcom/larus/im/internal/jni/bean/OmniBotFeatureConfig$Companion;'
812126	  Class descriptor  : 'Lcom/larus/im/internal/jni/bean/OmniBotFeatureConfig;'
812926	  Class descriptor  : 'Lcom/larus/im/internal/jni/bean/OmniBotFirstMet$$serializer;'
813470	  Class descriptor  : 'Lcom/larus/im/internal/jni/bean/OmniBotFirstMet$Companion;'
813533	  Class descriptor  : 'Lcom/larus/im/internal/jni/bean/OmniBotFirstMet;'
814269	  Class descriptor  : 'Lcom/larus/im/internal/jni/bean/OmniBotIcon$$serializer;'
814789	  Class descriptor  : 'Lcom/larus/im/internal/jni/bean/OmniBotIcon$Companion;'
814852	  Class descriptor  : 'Lcom/larus/im/internal/jni/bean/OmniBotIcon;'
815476	  Class descriptor  : 'Lcom/larus/im/internal/jni/bean/OmniBotImage$$serializer;'
816108	  Class descriptor  : 'Lcom/larus/im/internal/jni/bean/OmniBotImage$Companion;'
816171	  Class descriptor  : 'Lcom/larus/im/internal/jni/bean/OmniBotImage;'
817087	  Class descriptor  : 'Lcom/larus/im/internal/jni/bean/OmniBotImerseConfig$$serializer;'
817725	  Class descriptor  : 'Lcom/larus/im/internal/jni/bean/OmniBotImerseConfig$Companion;'
817788	  Class descriptor  : 'Lcom/larus/im/internal/jni/bean/OmniBotImerseConfig;'
818704	  Class descriptor  : 'Lcom/larus/im/internal/jni/bean/OmniBotInteraction$$serializer;'
819702	  Class descriptor  : 'Lcom/larus/im/internal/jni/bean/OmniBotInteraction$Companion;'
819765	  Class descriptor  : 'Lcom/larus/im/internal/jni/bean/OmniBotInteraction;'
821425	  Class descriptor  : 'Lcom/larus/im/internal/jni/bean/OmniBotLoadingConfig$$serializer;'
821790	  Class descriptor  : 'Lcom/larus/im/internal/jni/bean/OmniBotLoadingConfig$Companion;'
821853	  Class descriptor  : 'Lcom/larus/im/internal/jni/bean/OmniBotLoadingConfig;'
822224	  Class descriptor  : 'Lcom/larus/im/internal/jni/bean/OmniBotMemoryInfo$$serializer;'
822780	  Class descriptor  : 'Lcom/larus/im/internal/jni/bean/OmniBotMemoryInfo$Companion;'
822843	  Class descriptor  : 'Lcom/larus/im/internal/jni/bean/OmniBotMemoryInfo;'
823722	  Class descriptor  : 'Lcom/larus/im/internal/jni/bean/OmniBotMetadata$$serializer;'
824400	  Class descriptor  : 'Lcom/larus/im/internal/jni/bean/OmniBotMetadata$Companion;'
824463	  Class descriptor  : 'Lcom/larus/im/internal/jni/bean/OmniBotMetadata;'
825525	  Class descriptor  : 'Lcom/larus/im/internal/jni/bean/OmniBotMode$Companion;'
825702	  Class descriptor  : 'Lcom/larus/im/internal/jni/bean/OmniBotMode;'
826103	  Class descriptor  : 'Lcom/larus/im/internal/jni/bean/OmniBotNamedUser$$serializer;'
826531	  Class descriptor  : 'Lcom/larus/im/internal/jni/bean/OmniBotNamedUser$Companion;'
826594	  Class descriptor  : 'Lcom/larus/im/internal/jni/bean/OmniBotNamedUser;'
827085	  Class descriptor  : 'Lcom/larus/im/internal/jni/bean/OmniBotOnBoarding$$serializer;'
827816	  Class descriptor  : 'Lcom/larus/im/internal/jni/bean/OmniBotOnBoarding$Companion;'
827879	  Class descriptor  : 'Lcom/larus/im/internal/jni/bean/OmniBotOnBoarding;'
829097	  Class descriptor  : 'Lcom/larus/im/internal/jni/bean/OmniBotPrivateStatus$Companion;'
829284	  Class descriptor  : 'Lcom/larus/im/internal/jni/bean/OmniBotPrivateStatus;'
829715	  Class descriptor  : 'Lcom/larus/im/internal/jni/bean/OmniBotPushConfirmInfo$$serializer;'
830155	  Class descriptor  : 'Lcom/larus/im/internal/jni/bean/OmniBotPushConfirmInfo$Companion;'
830218	  Class descriptor  : 'Lcom/larus/im/internal/jni/bean/OmniBotPushConfirmInfo;'
830716	  Class descriptor  : 'Lcom/larus/im/internal/jni/bean/OmniBotPushInfo$$serializer;'
831199	  Class descriptor  : 'Lcom/larus/im/internal/jni/bean/OmniBotPushInfo$Companion;'
831262	  Class descriptor  : 'Lcom/larus/im/internal/jni/bean/OmniBotPushInfo;'
831875	  Class descriptor  : 'Lcom/larus/im/internal/jni/bean/OmniBotReviewStatus$$serializer;'
832303	  Class descriptor  : 'Lcom/larus/im/internal/jni/bean/OmniBotReviewStatus$Companion;'
832366	  Class descriptor  : 'Lcom/larus/im/internal/jni/bean/OmniBotReviewStatus;'
832853	  Class descriptor  : 'Lcom/larus/im/internal/jni/bean/OmniBotSettings$$serializer;'
833299	  Class descriptor  : 'Lcom/larus/im/internal/jni/bean/OmniBotSettings$Companion;'
833362	  Class descriptor  : 'Lcom/larus/im/internal/jni/bean/OmniBotSettings;'
833860	  Class descriptor  : 'Lcom/larus/im/internal/jni/bean/OmniBotStatistic$$serializer;'
834299	  Class descriptor  : 'Lcom/larus/im/internal/jni/bean/OmniBotStatistic$Companion;'
834362	  Class descriptor  : 'Lcom/larus/im/internal/jni/bean/OmniBotStatistic;'
834861	  Class descriptor  : 'Lcom/larus/im/internal/jni/bean/OmniBotSwitchConfig$$serializer;'
835268	  Class descriptor  : 'Lcom/larus/im/internal/jni/bean/OmniBotSwitchConfig$Companion;'
835331	  Class descriptor  : 'Lcom/larus/im/internal/jni/bean/OmniBotSwitchConfig;'
835819	  Class descriptor  : 'Lcom/larus/im/internal/jni/bean/OmniBotType$Companion;'
836016	  Class descriptor  : 'Lcom/larus/im/internal/jni/bean/OmniBotType;'
836477	  Class descriptor  : 'Lcom/larus/im/internal/jni/bean/OmniBreakReason$Companion;'
836704	  Class descriptor  : 'Lcom/larus/im/internal/jni/bean/OmniBreakReason;'
837448	  Class descriptor  : 'Lcom/larus/im/internal/jni/bean/OmniCallInstructionModel$$serializer;'
837887	  Class descriptor  : 'Lcom/larus/im/internal/jni/bean/OmniCallInstructionModel$Companion;'
837950	  Class descriptor  : 'Lcom/larus/im/internal/jni/bean/OmniCallInstructionModel;'
838449	  Class descriptor  : 'Lcom/larus/im/internal/jni/bean/OmniCallSceneModel$$serializer;'
839652	  Class descriptor  : 'Lcom/larus/im/internal/jni/bean/OmniCallSceneModel$Companion;'
839715	  Class descriptor  : 'Lcom/larus/im/internal/jni/bean/OmniCallSceneModel;'
841863	  Class descriptor  : 'Lcom/larus/im/internal/jni/bean/OmniCallSceneModelList$$serializer;'
842332	  Class descriptor  : 'Lcom/larus/im/internal/jni/bean/OmniCallSceneModelList$Companion;'
842395	  Class descriptor  : 'Lcom/larus/im/internal/jni/bean/OmniCallSceneModelList;'
842995	  Class descriptor  : 'Lcom/larus/im/internal/jni/bean/OmniCameraTabConfig$$serializer;'
843726	  Class descriptor  : 'Lcom/larus/im/internal/jni/bean/OmniCameraTabConfig$Companion;'
843789	  Class descriptor  : 'Lcom/larus/im/internal/jni/bean/OmniCameraTabConfig;'
845007	  Class descriptor  : 'Lcom/larus/im/internal/jni/bean/OmniCameraTabItem$$serializer;'
845505	  Class descriptor  : 'Lcom/larus/im/internal/jni/bean/OmniCameraTabItem$Companion;'
845568	  Class descriptor  : 'Lcom/larus/im/internal/jni/bean/OmniCameraTabItem;'
846182	  Class descriptor  : 'Lcom/larus/im/internal/jni/bean/OmniCellType$Companion;'
846359	  Class descriptor  : 'Lcom/larus/im/internal/jni/bean/OmniCellType;'
846760	  Class descriptor  : 'Lcom/larus/im/internal/jni/bean/OmniChangeRegenMessageDirection$Companion;'
846927	  Class descriptor  : 'Lcom/larus/im/internal/jni/bean/OmniChangeRegenMessageDirection;'
847298	  Class descriptor  : 'Lcom/larus/im/internal/jni/bean/OmniChangeRegenMessageRequest$$serializer;'
847987	  Class descriptor  : 'Lcom/larus/im/internal/jni/bean/OmniChangeRegenMessageRequest$Companion;'
848050	  Class descriptor  : 'Lcom/larus/im/internal/jni/bean/OmniChangeRegenMessageRequest;'
849104	  Class descriptor  : 'Lcom/larus/im/internal/jni/bean/OmniChangeRegenMessageResponse$$serializer;'
849602	  Class descriptor  : 'Lcom/larus/im/internal/jni/bean/OmniChangeRegenMessageResponse$Companion;'
849665	  Class descriptor  : 'Lcom/larus/im/internal/jni/bean/OmniChangeRegenMessageResponse;'
850283	  Class descriptor  : 'Lcom/larus/im/internal/jni/bean/OmniClearMessageContextRequest$$serializer;'
850881	  Class descriptor  : 'Lcom/larus/im/internal/jni/bean/OmniClearMessageContextRequest$Companion;'
850944	  Class descriptor  : 'Lcom/larus/im/internal/jni/bean/OmniClearMessageContextRequest;'
851815	  Class descriptor  : 'Lcom/larus/im/internal/jni/bean/OmniClearMessageContextResponse$$serializer;'
852198	  Class descriptor  : 'Lcom/larus/im/internal/jni/bean/OmniClearMessageContextResponse$Companion;'
852261	  Class descriptor  : 'Lcom/larus/im/internal/jni/bean/OmniClearMessageContextResponse;'
852637	  Class descriptor  : 'Lcom/larus/im/internal/jni/bean/OmniClearMessageHistoryRequest$$serializer;'
853115	  Class descriptor  : 'Lcom/larus/im/internal/jni/bean/OmniClearMessageHistoryRequest$Companion;'
853178	  Class descriptor  : 'Lcom/larus/im/internal/jni/bean/OmniClearMessageHistoryRequest;'
853798	  Class descriptor  : 'Lcom/larus/im/internal/jni/bean/OmniCmdType$Companion;'
853965	  Class descriptor  : 'Lcom/larus/im/internal/jni/bean/OmniCmdType;'
854336	  Class descriptor  : 'Lcom/larus/im/internal/jni/bean/OmniCommonRequest$$serializer;'
854719	  Class descriptor  : 'Lcom/larus/im/internal/jni/bean/OmniCommonRequest$Companion;'
854782	  Class descriptor  : 'Lcom/larus/im/internal/jni/bean/OmniCommonRequest;'
855158	  Class descriptor  : 'Lcom/larus/im/internal/jni/bean/OmniCommonResponse$$serializer;'
855523	  Class descriptor  : 'Lcom/larus/im/internal/jni/bean/OmniCommonResponse$Companion;'
855586	  Class descriptor  : 'Lcom/larus/im/internal/jni/bean/OmniCommonResponse;'
855957	  Class descriptor  : 'Lcom/larus/im/internal/jni/bean/OmniConversation$$serializer;'
860604	  Class descriptor  : 'Lcom/larus/im/internal/jni/bean/OmniConversation$Companion;'
860667	  Class descriptor  : 'Lcom/larus/im/internal/jni/bean/OmniConversation;'
867754	  Class descriptor  : 'Lcom/larus/im/internal/jni/bean/OmniConversationCheckFrom$Companion;'
867921	  Class descriptor  : 'Lcom/larus/im/internal/jni/bean/OmniConversationCheckFrom;'
868292	  Class descriptor  : 'Lcom/larus/im/internal/jni/bean/OmniConversationCheckRequest$$serializer;'
868770	  Class descriptor  : 'Lcom/larus/im/internal/jni/bean/OmniConversationCheckRequest$Companion;'
868833	  Class descriptor  : 'Lcom/larus/im/internal/jni/bean/OmniConversationCheckRequest;'
869448	  Class descriptor  : 'Lcom/larus/im/internal/jni/bean/OmniConversationCreateChannel$Companion;'
869625	  Class descriptor  : 'Lcom/larus/im/internal/jni/bean/OmniConversationCreateChannel;'
870026	  Class descriptor  : 'Lcom/larus/im/internal/jni/bean/OmniConversationCreateScene$Companion;'
870223	  Class descriptor  : 'Lcom/larus/im/internal/jni/bean/OmniConversationCreateScene;'
870684	  Class descriptor  : 'Lcom/larus/im/internal/jni/bean/OmniConversationLatestRequest$$serializer;'
871108	  Class descriptor  : 'Lcom/larus/im/internal/jni/bean/OmniConversationLatestRequest$Companion;'
871171	  Class descriptor  : 'Lcom/larus/im/internal/jni/bean/OmniConversationLatestRequest;'
871657	  Class descriptor  : 'Lcom/larus/im/internal/jni/bean/OmniConversationListResponse$$serializer;'
872081	  Class descriptor  : 'Lcom/larus/im/internal/jni/bean/OmniConversationListResponse$Companion;'
872144	  Class descriptor  : 'Lcom/larus/im/internal/jni/bean/OmniConversationListResponse;'
872628	  Class descriptor  : 'Lcom/larus/im/internal/jni/bean/OmniConversationMainRequest$$serializer;'
873106	  Class descriptor  : 'Lcom/larus/im/internal/jni/bean/OmniConversationMainRequest$Companion;'
873169	  Class descriptor  : 'Lcom/larus/im/internal/jni/bean/OmniConversationMainRequest;'
873789	  Class descriptor  : 'Lcom/larus/im/internal/jni/bean/OmniConversationPage$$serializer;'
874552	  Class descriptor  : 'Lcom/larus/im/internal/jni/bean/OmniConversationPage$Companion;'
874615	  Class descriptor  : 'Lcom/larus/im/internal/jni/bean/OmniConversationPage;'
875983	  Class descriptor  : 'Lcom/larus/im/internal/jni/bean/OmniConversationProjectStatus$Companion;'
876160	  Class descriptor  : 'Lcom/larus/im/internal/jni/bean/OmniConversationProjectStatus;'
876561	  Class descriptor  : 'Lcom/larus/im/internal/jni/bean/OmniConversationRecentMessage$$serializer;'
877121	  Class descriptor  : 'Lcom/larus/im/internal/jni/bean/OmniConversationRecentMessage$Companion;'
877184	  Class descriptor  : 'Lcom/larus/im/internal/jni/bean/OmniConversationRecentMessage;'
877926	  Class descriptor  : 'Lcom/larus/im/internal/jni/bean/OmniConversationReplaceRequest$$serializer;'
878471	  Class descriptor  : 'Lcom/larus/im/internal/jni/bean/OmniConversationReplaceRequest$Companion;'
878534	  Class descriptor  : 'Lcom/larus/im/internal/jni/bean/OmniConversationReplaceRequest;'
879287	  Class descriptor  : 'Lcom/larus/im/internal/jni/bean/OmniConversationReviewStatus$Companion;'
879484	  Class descriptor  : 'Lcom/larus/im/internal/jni/bean/OmniConversationReviewStatus;'
879945	  Class descriptor  : 'Lcom/larus/im/internal/jni/bean/OmniConversationSortType$Companion;'
880112	  Class descriptor  : 'Lcom/larus/im/internal/jni/bean/OmniConversationSortType;'
880483	  Class descriptor  : 'Lcom/larus/im/internal/jni/bean/OmniConversationStatus$Companion;'
880680	  Class descriptor  : 'Lcom/larus/im/internal/jni/bean/OmniConversationStatus;'
881235	  Class descriptor  : 'Lcom/larus/im/internal/jni/bean/OmniConversationType$Companion;'
881432	  Class descriptor  : 'Lcom/larus/im/internal/jni/bean/OmniConversationType;'
881893	  Class descriptor  : 'Lcom/larus/im/internal/jni/bean/OmniCreateAIJobRequest$$serializer;'
882655	  Class descriptor  : 'Lcom/larus/im/internal/jni/bean/OmniCreateAIJobRequest$Companion;'
882718	  Class descriptor  : 'Lcom/larus/im/internal/jni/bean/OmniCreateAIJobRequest;'
883898	  Class descriptor  : 'Lcom/larus/im/internal/jni/bean/OmniCreateBotRequest$$serializer;'
886009	  Class descriptor  : 'Lcom/larus/im/internal/jni/bean/OmniCreateBotRequest$Companion;'
886072	  Class descriptor  : 'Lcom/larus/im/internal/jni/bean/OmniCreateBotRequest;'
889533	  Class descriptor  : 'Lcom/larus/im/internal/jni/bean/OmniCreateConversationMeta$$serializer;'
890430	  Class descriptor  : 'Lcom/larus/im/internal/jni/bean/OmniCreateConversationMeta$Companion;'
890493	  Class descriptor  : 'Lcom/larus/im/internal/jni/bean/OmniCreateConversationMeta;'
892066	  Class descriptor  : 'Lcom/larus/im/internal/jni/bean/OmniCreateConversationOption$$serializer;'
892955	  Class descriptor  : 'Lcom/larus/im/internal/jni/bean/OmniCreateConversationOption$Companion;'
893018	  Class descriptor  : 'Lcom/larus/im/internal/jni/bean/OmniCreateConversationOption;'
894571	  Class descriptor  : 'Lcom/larus/im/internal/jni/bean/OmniCreateConversationRequest$$serializer;'
895091	  Class descriptor  : 'Lcom/larus/im/internal/jni/bean/OmniCreateConversationRequest$Companion;'
895154	  Class descriptor  : 'Lcom/larus/im/internal/jni/bean/OmniCreateConversationRequest;'
895778	  Class descriptor  : 'Lcom/larus/im/internal/jni/bean/OmniCreateConversationResponse$$serializer;'
896161	  Class descriptor  : 'Lcom/larus/im/internal/jni/bean/OmniCreateConversationResponse$Companion;'
896224	  Class descriptor  : 'Lcom/larus/im/internal/jni/bean/OmniCreateConversationResponse;'
896600	  Class descriptor  : 'Lcom/larus/im/internal/jni/bean/OmniCreateConversationSubOption$$serializer;'
897039	  Class descriptor  : 'Lcom/larus/im/internal/jni/bean/OmniCreateConversationSubOption$Companion;'
897102	  Class descriptor  : 'Lcom/larus/im/internal/jni/bean/OmniCreateConversationSubOption;'
897601	  Class descriptor  : 'Lcom/larus/im/internal/jni/bean/OmniCreateConversationType$Companion;'
897778	  Class descriptor  : 'Lcom/larus/im/internal/jni/bean/OmniCreateConversationType;'
898179	  Class descriptor  : 'Lcom/larus/im/internal/jni/bean/OmniCreateProjectRequest$$serializer;'
898666	  Class descriptor  : 'Lcom/larus/im/internal/jni/bean/OmniCreateProjectRequest$Companion;'
898729	  Class descriptor  : 'Lcom/larus/im/internal/jni/bean/OmniCreateProjectRequest;'
899340	  Class descriptor  : 'Lcom/larus/im/internal/jni/bean/OmniCreateProjectResponse$$serializer;'
899723	  Class descriptor  : 'Lcom/larus/im/internal/jni/bean/OmniCreateProjectResponse$Companion;'
899786	  Class descriptor  : 'Lcom/larus/im/internal/jni/bean/OmniCreateProjectResponse;'
900162	  Class descriptor  : 'Lcom/larus/im/internal/jni/bean/OmniCreationIdInfo$$serializer;'
900603	  Class descriptor  : 'Lcom/larus/im/internal/jni/bean/OmniCreationIdInfo$Companion;'
900666	  Class descriptor  : 'Lcom/larus/im/internal/jni/bean/OmniCreationIdInfo;'
901170	  Class descriptor  : 'Lcom/larus/im/internal/jni/bean/OmniCreatorInfo$$serializer;'
901684	  Class descriptor  : 'Lcom/larus/im/internal/jni/bean/OmniCreatorInfo$Companion;'
901747	  Class descriptor  : 'Lcom/larus/im/internal/jni/bean/OmniCreatorInfo;'
902371	  Class descriptor  : 'Lcom/larus/im/internal/jni/bean/OmniDeleteBotRequest$$serializer;'
902754	  Class descriptor  : 'Lcom/larus/im/internal/jni/bean/OmniDeleteBotRequest$Companion;'
902817	  Class descriptor  : 'Lcom/larus/im/internal/jni/bean/OmniDeleteBotRequest;'
903193	  Class descriptor  : 'Lcom/larus/im/internal/jni/bean/OmniDeleteConversationRequest$$serializer;'
903791	  Class descriptor  : 'Lcom/larus/im/internal/jni/bean/OmniDeleteConversationRequest$Companion;'
903854	  Class descriptor  : 'Lcom/larus/im/internal/jni/bean/OmniDeleteConversationRequest;'
904725	  Class descriptor  : 'Lcom/larus/im/internal/jni/bean/OmniDeleteMessagesByConversationIdRequest$$serializer;'
905223	  Class descriptor  : 'Lcom/larus/im/internal/jni/bean/OmniDeleteMessagesByConversationIdRequest$Companion;'
905286	  Class descriptor  : 'Lcom/larus/im/internal/jni/bean/OmniDeleteMessagesByConversationIdRequest;'
905904	  Class descriptor  : 'Lcom/larus/im/internal/jni/bean/OmniDeleteMessagesRequest$$serializer;'
906523	  Class descriptor  : 'Lcom/larus/im/internal/jni/bean/OmniDeleteMessagesRequest$Companion;'
906586	  Class descriptor  : 'Lcom/larus/im/internal/jni/bean/OmniDeleteMessagesRequest;'
907504	  Class descriptor  : 'Lcom/larus/im/internal/jni/bean/OmniDeleteProjectRequest$$serializer;'
907887	  Class descriptor  : 'Lcom/larus/im/internal/jni/bean/OmniDeleteProjectRequest$Companion;'
907950	  Class descriptor  : 'Lcom/larus/im/internal/jni/bean/OmniDeleteProjectRequest;'
908326	  Class descriptor  : 'Lcom/larus/im/internal/jni/bean/OmniDeleteProjectResponse$$serializer;'
908709	  Class descriptor  : 'Lcom/larus/im/internal/jni/bean/OmniDeleteProjectResponse$Companion;'
908772	  Class descriptor  : 'Lcom/larus/im/internal/jni/bean/OmniDeleteProjectResponse;'
909148	  Class descriptor  : 'Lcom/larus/im/internal/jni/bean/OmniDeleteThreadRequest$$serializer;'
909576	  Class descriptor  : 'Lcom/larus/im/internal/jni/bean/OmniDeleteThreadRequest$Companion;'
909639	  Class descriptor  : 'Lcom/larus/im/internal/jni/bean/OmniDeleteThreadRequest;'
910130	  Class descriptor  : 'Lcom/larus/im/internal/jni/bean/OmniDeviceStatus$Companion;'
910307	  Class descriptor  : 'Lcom/larus/im/internal/jni/bean/OmniDeviceStatus;'
910708	  Class descriptor  : 'Lcom/larus/im/internal/jni/bean/OmniDigitalHumanDataModel$$serializer;'
911268	  Class descriptor  : 'Lcom/larus/im/internal/jni/bean/OmniDigitalHumanDataModel$Companion;'
911331	  Class descriptor  : 'Lcom/larus/im/internal/jni/bean/OmniDigitalHumanDataModel;'
912068	  Class descriptor  : 'Lcom/larus/im/internal/jni/bean/OmniDispatchCommandAcceptedResponse$$serializer;'
912496	  Class descriptor  : 'Lcom/larus/im/internal/jni/bean/OmniDispatchCommandAcceptedResponse$Companion;'
912559	  Class descriptor  : 'Lcom/larus/im/internal/jni/bean/OmniDispatchCommandAcceptedResponse;'
913046	  Class descriptor  : 'Lcom/larus/im/internal/jni/bean/OmniDispatchCommandFrom$Companion;'
913213	  Class descriptor  : 'Lcom/larus/im/internal/jni/bean/OmniDispatchCommandFrom;'
913584	  Class descriptor  : 'Lcom/larus/im/internal/jni/bean/OmniDispatchCommandRequest$$serializer;'
914088	  Class descriptor  : 'Lcom/larus/im/internal/jni/bean/OmniDispatchCommandRequest$Companion;'
914151	  Class descriptor  : 'Lcom/larus/im/internal/jni/bean/OmniDispatchCommandRequest;'
914765	  Class descriptor  : 'Lcom/larus/im/internal/jni/bean/OmniDispatchCommandResponse$$serializer;'
915243	  Class descriptor  : 'Lcom/larus/im/internal/jni/bean/OmniDispatchCommandResponse$Companion;'
915306	  Class descriptor  : 'Lcom/larus/im/internal/jni/bean/OmniDispatchCommandResponse;'
915921	  Class descriptor  : 'Lcom/larus/im/internal/jni/bean/OmniFeedbackMessageRequest$$serializer;'
917108	  Class descriptor  : 'Lcom/larus/im/internal/jni/bean/OmniFeedbackMessageRequest$Companion;'
917171	  Class descriptor  : 'Lcom/larus/im/internal/jni/bean/OmniFeedbackMessageRequest;'
919289	  Class descriptor  : 'Lcom/larus/im/internal/jni/bean/OmniFetchCmdChainRequest$$serializer;'
919704	  Class descriptor  : 'Lcom/larus/im/internal/jni/bean/OmniFetchCmdChainRequest$Companion;'
919767	  Class descriptor  : 'Lcom/larus/im/internal/jni/bean/OmniFetchCmdChainRequest;'
920262	  Class descriptor  : 'Lcom/larus/im/internal/jni/bean/OmniFetchCmdChainScene$Companion;'
920459	  Class descriptor  : 'Lcom/larus/im/internal/jni/bean/OmniFetchCmdChainScene;'
921011	  Class descriptor  : 'Lcom/larus/im/internal/jni/bean/OmniFetchMessageListRequest$$serializer;'
921849	  Class descriptor  : 'Lcom/larus/im/internal/jni/bean/OmniFetchMessageListRequest$Companion;'
921912	  Class descriptor  : 'Lcom/larus/im/internal/jni/bean/OmniFetchMessageListRequest;'
923368	  Class descriptor  : 'Lcom/larus/im/internal/jni/bean/OmniFetchMessageListScene$Companion;'
923581	  Class descriptor  : 'Lcom/larus/im/internal/jni/bean/OmniFetchMessageListScene;'
924200	  Class descriptor  : 'Lcom/larus/im/internal/jni/bean/OmniFetchProjectChainRequest$$serializer;'
924615	  Class descriptor  : 'Lcom/larus/im/internal/jni/bean/OmniFetchProjectChainRequest$Companion;'
924678	  Class descriptor  : 'Lcom/larus/im/internal/jni/bean/OmniFetchProjectChainRequest;'
925173	  Class descriptor  : 'Lcom/larus/im/internal/jni/bean/OmniFetchProjectChainScene$Companion;'
925360	  Class descriptor  : 'Lcom/larus/im/internal/jni/bean/OmniFetchProjectChainScene;'
925791	  Class descriptor  : 'Lcom/larus/im/internal/jni/bean/OmniFetchRecentConvScene$Companion;'
925988	  Class descriptor  : 'Lcom/larus/im/internal/jni/bean/OmniFetchRecentConvScene;'
926543	  Class descriptor  : 'Lcom/larus/im/internal/jni/bean/OmniFinishChainRequest$$serializer;'
926908	  Class descriptor  : 'Lcom/larus/im/internal/jni/bean/OmniFinishChainRequest$Companion;'
926971	  Class descriptor  : 'Lcom/larus/im/internal/jni/bean/OmniFinishChainRequest;'
927342	  Class descriptor  : 'Lcom/larus/im/internal/jni/bean/OmniFixRegenMessageRequest$$serializer;'
927725	  Class descriptor  : 'Lcom/larus/im/internal/jni/bean/OmniFixRegenMessageRequest$Companion;'
927788	  Class descriptor  : 'Lcom/larus/im/internal/jni/bean/OmniFixRegenMessageRequest;'
928164	  Class descriptor  : 'Lcom/larus/im/internal/jni/bean/OmniGenerateFakeOnboardingMessagesRequest$$serializer;'
928678	  Class descriptor  : 'Lcom/larus/im/internal/jni/bean/OmniGenerateFakeOnboardingMessagesRequest$Companion;'
928741	  Class descriptor  : 'Lcom/larus/im/internal/jni/bean/OmniGenerateFakeOnboardingMessagesRequest;'
929365	  Class descriptor  : 'Lcom/larus/im/internal/jni/bean/OmniGenerateFakeOnboardingMessagesResponse$$serializer;'
929789	  Class descriptor  : 'Lcom/larus/im/internal/jni/bean/OmniGenerateFakeOnboardingMessagesResponse$Companion;'
929852	  Class descriptor  : 'Lcom/larus/im/internal/jni/bean/OmniGenerateFakeOnboardingMessagesResponse;'
930336	  Class descriptor  : 'Lcom/larus/im/internal/jni/bean/OmniGetAIJobRequest$$serializer;'
930840	  Class descriptor  : 'Lcom/larus/im/internal/jni/bean/OmniGetAIJobRequest$Companion;'
930903	  Class descriptor  : 'Lcom/larus/im/internal/jni/bean/OmniGetAIJobRequest;'
931521	  Class descriptor  : 'Lcom/larus/im/internal/jni/bean/OmniGetBotMode$Companion;'
931698	  Class descriptor  : 'Lcom/larus/im/internal/jni/bean/OmniGetBotMode;'
932099	  Class descriptor  : 'Lcom/larus/im/internal/jni/bean/OmniGetBotRequest$$serializer;'
932775	  Class descriptor  : 'Lcom/larus/im/internal/jni/bean/OmniGetBotRequest$Companion;'
932838	  Class descriptor  : 'Lcom/larus/im/internal/jni/bean/OmniGetBotRequest;'
933887	  Class descriptor  : 'Lcom/larus/im/internal/jni/bean/OmniGetConversationLastMessageIndexRequest$$serializer;'
934270	  Class descriptor  : 'Lcom/larus/im/internal/jni/bean/OmniGetConversationLastMessageIndexRequest$Companion;'
934333	  Class descriptor  : 'Lcom/larus/im/internal/jni/bean/OmniGetConversationLastMessageIndexRequest;'
934709	  Class descriptor  : 'Lcom/larus/im/internal/jni/bean/OmniGetConversationLastMessageIndexResponse$$serializer;'
935077	  Class descriptor  : 'Lcom/larus/im/internal/jni/bean/OmniGetConversationLastMessageIndexResponse$Companion;'
935140	  Class descriptor  : 'Lcom/larus/im/internal/jni/bean/OmniGetConversationLastMessageIndexResponse;'
935522	  Class descriptor  : 'Lcom/larus/im/internal/jni/bean/OmniGetConversationListAnchor$$serializer;'
936182	  Class descriptor  : 'Lcom/larus/im/internal/jni/bean/OmniGetConversationListAnchor$Companion;'
936245	  Class descriptor  : 'Lcom/larus/im/internal/jni/bean/OmniGetConversationListAnchor;'
937292	  Class descriptor  : 'Lcom/larus/im/internal/jni/bean/OmniGetConversationListRequest$$serializer;'
937937	  Class descriptor  : 'Lcom/larus/im/internal/jni/bean/OmniGetConversationListRequest$Companion;'
938000	  Class descriptor  : 'Lcom/larus/im/internal/jni/bean/OmniGetConversationListRequest;'
939028	  Class descriptor  : 'Lcom/larus/im/internal/jni/bean/OmniGetConversationListResponse$$serializer;'
939605	  Class descriptor  : 'Lcom/larus/im/internal/jni/bean/OmniGetConversationListResponse$Companion;'
939668	  Class descriptor  : 'Lcom/larus/im/internal/jni/bean/OmniGetConversationListResponse;'
940563	  Class descriptor  : 'Lcom/larus/im/internal/jni/bean/OmniGetConversationRequest$$serializer;'
941284	  Class descriptor  : 'Lcom/larus/im/internal/jni/bean/OmniGetConversationRequest$Companion;'
941347	  Class descriptor  : 'Lcom/larus/im/internal/jni/bean/OmniGetConversationRequest;'
942457	  Class descriptor  : 'Lcom/larus/im/internal/jni/bean/OmniGetConversationResponse$$serializer;'
942840	  Class descriptor  : 'Lcom/larus/im/internal/jni/bean/OmniGetConversationResponse$Companion;'
942903	  Class descriptor  : 'Lcom/larus/im/internal/jni/bean/OmniGetConversationResponse;'
943279	  Class descriptor  : 'Lcom/larus/im/internal/jni/bean/OmniGetConversationSource$Companion;'
943456	  Class descriptor  : 'Lcom/larus/im/internal/jni/bean/OmniGetConversationSource;'
943857	  Class descriptor  : 'Lcom/larus/im/internal/jni/bean/OmniGetLastLocalMessageRequest$$serializer;'
944285	  Class descriptor  : 'Lcom/larus/im/internal/jni/bean/OmniGetLastLocalMessageRequest$Companion;'
944348	  Class descriptor  : 'Lcom/larus/im/internal/jni/bean/OmniGetLastLocalMessageRequest;'
944839	  Class descriptor  : 'Lcom/larus/im/internal/jni/bean/OmniGetLastSenderMessageRequest$$serializer;'
945279	  Class descriptor  : 'Lcom/larus/im/internal/jni/bean/OmniGetLastSenderMessageRequest$Companion;'
945342	  Class descriptor  : 'Lcom/larus/im/internal/jni/bean/OmniGetLastSenderMessageRequest;'
945840	  Class descriptor  : 'Lcom/larus/im/internal/jni/bean/OmniGetLocalBotConversationRequest$$serializer;'
946327	  Class descriptor  : 'Lcom/larus/im/internal/jni/bean/OmniGetLocalBotConversationRequest$Companion;'
946390	  Class descriptor  : 'Lcom/larus/im/internal/jni/bean/OmniGetLocalBotConversationRequest;'
947001	  Class descriptor  : 'Lcom/larus/im/internal/jni/bean/OmniGetMainConversationRequest$$serializer;'
947479	  Class descriptor  : 'Lcom/larus/im/internal/jni/bean/OmniGetMainConversationRequest$Companion;'
947542	  Class descriptor  : 'Lcom/larus/im/internal/jni/bean/OmniGetMainConversationRequest;'
948162	  Class descriptor  : 'Lcom/larus/im/internal/jni/bean/OmniGetMainConversationResponse$$serializer;'
948545	  Class descriptor  : 'Lcom/larus/im/internal/jni/bean/OmniGetMainConversationResponse$Companion;'
948608	  Class descriptor  : 'Lcom/larus/im/internal/jni/bean/OmniGetMainConversationResponse;'
948984	  Class descriptor  : 'Lcom/larus/im/internal/jni/bean/OmniGetMaxCreateTimeMessageRequest$$serializer;'
949367	  Class descriptor  : 'Lcom/larus/im/internal/jni/bean/OmniGetMaxCreateTimeMessageRequest$Companion;'
949430	  Class descriptor  : 'Lcom/larus/im/internal/jni/bean/OmniGetMaxCreateTimeMessageRequest;'
949806	  Class descriptor  : 'Lcom/larus/im/internal/jni/bean/OmniGetMessageByIdRequest$$serializer;'
950246	  Class descriptor  : 'Lcom/larus/im/internal/jni/bean/OmniGetMessageByIdRequest$Companion;'
950309	  Class descriptor  : 'Lcom/larus/im/internal/jni/bean/OmniGetMessageByIdRequest;'
950807	  Class descriptor  : 'Lcom/larus/im/internal/jni/bean/OmniGetMessageListFromLocalRequest$$serializer;'
951396	  Class descriptor  : 'Lcom/larus/im/internal/jni/bean/OmniGetMessageListFromLocalRequest$Companion;'
951459	  Class descriptor  : 'Lcom/larus/im/internal/jni/bean/OmniGetMessageListFromLocalRequest;'
952366	  Class descriptor  : 'Lcom/larus/im/internal/jni/bean/OmniGetMessagesByCollectionIdRequest$$serializer;'
952806	  Class descriptor  : 'Lcom/larus/im/internal/jni/bean/OmniGetMessagesByCollectionIdRequest$Companion;'
952869	  Class descriptor  : 'Lcom/larus/im/internal/jni/bean/OmniGetMessagesByCollectionIdRequest;'
953367	  Class descriptor  : 'Lcom/larus/im/internal/jni/bean/OmniGetMessagesByReplyIdRequest$$serializer;'
953807	  Class descriptor  : 'Lcom/larus/im/internal/jni/bean/OmniGetMessagesByReplyIdRequest$Companion;'
953870	  Class descriptor  : 'Lcom/larus/im/internal/jni/bean/OmniGetMessagesByReplyIdRequest;'
954368	  Class descriptor  : 'Lcom/larus/im/internal/jni/bean/OmniGetMessagesBySectionIdRequest$$serializer;'
954808	  Class descriptor  : 'Lcom/larus/im/internal/jni/bean/OmniGetMessagesBySectionIdRequest$Companion;'
954871	  Class descriptor  : 'Lcom/larus/im/internal/jni/bean/OmniGetMessagesBySectionIdRequest;'
955369	  Class descriptor  : 'Lcom/larus/im/internal/jni/bean/OmniGetProjectRequest$$serializer;'
955874	  Class descriptor  : 'Lcom/larus/im/internal/jni/bean/OmniGetProjectRequest$Companion;'
955937	  Class descriptor  : 'Lcom/larus/im/internal/jni/bean/OmniGetProjectRequest;'
956614	  Class descriptor  : 'Lcom/larus/im/internal/jni/bean/OmniGetProjectResponse$$serializer;'
957038	  Class descriptor  : 'Lcom/larus/im/internal/jni/bean/OmniGetProjectResponse$Companion;'
957101	  Class descriptor  : 'Lcom/larus/im/internal/jni/bean/OmniGetProjectResponse;'
957585	  Class descriptor  : 'Lcom/larus/im/internal/jni/bean/OmniGetProjectSource$Companion;'
957762	  Class descriptor  : 'Lcom/larus/im/internal/jni/bean/OmniGetProjectSource;'
958163	  Class descriptor  : 'Lcom/larus/im/internal/jni/bean/OmniGetQueryListByAnswerIdRequest$$serializer;'
958603	  Class descriptor  : 'Lcom/larus/im/internal/jni/bean/OmniGetQueryListByAnswerIdRequest$Companion;'
958666	  Class descriptor  : 'Lcom/larus/im/internal/jni/bean/OmniGetQueryListByAnswerIdRequest;'
959164	  Class descriptor  : 'Lcom/larus/im/internal/jni/bean/OmniGetSubConversationListRequest$$serializer;'
959547	  Class descriptor  : 'Lcom/larus/im/internal/jni/bean/OmniGetSubConversationListRequest$Companion;'
959610	  Class descriptor  : 'Lcom/larus/im/internal/jni/bean/OmniGetSubConversationListRequest;'
959986	  Class descriptor  : 'Lcom/larus/im/internal/jni/bean/OmniGetThreadRequest$$serializer;'
960464	  Class descriptor  : 'Lcom/larus/im/internal/jni/bean/OmniGetThreadRequest$Companion;'
960527	  Class descriptor  : 'Lcom/larus/im/internal/jni/bean/OmniGetThreadRequest;'
961147	  Class descriptor  : 'Lcom/larus/im/internal/jni/bean/OmniGetThreadResponse$$serializer;'
961530	  Class descriptor  : 'Lcom/larus/im/internal/jni/bean/OmniGetThreadResponse$Companion;'
961593	  Class descriptor  : 'Lcom/larus/im/internal/jni/bean/OmniGetThreadResponse;'
961969	  Class descriptor  : 'Lcom/larus/im/internal/jni/bean/OmniGetThreadSource$Companion;'
962146	  Class descriptor  : 'Lcom/larus/im/internal/jni/bean/OmniGetThreadSource;'
962547	  Class descriptor  : 'Lcom/larus/im/internal/jni/bean/OmniHideConversationRequest$$serializer;'
962930	  Class descriptor  : 'Lcom/larus/im/internal/jni/bean/OmniHideConversationRequest$Companion;'
962993	  Class descriptor  : 'Lcom/larus/im/internal/jni/bean/OmniHideConversationRequest;'
963369	  Class descriptor  : 'Lcom/larus/im/internal/jni/bean/OmniHideConversationResponse$$serializer;'
963752	  Class descriptor  : 'Lcom/larus/im/internal/jni/bean/OmniHideConversationResponse$Companion;'
963815	  Class descriptor  : 'Lcom/larus/im/internal/jni/bean/OmniHideConversationResponse;'
964191	  Class descriptor  : 'Lcom/larus/im/internal/jni/bean/OmniIMError$$serializer;'
964735	  Class descriptor  : 'Lcom/larus/im/internal/jni/bean/OmniIMError$Companion;'
964798	  Class descriptor  : 'Lcom/larus/im/internal/jni/bean/OmniIMError;'
965530	  Class descriptor  : 'Lcom/larus/im/internal/jni/bean/OmniIconItem$$serializer;'
965970	  Class descriptor  : 'Lcom/larus/im/internal/jni/bean/OmniIconItem$Companion;'
966033	  Class descriptor  : 'Lcom/larus/im/internal/jni/bean/OmniIconItem;'
966531	  Class descriptor  : 'Lcom/larus/im/internal/jni/bean/OmniImage$$serializer;'
967558	  Class descriptor  : 'Lcom/larus/im/internal/jni/bean/OmniImage$Companion;'
967621	  Class descriptor  : 'Lcom/larus/im/internal/jni/bean/OmniImage;'
969372	  Class descriptor  : 'Lcom/larus/im/internal/jni/bean/OmniImageContent$$serializer;'
969859	  Class descriptor  : 'Lcom/larus/im/internal/jni/bean/OmniImageContent$Companion;'
969922	  Class descriptor  : 'Lcom/larus/im/internal/jni/bean/OmniImageContent;'
970533	  Class descriptor  : 'Lcom/larus/im/internal/jni/bean/OmniImageObj$$serializer;'
971201	  Class descriptor  : 'Lcom/larus/im/internal/jni/bean/OmniImageObj$Companion;'
971264	  Class descriptor  : 'Lcom/larus/im/internal/jni/bean/OmniImageObj;'
972288	  Class descriptor  : 'Lcom/larus/im/internal/jni/bean/OmniInOutThreadRequest$$serializer;'
972716	  Class descriptor  : 'Lcom/larus/im/internal/jni/bean/OmniInOutThreadRequest$Companion;'
972779	  Class descriptor  : 'Lcom/larus/im/internal/jni/bean/OmniInOutThreadRequest;'
973270	  Class descriptor  : 'Lcom/larus/im/internal/jni/bean/OmniInputLeftButtonStyle$Companion;'
973477	  Class descriptor  : 'Lcom/larus/im/internal/jni/bean/OmniInputLeftButtonStyle;'
973968	  Class descriptor  : 'Lcom/larus/im/internal/jni/bean/OmniLikeInfo$$serializer;'
974435	  Class descriptor  : 'Lcom/larus/im/internal/jni/bean/OmniLikeInfo$Companion;'
974498	  Class descriptor  : 'Lcom/larus/im/internal/jni/bean/OmniLikeInfo;'
975116	  Class descriptor  : 'Lcom/larus/im/internal/jni/bean/OmniMainConversationStatus$Companion;'
975283	  Class descriptor  : 'Lcom/larus/im/internal/jni/bean/OmniMainConversationStatus;'
975654	  Class descriptor  : 'Lcom/larus/im/internal/jni/bean/OmniMarkConversationInOutRequest$$serializer;'
976223	  Class descriptor  : 'Lcom/larus/im/internal/jni/bean/OmniMarkConversationInOutRequest$Companion;'
976286	  Class descriptor  : 'Lcom/larus/im/internal/jni/bean/OmniMarkConversationInOutRequest;'
977105	  Class descriptor  : 'Lcom/larus/im/internal/jni/bean/OmniMarkConversationInOutScene$Companion;'
977272	  Class descriptor  : 'Lcom/larus/im/internal/jni/bean/OmniMarkConversationInOutScene;'
977643	  Class descriptor  : 'Lcom/larus/im/internal/jni/bean/OmniMarkReadRequest$$serializer;'
978084	  Class descriptor  : 'Lcom/larus/im/internal/jni/bean/OmniMarkReadRequest$Companion;'
978147	  Class descriptor  : 'Lcom/larus/im/internal/jni/bean/OmniMarkReadRequest;'
978651	  Class descriptor  : 'Lcom/larus/im/internal/jni/bean/OmniMessage$$serializer;'
983550	  Class descriptor  : 'Lcom/larus/im/internal/jni/bean/OmniMessage$Companion;'
983613	  Class descriptor  : 'Lcom/larus/im/internal/jni/bean/OmniMessage;'
990905	  Class descriptor  : 'Lcom/larus/im/internal/jni/bean/OmniMessageAction$$serializer;'
991654	  Class descriptor  : 'Lcom/larus/im/internal/jni/bean/OmniMessageAction$Companion;'
991717	  Class descriptor  : 'Lcom/larus/im/internal/jni/bean/OmniMessageAction;'
992908	  Class descriptor  : 'Lcom/larus/im/internal/jni/bean/OmniMessageActionGroup$$serializer;'
993349	  Class descriptor  : 'Lcom/larus/im/internal/jni/bean/OmniMessageActionGroup$Companion;'
993412	  Class descriptor  : 'Lcom/larus/im/internal/jni/bean/OmniMessageActionGroup;'
993916	  Class descriptor  : 'Lcom/larus/im/internal/jni/bean/OmniMessageContentType$Companion;'
994363	  Class descriptor  : 'Lcom/larus/im/internal/jni/bean/OmniMessageContentType;'
995741	  Class descriptor  : 'Lcom/larus/im/internal/jni/bean/OmniMessageConverterRequest$$serializer;'
996124	  Class descriptor  : 'Lcom/larus/im/internal/jni/bean/OmniMessageConverterRequest$Companion;'
996187	  Class descriptor  : 'Lcom/larus/im/internal/jni/bean/OmniMessageConverterRequest;'
996563	  Class descriptor  : 'Lcom/larus/im/internal/jni/bean/OmniMessageFeedbackType$Companion;'
996753	  Class descriptor  : 'Lcom/larus/im/internal/jni/bean/OmniMessageFeedbackType;'
997274	  Class descriptor  : 'Lcom/larus/im/internal/jni/bean/OmniMessageLatestRequest$$serializer;'
997702	  Class descriptor  : 'Lcom/larus/im/internal/jni/bean/OmniMessageLatestRequest$Companion;'
997765	  Class descriptor  : 'Lcom/larus/im/internal/jni/bean/OmniMessageLatestRequest;'
998256	  Class descriptor  : 'Lcom/larus/im/internal/jni/bean/OmniMessageListRequest$$serializer;'
999176	  Class descriptor  : 'Lcom/larus/im/internal/jni/bean/OmniMessageListRequest$Companion;'
999239	  Class descriptor  : 'Lcom/larus/im/internal/jni/bean/OmniMessageListRequest;'
1000905	  Class descriptor  : 'Lcom/larus/im/internal/jni/bean/OmniMessageListRequestType$Companion;'
1001082	  Class descriptor  : 'Lcom/larus/im/internal/jni/bean/OmniMessageListRequestType;'
1001483	  Class descriptor  : 'Lcom/larus/im/internal/jni/bean/OmniMessageListResponse$$serializer;'
1001952	  Class descriptor  : 'Lcom/larus/im/internal/jni/bean/OmniMessageListResponse$Companion;'
1002015	  Class descriptor  : 'Lcom/larus/im/internal/jni/bean/OmniMessageListResponse;'
1002619	  Class descriptor  : 'Lcom/larus/im/internal/jni/bean/OmniMessageMapResponse$$serializer;'
1003043	  Class descriptor  : 'Lcom/larus/im/internal/jni/bean/OmniMessageMapResponse$Companion;'
1003106	  Class descriptor  : 'Lcom/larus/im/internal/jni/bean/OmniMessageMapResponse;'
1003591	  Class descriptor  : 'Lcom/larus/im/internal/jni/bean/OmniMessageQueryRequest$$serializer;'
1004795	  Class descriptor  : 'Lcom/larus/im/internal/jni/bean/OmniMessageQueryRequest$Companion;'
1004858	  Class descriptor  : 'Lcom/larus/im/internal/jni/bean/OmniMessageQueryRequest;'
1007321	  Class descriptor  : 'Lcom/larus/im/internal/jni/bean/OmniMessageQueryResponse$$serializer;'
1008034	  Class descriptor  : 'Lcom/larus/im/internal/jni/bean/OmniMessageQueryResponse$Companion;'
1008097	  Class descriptor  : 'Lcom/larus/im/internal/jni/bean/OmniMessageQueryResponse;'
1009194	  Class descriptor  : 'Lcom/larus/im/internal/jni/bean/OmniMessageRenderCompleteRequest$$serializer;'
1009739	  Class descriptor  : 'Lcom/larus/im/internal/jni/bean/OmniMessageRenderCompleteRequest$Companion;'
1009802	  Class descriptor  : 'Lcom/larus/im/internal/jni/bean/OmniMessageRenderCompleteRequest;'
1010549	  Class descriptor  : 'Lcom/larus/im/internal/jni/bean/OmniMessageReplaceStrategy$Companion;'
1010716	  Class descriptor  : 'Lcom/larus/im/internal/jni/bean/OmniMessageReplaceStrategy;'
1011087	  Class descriptor  : 'Lcom/larus/im/internal/jni/bean/OmniMessageStatus$Companion;'
1011316	  Class descriptor  : 'Lcom/larus/im/internal/jni/bean/OmniMessageStatus;'
1011970	  Class descriptor  : 'Lcom/larus/im/internal/jni/bean/OmniMessageStatusLocal$Companion;'
1012244	  Class descriptor  : 'Lcom/larus/im/internal/jni/bean/OmniMessageStatusLocal;'
1013037	  Class descriptor  : 'Lcom/larus/im/internal/jni/bean/OmniMessageUpdateContentRequest$$serializer;'
1013477	  Class descriptor  : 'Lcom/larus/im/internal/jni/bean/OmniMessageUpdateContentRequest$Companion;'
1013540	  Class descriptor  : 'Lcom/larus/im/internal/jni/bean/OmniMessageUpdateContentRequest;'
1014038	  Class descriptor  : 'Lcom/larus/im/internal/jni/bean/OmniMixVoice$$serializer;'
1014592	  Class descriptor  : 'Lcom/larus/im/internal/jni/bean/OmniMixVoice$Companion;'
1014655	  Class descriptor  : 'Lcom/larus/im/internal/jni/bean/OmniMixVoice;'
1015388	  Class descriptor  : 'Lcom/larus/im/internal/jni/bean/OmniMockOption$Companion;'
1015565	  Class descriptor  : 'Lcom/larus/im/internal/jni/bean/OmniMockOption;'
1015966	  Class descriptor  : 'Lcom/larus/im/internal/jni/bean/OmniModelItem$$serializer;'
1016605	  Class descriptor  : 'Lcom/larus/im/internal/jni/bean/OmniModelItem$Companion;'
1016668	  Class descriptor  : 'Lcom/larus/im/internal/jni/bean/OmniModelItem;'
1017702	  Class descriptor  : 'Lcom/larus/im/internal/jni/bean/OmniModifyConversationRequest$$serializer;'
1018652	  Class descriptor  : 'Lcom/larus/im/internal/jni/bean/OmniModifyConversationRequest$Companion;'
1018715	  Class descriptor  : 'Lcom/larus/im/internal/jni/bean/OmniModifyConversationRequest;'
1020402	  Class descriptor  : 'Lcom/larus/im/internal/jni/bean/OmniMoveConversationToProjectRequest$$serializer;'
1020842	  Class descriptor  : 'Lcom/larus/im/internal/jni/bean/OmniMoveConversationToProjectRequest$Companion;'
1020905	  Class descriptor  : 'Lcom/larus/im/internal/jni/bean/OmniMoveConversationToProjectRequest;'
1021403	  Class descriptor  : 'Lcom/larus/im/internal/jni/bean/OmniMoveConversationToProjectResponse$$serializer;'
1021843	  Class descriptor  : 'Lcom/larus/im/internal/jni/bean/OmniMoveConversationToProjectResponse$Companion;'
1021906	  Class descriptor  : 'Lcom/larus/im/internal/jni/bean/OmniMoveConversationToProjectResponse;'
1022404	  Class descriptor  : 'Lcom/larus/im/internal/jni/bean/OmniMsgTemplate$$serializer;'
1023085	  Class descriptor  : 'Lcom/larus/im/internal/jni/bean/OmniMsgTemplate$Companion;'
1023148	  Class descriptor  : 'Lcom/larus/im/internal/jni/bean/OmniMsgTemplate;'
1024200	  Class descriptor  : 'Lcom/larus/im/internal/jni/bean/OmniOfferCmdRequest$$serializer;'
1024640	  Class descriptor  : 'Lcom/larus/im/internal/jni/bean/OmniOfferCmdRequest$Companion;'
1024703	  Class descriptor  : 'Lcom/larus/im/internal/jni/bean/OmniOfferCmdRequest;'
1025201	  Class descriptor  : 'Lcom/larus/im/internal/jni/bean/OmniOperateConversationOption$Companion;'
1025408	  Class descriptor  : 'Lcom/larus/im/internal/jni/bean/OmniOperateConversationOption;'
1026024	  Class descriptor  : 'Lcom/larus/im/internal/jni/bean/OmniOperateConversationRequest$$serializer;'
1026593	  Class descriptor  : 'Lcom/larus/im/internal/jni/bean/OmniOperateConversationRequest$Companion;'
1026656	  Class descriptor  : 'Lcom/larus/im/internal/jni/bean/OmniOperateConversationRequest;'
1027475	  Class descriptor  : 'Lcom/larus/im/internal/jni/bean/OmniPagePosition$Companion;'
1027642	  Class descriptor  : 'Lcom/larus/im/internal/jni/bean/OmniPagePosition;'
1028013	  Class descriptor  : 'Lcom/larus/im/internal/jni/bean/OmniPageType$Companion;'
1028203	  Class descriptor  : 'Lcom/larus/im/internal/jni/bean/OmniPageType;'
1028724	  Class descriptor  : 'Lcom/larus/im/internal/jni/bean/OmniParseAIJobScheduleRequest$$serializer;'
1029232	  Class descriptor  : 'Lcom/larus/im/internal/jni/bean/OmniParseAIJobScheduleRequest$Companion;'
1029295	  Class descriptor  : 'Lcom/larus/im/internal/jni/bean/OmniParseAIJobScheduleRequest;'
1029919	  Class descriptor  : 'Lcom/larus/im/internal/jni/bean/OmniParseAIJobScheduleResponse$$serializer;'
1030365	  Class descriptor  : 'Lcom/larus/im/internal/jni/bean/OmniParseAIJobScheduleResponse$Companion;'
1030428	  Class descriptor  : 'Lcom/larus/im/internal/jni/bean/OmniParseAIJobScheduleResponse;'
1030926	  Class descriptor  : 'Lcom/larus/im/internal/jni/bean/OmniParticipant$$serializer;'
1032221	  Class descriptor  : 'Lcom/larus/im/internal/jni/bean/OmniParticipant$Companion;'
1032284	  Class descriptor  : 'Lcom/larus/im/internal/jni/bean/OmniParticipant;'
1034629	  Class descriptor  : 'Lcom/larus/im/internal/jni/bean/OmniParticipantStatus$Companion;'
1034806	  Class descriptor  : 'Lcom/larus/im/internal/jni/bean/OmniParticipantStatus;'
1035207	  Class descriptor  : 'Lcom/larus/im/internal/jni/bean/OmniPinConversationRequest$$serializer;'
1035793	  Class descriptor  : 'Lcom/larus/im/internal/jni/bean/OmniPinConversationRequest$Companion;'
1035856	  Class descriptor  : 'Lcom/larus/im/internal/jni/bean/OmniPinConversationRequest;'
1036721	  Class descriptor  : 'Lcom/larus/im/internal/jni/bean/OmniPinProjectRequest$$serializer;'
1037149	  Class descriptor  : 'Lcom/larus/im/internal/jni/bean/OmniPinProjectRequest$Companion;'
1037212	  Class descriptor  : 'Lcom/larus/im/internal/jni/bean/OmniPinProjectRequest;'
1037703	  Class descriptor  : 'Lcom/larus/im/internal/jni/bean/OmniPinProjectResponse$$serializer;'
1038086	  Class descriptor  : 'Lcom/larus/im/internal/jni/bean/OmniPinProjectResponse$Companion;'
1038149	  Class descriptor  : 'Lcom/larus/im/internal/jni/bean/OmniPinProjectResponse;'
1038525	  Class descriptor  : 'Lcom/larus/im/internal/jni/bean/OmniPinStatus$Companion;'
1038702	  Class descriptor  : 'Lcom/larus/im/internal/jni/bean/OmniPinStatus;'
1039103	  Class descriptor  : 'Lcom/larus/im/internal/jni/bean/OmniProject$$serializer;'
1040532	  Class descriptor  : 'Lcom/larus/im/internal/jni/bean/OmniProject$Companion;'
1040595	  Class descriptor  : 'Lcom/larus/im/internal/jni/bean/OmniProject;'
1043424	  Class descriptor  : 'Lcom/larus/im/internal/jni/bean/OmniProjectFolder$$serializer;'
1044329	  Class descriptor  : 'Lcom/larus/im/internal/jni/bean/OmniProjectFolder$Companion;'
1044392	  Class descriptor  : 'Lcom/larus/im/internal/jni/bean/OmniProjectFolder;'
1046026	  Class descriptor  : 'Lcom/larus/im/internal/jni/bean/OmniProjectFolderInput$$serializer;'
1046658	  Class descriptor  : 'Lcom/larus/im/internal/jni/bean/OmniProjectFolderInput$Companion;'
1046721	  Class descriptor  : 'Lcom/larus/im/internal/jni/bean/OmniProjectFolderInput;'
1047637	  Class descriptor  : 'Lcom/larus/im/internal/jni/bean/OmniProjectRecentConversation$$serializer;'
1048268	  Class descriptor  : 'Lcom/larus/im/internal/jni/bean/OmniProjectRecentConversation$Companion;'
1048331	  Class descriptor  : 'Lcom/larus/im/internal/jni/bean/OmniProjectRecentConversation;'
1049263	  Class descriptor  : 'Lcom/larus/im/internal/jni/bean/OmniProjectSortType$Companion;'
1049430	  Class descriptor  : 'Lcom/larus/im/internal/jni/bean/OmniProjectSortType;'
1049801	  Class descriptor  : 'Lcom/larus/im/internal/jni/bean/OmniProjectStatus$Companion;'
1049988	  Class descriptor  : 'Lcom/larus/im/internal/jni/bean/OmniProjectStatus;'
1050419	  Class descriptor  : 'Lcom/larus/im/internal/jni/bean/OmniPullAIJobChainRequest$$serializer;'
1050847	  Class descriptor  : 'Lcom/larus/im/internal/jni/bean/OmniPullAIJobChainRequest$Companion;'
1050910	  Class descriptor  : 'Lcom/larus/im/internal/jni/bean/OmniPullAIJobChainRequest;'
1051397	  Class descriptor  : 'Lcom/larus/im/internal/jni/bean/OmniPullAIJobChainResponse$$serializer;'
1051941	  Class descriptor  : 'Lcom/larus/im/internal/jni/bean/OmniPullAIJobChainResponse$Companion;'
1052004	  Class descriptor  : 'Lcom/larus/im/internal/jni/bean/OmniPullAIJobChainResponse;'
1052736	  Class descriptor  : 'Lcom/larus/im/internal/jni/bean/OmniPullRecommendJobsRequest$$serializer;'
1053101	  Class descriptor  : 'Lcom/larus/im/internal/jni/bean/OmniPullRecommendJobsRequest$Companion;'
1053164	  Class descriptor  : 'Lcom/larus/im/internal/jni/bean/OmniPullRecommendJobsRequest;'
1053535	  Class descriptor  : 'Lcom/larus/im/internal/jni/bean/OmniPullRecommendJobsResponse$$serializer;'
1054004	  Class descriptor  : 'Lcom/larus/im/internal/jni/bean/OmniPullRecommendJobsResponse$Companion;'
1054067	  Class descriptor  : 'Lcom/larus/im/internal/jni/bean/OmniPullRecommendJobsResponse;'
1054667	  Class descriptor  : 'Lcom/larus/im/internal/jni/bean/OmniRecoverChunkRequest$$serializer;'
1055316	  Class descriptor  : 'Lcom/larus/im/internal/jni/bean/OmniRecoverChunkRequest$Companion;'
1055379	  Class descriptor  : 'Lcom/larus/im/internal/jni/bean/OmniRecoverChunkRequest;'
1056411	  Class descriptor  : 'Lcom/larus/im/internal/jni/bean/OmniReferenceInfo$$serializer;'
1057127	  Class descriptor  : 'Lcom/larus/im/internal/jni/bean/OmniReferenceInfo$Companion;'
1057190	  Class descriptor  : 'Lcom/larus/im/internal/jni/bean/OmniReferenceInfo;'
1058293	  Class descriptor  : 'Lcom/larus/im/internal/jni/bean/OmniRegenMode$$serializer;'
1058915	  Class descriptor  : 'Lcom/larus/im/internal/jni/bean/OmniRegenMode$Companion;'
1058978	  Class descriptor  : 'Lcom/larus/im/internal/jni/bean/OmniRegenMode;'
1059880	  Class descriptor  : 'Lcom/larus/im/internal/jni/bean/OmniRegenMsgGroup$$serializer;'
1060349	  Class descriptor  : 'Lcom/larus/im/internal/jni/bean/OmniRegenMsgGroup$Companion;'
1060412	  Class descriptor  : 'Lcom/larus/im/internal/jni/bean/OmniRegenMsgGroup;'
1061016	  Class descriptor  : 'Lcom/larus/im/internal/jni/bean/OmniRegenStatus$Companion;'
1061213	  Class descriptor  : 'Lcom/larus/im/internal/jni/bean/OmniRegenStatus;'
1061676	  Class descriptor  : 'Lcom/larus/im/internal/jni/bean/OmniRequestSubMessageRequest$$serializer;'
1062372	  Class descriptor  : 'Lcom/larus/im/internal/jni/bean/OmniRequestSubMessageRequest$Companion;'
1062435	  Class descriptor  : 'Lcom/larus/im/internal/jni/bean/OmniRequestSubMessageRequest;'
1063482	  Class descriptor  : 'Lcom/larus/im/internal/jni/bean/OmniRoleType$Companion;'
1063671	  Class descriptor  : 'Lcom/larus/im/internal/jni/bean/OmniRoleType;'
1064108	  Class descriptor  : 'Lcom/larus/im/internal/jni/bean/OmniSelectConversationGroupRequest$$serializer;'
1064923	  Class descriptor  : 'Lcom/larus/im/internal/jni/bean/OmniSelectConversationGroupRequest$Companion;'
1064986	  Class descriptor  : 'Lcom/larus/im/internal/jni/bean/OmniSelectConversationGroupRequest;'
1066456	  Class descriptor  : 'Lcom/larus/im/internal/jni/bean/OmniSelectConversationListRequest$$serializer;'
1067578	  Class descriptor  : 'Lcom/larus/im/internal/jni/bean/OmniSelectConversationListRequest$Companion;'
1067641	  Class descriptor  : 'Lcom/larus/im/internal/jni/bean/OmniSelectConversationListRequest;'
1069764	  Class descriptor  : 'Lcom/larus/im/internal/jni/bean/OmniSelectConversationListResponse$$serializer;'
1070326	  Class descriptor  : 'Lcom/larus/im/internal/jni/bean/OmniSelectConversationListResponse$Companion;'
1070389	  Class descriptor  : 'Lcom/larus/im/internal/jni/bean/OmniSelectConversationListResponse;'
1071191	  Class descriptor  : 'Lcom/larus/im/internal/jni/bean/OmniSelectDeviceConversationListRequest$$serializer;'
1071637	  Class descriptor  : 'Lcom/larus/im/internal/jni/bean/OmniSelectDeviceConversationListRequest$Companion;'
1071700	  Class descriptor  : 'Lcom/larus/im/internal/jni/bean/OmniSelectDeviceConversationListRequest;'
1072198	  Class descriptor  : 'Lcom/larus/im/internal/jni/bean/OmniSelectProjectConversationListRequest$$serializer;'
1072644	  Class descriptor  : 'Lcom/larus/im/internal/jni/bean/OmniSelectProjectConversationListRequest$Companion;'
1072707	  Class descriptor  : 'Lcom/larus/im/internal/jni/bean/OmniSelectProjectConversationListRequest;'
1073205	  Class descriptor  : 'Lcom/larus/im/internal/jni/bean/OmniSelectProjectListOrderByIndexRequest$$serializer;'
1073794	  Class descriptor  : 'Lcom/larus/im/internal/jni/bean/OmniSelectProjectListOrderByIndexRequest$Companion;'
1073857	  Class descriptor  : 'Lcom/larus/im/internal/jni/bean/OmniSelectProjectListOrderByIndexRequest;'
1074759	  Class descriptor  : 'Lcom/larus/im/internal/jni/bean/OmniSelectProjectListOrderByTimeRequest$$serializer;'
1075489	  Class descriptor  : 'Lcom/larus/im/internal/jni/bean/OmniSelectProjectListOrderByTimeRequest$Companion;'
1075552	  Class descriptor  : 'Lcom/larus/im/internal/jni/bean/OmniSelectProjectListOrderByTimeRequest;'
1076819	  Class descriptor  : 'Lcom/larus/im/internal/jni/bean/OmniSelectProjectListResponse$$serializer;'
1077288	  Class descriptor  : 'Lcom/larus/im/internal/jni/bean/OmniSelectProjectListResponse$Companion;'
1077351	  Class descriptor  : 'Lcom/larus/im/internal/jni/bean/OmniSelectProjectListResponse;'
1077955	  Class descriptor  : 'Lcom/larus/im/internal/jni/bean/OmniSelectTextAction$$serializer;'
1078521	  Class descriptor  : 'Lcom/larus/im/internal/jni/bean/OmniSelectTextAction$Companion;'
1078584	  Class descriptor  : 'Lcom/larus/im/internal/jni/bean/OmniSelectTextAction;'
1079321	  Class descriptor  : 'Lcom/larus/im/internal/jni/bean/OmniSendCmdRequest$$serializer;'
1079808	  Class descriptor  : 'Lcom/larus/im/internal/jni/bean/OmniSendCmdRequest$Companion;'
1079871	  Class descriptor  : 'Lcom/larus/im/internal/jni/bean/OmniSendCmdRequest;'
1080482	  Class descriptor  : 'Lcom/larus/im/internal/jni/bean/OmniSendCmdResponse$$serializer;'
1080865	  Class descriptor  : 'Lcom/larus/im/internal/jni/bean/OmniSendCmdResponse$Companion;'
1080928	  Class descriptor  : 'Lcom/larus/im/internal/jni/bean/OmniSendCmdResponse;'
1081304	  Class descriptor  : 'Lcom/larus/im/internal/jni/bean/OmniShareInfo$$serializer;'
1081910	  Class descriptor  : 'Lcom/larus/im/internal/jni/bean/OmniShareInfo$Companion;'
1081973	  Class descriptor  : 'Lcom/larus/im/internal/jni/bean/OmniShareInfo;'
1082878	  Class descriptor  : 'Lcom/larus/im/internal/jni/bean/OmniShowTagInfo$$serializer;'
1083994	  Class descriptor  : 'Lcom/larus/im/internal/jni/bean/OmniShowTagInfo$Companion;'
1084057	  Class descriptor  : 'Lcom/larus/im/internal/jni/bean/OmniShowTagInfo;'
1085956	  Class descriptor  : 'Lcom/larus/im/internal/jni/bean/OmniSpeakerVoice$$serializer;'
1089035	  Class descriptor  : 'Lcom/larus/im/internal/jni/bean/OmniSpeakerVoice$Companion;'
1089098	  Class descriptor  : 'Lcom/larus/im/internal/jni/bean/OmniSpeakerVoice;'
1094217	  Class descriptor  : 'Lcom/larus/im/internal/jni/bean/OmniSuggestQuestion$$serializer;'
1094600	  Class descriptor  : 'Lcom/larus/im/internal/jni/bean/OmniSuggestQuestion$Companion;'
1094663	  Class descriptor  : 'Lcom/larus/im/internal/jni/bean/OmniSuggestQuestion;'
1095039	  Class descriptor  : 'Lcom/larus/im/internal/jni/bean/OmniSuggestQuestionV2$$serializer;'
1095841	  Class descriptor  : 'Lcom/larus/im/internal/jni/bean/OmniSuggestQuestionV2$Companion;'
1095904	  Class descriptor  : 'Lcom/larus/im/internal/jni/bean/OmniSuggestQuestionV2;'
1097224	  Class descriptor  : 'Lcom/larus/im/internal/jni/bean/OmniTagIconInfo$$serializer;'
1097794	  Class descriptor  : 'Lcom/larus/im/internal/jni/bean/OmniTagIconInfo$Companion;'
1097857	  Class descriptor  : 'Lcom/larus/im/internal/jni/bean/OmniTagIconInfo;'
1098604	  Class descriptor  : 'Lcom/larus/im/internal/jni/bean/OmniTagPosition$Companion;'
1098781	  Class descriptor  : 'Lcom/larus/im/internal/jni/bean/OmniTagPosition;'
1099182	  Class descriptor  : 'Lcom/larus/im/internal/jni/bean/OmniTagSaveType$Companion;'
1099359	  Class descriptor  : 'Lcom/larus/im/internal/jni/bean/OmniTagSaveType;'
1099760	  Class descriptor  : 'Lcom/larus/im/internal/jni/bean/OmniTagType$Companion;'
1099967	  Class descriptor  : 'Lcom/larus/im/internal/jni/bean/OmniTagType;'
1100458	  Class descriptor  : 'Lcom/larus/im/internal/jni/bean/OmniTagUiKit$$serializer;'
1101146	  Class descriptor  : 'Lcom/larus/im/internal/jni/bean/OmniTagUiKit$Companion;'
1101209	  Class descriptor  : 'Lcom/larus/im/internal/jni/bean/OmniTagUiKit;'
1102257	  Class descriptor  : 'Lcom/larus/im/internal/jni/bean/OmniThread$$serializer;'
1102891	  Class descriptor  : 'Lcom/larus/im/internal/jni/bean/OmniThread$Companion;'
1102954	  Class descriptor  : 'Lcom/larus/im/internal/jni/bean/OmniThread;'
1103872	  Class descriptor  : 'Lcom/larus/im/internal/jni/bean/OmniThreadMessageDirection$Companion;'
1104059	  Class descriptor  : 'Lcom/larus/im/internal/jni/bean/OmniThreadMessageDirection;'
1104490	  Class descriptor  : 'Lcom/larus/im/internal/jni/bean/OmniThreadMessageListRequest$$serializer;'
1105151	  Class descriptor  : 'Lcom/larus/im/internal/jni/bean/OmniThreadMessageListRequest$Companion;'
1105214	  Class descriptor  : 'Lcom/larus/im/internal/jni/bean/OmniThreadMessageListRequest;'
1106252	  Class descriptor  : 'Lcom/larus/im/internal/jni/bean/OmniUpdateAIJobRequest$$serializer;'
1106772	  Class descriptor  : 'Lcom/larus/im/internal/jni/bean/OmniUpdateAIJobRequest$Companion;'
1106835	  Class descriptor  : 'Lcom/larus/im/internal/jni/bean/OmniUpdateAIJobRequest;'
1107459	  Class descriptor  : 'Lcom/larus/im/internal/jni/bean/OmniUpdateArchivedStatusRequest$$serializer;'
1108236	  Class descriptor  : 'Lcom/larus/im/internal/jni/bean/OmniUpdateArchivedStatusRequest$Companion;'
1108299	  Class descriptor  : 'Lcom/larus/im/internal/jni/bean/OmniUpdateArchivedStatusRequest;'
1109621	  Class descriptor  : 'Lcom/larus/im/internal/jni/bean/OmniUpdateArchivedStatusResponse$$serializer;'
1110126	  Class descriptor  : 'Lcom/larus/im/internal/jni/bean/OmniUpdateArchivedStatusResponse$Companion;'
1110189	  Class descriptor  : 'Lcom/larus/im/internal/jni/bean/OmniUpdateArchivedStatusResponse;'
1110867	  Class descriptor  : 'Lcom/larus/im/internal/jni/bean/OmniUpdateBotActionType$Companion;'
1111124	  Class descriptor  : 'Lcom/larus/im/internal/jni/bean/OmniUpdateBotActionType;'
1112060	  Class descriptor  : 'Lcom/larus/im/internal/jni/bean/OmniUpdateBotRequest$$serializer;'
1114527	  Class descriptor  : 'Lcom/larus/im/internal/jni/bean/OmniUpdateBotRequest$Companion;'
1114590	  Class descriptor  : 'Lcom/larus/im/internal/jni/bean/OmniUpdateBotRequest;'
1119031	  Class descriptor  : 'Lcom/larus/im/internal/jni/bean/OmniUpdateConversationCreateSceneRequest$$serializer;'
1119600	  Class descriptor  : 'Lcom/larus/im/internal/jni/bean/OmniUpdateConversationCreateSceneRequest$Companion;'
1119663	  Class descriptor  : 'Lcom/larus/im/internal/jni/bean/OmniUpdateConversationCreateSceneRequest;'
1120482	  Class descriptor  : 'Lcom/larus/im/internal/jni/bean/OmniUpdateConversationLocalOption$Companion;'
1120672	  Class descriptor  : 'Lcom/larus/im/internal/jni/bean/OmniUpdateConversationLocalOption;'
1121193	  Class descriptor  : 'Lcom/larus/im/internal/jni/bean/OmniUpdateConversationLocalRequest$$serializer;'
1121680	  Class descriptor  : 'Lcom/larus/im/internal/jni/bean/OmniUpdateConversationLocalRequest$Companion;'
1121743	  Class descriptor  : 'Lcom/larus/im/internal/jni/bean/OmniUpdateConversationLocalRequest;'
1122355	  Class descriptor  : 'Lcom/larus/im/internal/jni/bean/OmniUpdateConversationNameRequest$$serializer;'
1122900	  Class descriptor  : 'Lcom/larus/im/internal/jni/bean/OmniUpdateConversationNameRequest$Companion;'
1122963	  Class descriptor  : 'Lcom/larus/im/internal/jni/bean/OmniUpdateConversationNameRequest;'
1123716	  Class descriptor  : 'Lcom/larus/im/internal/jni/bean/OmniUpdateConversationStatusRequest$$serializer;'
1124194	  Class descriptor  : 'Lcom/larus/im/internal/jni/bean/OmniUpdateConversationStatusRequest$Companion;'
1124257	  Class descriptor  : 'Lcom/larus/im/internal/jni/bean/OmniUpdateConversationStatusRequest;'
1124877	  Class descriptor  : 'Lcom/larus/im/internal/jni/bean/OmniUpdateConversationStatusResponse$$serializer;'
1125260	  Class descriptor  : 'Lcom/larus/im/internal/jni/bean/OmniUpdateConversationStatusResponse$Companion;'
1125323	  Class descriptor  : 'Lcom/larus/im/internal/jni/bean/OmniUpdateConversationStatusResponse;'
1125699	  Class descriptor  : 'Lcom/larus/im/internal/jni/bean/OmniUpdateLocalBotRequest$$serializer;'
1126082	  Class descriptor  : 'Lcom/larus/im/internal/jni/bean/OmniUpdateLocalBotRequest$Companion;'
1126145	  Class descriptor  : 'Lcom/larus/im/internal/jni/bean/OmniUpdateLocalBotRequest;'
1126521	  Class descriptor  : 'Lcom/larus/im/internal/jni/bean/OmniUpdateMessageLocalOption$Companion;'
1126728	  Class descriptor  : 'Lcom/larus/im/internal/jni/bean/OmniUpdateMessageLocalOption;'
1127344	  Class descriptor  : 'Lcom/larus/im/internal/jni/bean/OmniUpdateMessageLocalRequest$$serializer;'
1127898	  Class descriptor  : 'Lcom/larus/im/internal/jni/bean/OmniUpdateMessageLocalRequest$Companion;'
1127961	  Class descriptor  : 'Lcom/larus/im/internal/jni/bean/OmniUpdateMessageLocalRequest;'
1128704	  Class descriptor  : 'Lcom/larus/im/internal/jni/bean/OmniUpdateMessageStatusRequest$$serializer;'
1129345	  Class descriptor  : 'Lcom/larus/im/internal/jni/bean/OmniUpdateMessageStatusRequest$Companion;'
1129408	  Class descriptor  : 'Lcom/larus/im/internal/jni/bean/OmniUpdateMessageStatusRequest;'
1130346	  Class descriptor  : 'Lcom/larus/im/internal/jni/bean/OmniUpdateProjectFoldersRequest$$serializer;'
1130833	  Class descriptor  : 'Lcom/larus/im/internal/jni/bean/OmniUpdateProjectFoldersRequest$Companion;'
1130896	  Class descriptor  : 'Lcom/larus/im/internal/jni/bean/OmniUpdateProjectFoldersRequest;'
1131507	  Class descriptor  : 'Lcom/larus/im/internal/jni/bean/OmniUpdateProjectFoldersResponse$$serializer;'
1131890	  Class descriptor  : 'Lcom/larus/im/internal/jni/bean/OmniUpdateProjectFoldersResponse$Companion;'
1131953	  Class descriptor  : 'Lcom/larus/im/internal/jni/bean/OmniUpdateProjectFoldersResponse;'
1132329	  Class descriptor  : 'Lcom/larus/im/internal/jni/bean/OmniUpdateProjectNameRequest$$serializer;'
1132769	  Class descriptor  : 'Lcom/larus/im/internal/jni/bean/OmniUpdateProjectNameRequest$Companion;'
1132832	  Class descriptor  : 'Lcom/larus/im/internal/jni/bean/OmniUpdateProjectNameRequest;'
1133330	  Class descriptor  : 'Lcom/larus/im/internal/jni/bean/OmniUpdateProjectNameResponse$$serializer;'
1133713	  Class descriptor  : 'Lcom/larus/im/internal/jni/bean/OmniUpdateProjectNameResponse$Companion;'
1133776	  Class descriptor  : 'Lcom/larus/im/internal/jni/bean/OmniUpdateProjectNameResponse;'
1134152	  Class descriptor  : 'Lcom/larus/im/internal/jni/bean/OmniUpdateSectionNameRequest$$serializer;'
1134660	  Class descriptor  : 'Lcom/larus/im/internal/jni/bean/OmniUpdateSectionNameRequest$Companion;'
1134723	  Class descriptor  : 'Lcom/larus/im/internal/jni/bean/OmniUpdateSectionNameRequest;'
1135347	  Class descriptor  : 'Lcom/larus/im/internal/jni/bean/OmniUserType$Companion;'
1135534	  Class descriptor  : 'Lcom/larus/im/internal/jni/bean/OmniUserType;'
1135965	  Class descriptor  : 'Lcom/larus/im/internal/jni/bean/OmniVoiceTag$$serializer;'
1136448	  Class descriptor  : 'Lcom/larus/im/internal/jni/bean/OmniVoiceTag$Companion;'
1136511	  Class descriptor  : 'Lcom/larus/im/internal/jni/bean/OmniVoiceTag;'
1137115	  Class descriptor  : 'Lcom/larus/im/internal/jni/bean/PacketMonitorContext$$serializer;'
1137801	  Class descriptor  : 'Lcom/larus/im/internal/jni/bean/PacketMonitorContext$Companion;'
1137864	  Class descriptor  : 'Lcom/larus/im/internal/jni/bean/PacketMonitorContext;'
1138907	  Class descriptor  : 'Lcom/larus/im/internal/jni/bean/PacketMonitorEvent$$serializer;'
1139694	  Class descriptor  : 'Lcom/larus/im/internal/jni/bean/PacketMonitorEvent$Companion;'
1139757	  Class descriptor  : 'Lcom/larus/im/internal/jni/bean/PacketMonitorEvent;'
1141156	  Class descriptor  : 'Lcom/larus/im/internal/jni/bean/PacketMonitorNode$Companion;'
1141346	  Class descriptor  : 'Lcom/larus/im/internal/jni/bean/PacketMonitorNode;'
1141867	  Class descriptor  : 'Lcom/larus/im/internal/jni/bean/PacketMonitorReportRequest$$serializer;'
1142291	  Class descriptor  : 'Lcom/larus/im/internal/jni/bean/PacketMonitorReportRequest$Companion;'
1142354	  Class descriptor  : 'Lcom/larus/im/internal/jni/bean/PacketMonitorReportRequest;'
1142838	  Class descriptor  : 'Lcom/larus/im/internal/jni/bean/PacketMonitorResult$Companion;'
1143005	  Class descriptor  : 'Lcom/larus/im/internal/jni/bean/PacketMonitorResult;'
1143376	  Class descriptor  : 'Lcom/larus/im/internal/jni/bean/RequestActionResult$$serializer;'
1143741	  Class descriptor  : 'Lcom/larus/im/internal/jni/bean/RequestActionResult$Companion;'
1143804	  Class descriptor  : 'Lcom/larus/im/internal/jni/bean/RequestActionResult;'
1144175	  Class descriptor  : 'Lcom/larus/im/internal/jni/bean/RoomMeta$$serializer;'
1145007	  Class descriptor  : 'Lcom/larus/im/internal/jni/bean/RoomMeta$Companion;'
1145070	  Class descriptor  : 'Lcom/larus/im/internal/jni/bean/RoomMeta;'
1146545	  Class descriptor  : 'Lcom/larus/im/internal/jni/bean/SkillCategory$$serializer;'
1146985	  Class descriptor  : 'Lcom/larus/im/internal/jni/bean/SkillCategory$Companion;'
1147048	  Class descriptor  : 'Lcom/larus/im/internal/jni/bean/SkillCategory;'
1147546	  Class descriptor  : 'Lcom/larus/im/internal/jni/bean/SkillMeta$$serializer;'
1148375	  Class descriptor  : 'Lcom/larus/im/internal/jni/bean/SkillMeta$Companion;'
1148438	  Class descriptor  : 'Lcom/larus/im/internal/jni/bean/SkillMeta;'
1149822	  Class descriptor  : 'Lcom/larus/im/internal/jni/bean/SkillType$Companion;'
1150029	  Class descriptor  : 'Lcom/larus/im/internal/jni/bean/SkillType;'
1150520	  Class descriptor  : 'Lcom/larus/im/internal/jni/bean/StartRoomRequest$$serializer;'
1150966	  Class descriptor  : 'Lcom/larus/im/internal/jni/bean/StartRoomRequest$Companion;'
1151029	  Class descriptor  : 'Lcom/larus/im/internal/jni/bean/StartRoomRequest;'
1151527	  Class descriptor  : 'Lcom/larus/im/internal/jni/bean/StartRoomResponse$$serializer;'
1151844	  Class descriptor  : 'Lcom/larus/im/internal/jni/bean/StartRoomResponse$Companion;'
1151907	  Class descriptor  : 'Lcom/larus/im/internal/jni/bean/StartRoomResponse;'
1152021	  Class descriptor  : 'Lcom/larus/im/internal/jni/bean/SuggestionSkill$$serializer;'
1152696	  Class descriptor  : 'Lcom/larus/im/internal/jni/bean/SuggestionSkill$Companion;'
1152759	  Class descriptor  : 'Lcom/larus/im/internal/jni/bean/SuggestionSkill;'
1153809	  Class descriptor  : 'Lcom/larus/im/internal/jni/bean/WebpageContent$$serializer;'
1154287	  Class descriptor  : 'Lcom/larus/im/internal/jni/bean/WebpageContent$Companion;'
1154350	  Class descriptor  : 'Lcom/larus/im/internal/jni/bean/WebpageContent;'
1154965	  Class descriptor  : 'Lcom/larus/im/internal/jni/bean/WebpageContentType$Companion;'
1155122	  Class descriptor  : 'Lcom/larus/im/internal/jni/bean/WebpageContentType;'
1155463	  Class descriptor  : 'Lcom/larus/im/internal/jni/c;'
1155514	  Class descriptor  : 'Lcom/larus/im/internal/jni/callback/NativeIMCallback$callback$1;'
1155785	  Class descriptor  : 'Lcom/larus/im/internal/jni/callback/NativeIMCallback;'
1156522	  Class descriptor  : 'Lcom/larus/im/internal/jni/callback/NativeIMReporter$NativeIMReportConfig;'
1157271	  Class descriptor  : 'Lcom/larus/im/internal/jni/callback/NativeIMReporter$startFrequencyMonitor$1;'
1157719	  Class descriptor  : 'Lcom/larus/im/internal/jni/callback/NativeIMReporter;'
1158633	  Class descriptor  : 'Lcom/larus/im/internal/jni/callback/OmniIMCallback$DefaultImpls;'
1158691	  Class descriptor  : 'Lcom/larus/im/internal/jni/callback/OmniIMErrorConst;'
1158855	  Class descriptor  : 'Lcom/larus/im/internal/jni/callback/a;'
1158912	  Class descriptor  : 'Lcom/larus/im/internal/jni/callback/b;'
1158969	  Class descriptor  : 'Lcom/larus/im/internal/jni/callback/c;'
1159026	  Class descriptor  : 'Lcom/larus/im/internal/jni/callback/d;'
1159071	  Class descriptor  : 'Lcom/larus/im/internal/jni/callback/e;'
1159116	  Class descriptor  : 'Lcom/larus/im/internal/jni/converter/OmniBotConverterKt;'
1163458	  Class descriptor  : 'Lcom/larus/im/internal/jni/converter/OmniConversationConverterKt;'
1164364	  Class descriptor  : 'Lcom/larus/im/internal/jni/converter/OmniConverter;'
1166019	  Class descriptor  : 'Lcom/larus/im/internal/jni/converter/OmniIMErrorConverterKt;'
1166072	  Class descriptor  : 'Lcom/larus/im/internal/jni/converter/OmniMessageExtKt;'
1166310	  Class descriptor  : 'Lcom/larus/im/internal/jni/converter/OmniParticipantConverterKt;'
1166494	  Class descriptor  : 'Lcom/larus/im/internal/jni/converter/OmniThreadConverterKt;'
1166593	  Class descriptor  : 'Lcom/larus/im/internal/jni/converter/SendMessageRequestConverterKt;'
1166931	  Class descriptor  : 'Lcom/larus/im/internal/jni/d;'
1166982	  Class descriptor  : 'Lcom/larus/im/internal/jni/dependency/FlowHttpNativeResult;'
1167532	  Class descriptor  : 'Lcom/larus/im/internal/jni/dependency/OmniABExperimentCallByNative;'
1167836	  Class descriptor  : 'Lcom/larus/im/internal/jni/dependency/OmniAppInfoCallByNative;'
1168405	  Class descriptor  : 'Lcom/larus/im/internal/jni/dependency/OmniAppStateCallByNative;'
1168756	  Class descriptor  : 'Lcom/larus/im/internal/jni/dependency/OmniHttpCallByNative$Companion;'
1168799	  Class descriptor  : 'Lcom/larus/im/internal/jni/dependency/OmniHttpCallByNative$stream$cb$1$2;'
1169358	  Class descriptor  : 'Lcom/larus/im/internal/jni/dependency/OmniHttpCallByNative;'
1171095	  Class descriptor  : 'Lcom/larus/im/internal/jni/dependency/OmniKevaCallByNative$Companion;'
1171138	  Class descriptor  : 'Lcom/larus/im/internal/jni/dependency/OmniKevaCallByNative;'
1171901	  Class descriptor  : 'Lcom/larus/im/internal/jni/dependency/OmniLoggerCallByNative$Companion;'
1171944	  Class descriptor  : 'Lcom/larus/im/internal/jni/dependency/OmniLoggerCallByNative$LogLevel;'
1172220	  Class descriptor  : 'Lcom/larus/im/internal/jni/dependency/OmniLoggerCallByNative$WhenMappings;'
1172290	  Class descriptor  : 'Lcom/larus/im/internal/jni/dependency/OmniLoggerCallByNative;'
1172845	  Class descriptor  : 'Lcom/larus/im/internal/jni/dependency/OmniResourceCallByNative$Companion;'
1172888	  Class descriptor  : 'Lcom/larus/im/internal/jni/dependency/OmniResourceCallByNative;'
1173778	  Class descriptor  : 'Lcom/larus/im/internal/jni/dependency/OmniSettingsCallByNative;'
1174101	  Class descriptor  : 'Lcom/larus/im/internal/jni/dependency/OmniTrackerCallByNative;'
1174244	  Class descriptor  : 'Lcom/larus/im/internal/jni/dependency/OmniWebSocketCallByNative$Companion;'
1174287	  Class descriptor  : 'Lcom/larus/im/internal/jni/dependency/OmniWebSocketCallByNative$ConnectionStatus;'
1174569	  Class descriptor  : 'Lcom/larus/im/internal/jni/dependency/OmniWebSocketCallByNative;'
1175238	  Class descriptor  : 'Lcom/larus/im/internal/jni/dependency/SSEPerformanceMetricsCollector;'
1175562	  Class descriptor  : 'Lcom/larus/im/internal/jni/dependency/a;'
1175612	  Class descriptor  : 'Lcom/larus/im/internal/jni/dependency/b;'
1175658	  Class descriptor  : 'Lcom/larus/im/internal/jni/dependency/c;'
1175704	  Class descriptor  : 'Lcom/larus/im/internal/jni/dependency/d;'
1175746	  Class descriptor  : 'Lcom/larus/im/internal/jni/dependency/e;'
1175792	  Class descriptor  : 'Lcom/larus/im/internal/jni/dependency/f;'
1175837	  Class descriptor  : 'Lcom/larus/im/internal/jni/dependency/g;'
1175889	  Class descriptor  : 'Lcom/larus/im/internal/jni/e;'
1175942	  Class descriptor  : 'Lcom/larus/im/internal/jni/ktx/OmniTokenServiceKtxKt;'
1176099	  Class descriptor  : 'Lcom/larus/im/internal/jni/logger/OmniLinkLogger;'
1176344	  Class descriptor  : 'Lcom/larus/im/internal/jni/logger/OmniMediaLogger;'
1176589	  Class descriptor  : 'Lcom/larus/im/internal/jni/media/OmniAVFrameDataCenter$Companion;'
1176632	  Class descriptor  : 'Lcom/larus/im/internal/jni/media/OmniAVFrameDataCenter;'
1177156	  Class descriptor  : 'Lcom/larus/im/internal/jni/media/OmniAudioAmplitudeScene;'
1177388	  Class descriptor  : 'Lcom/larus/im/internal/jni/media/OmniAudioEngineConfig;'
1178167	  Class descriptor  : 'Lcom/larus/im/internal/jni/media/OmniAudioEngineDelegate$DefaultImpls;'
1178368	  Class descriptor  : 'Lcom/larus/im/internal/jni/media/OmniAudioEngineDeviceState;'
1178622	  Class descriptor  : 'Lcom/larus/im/internal/jni/media/OmniAudioEngineDeviceType;'
1178854	  Class descriptor  : 'Lcom/larus/im/internal/jni/media/OmniAudioEngineMode;'
1179086	  Class descriptor  : 'Lcom/larus/im/internal/jni/media/OmniAudioEngineProtocol$DefaultImpls;'
1179213	  Class descriptor  : 'Lcom/larus/im/internal/jni/media/OmniAudioExtraCache;'
1179663	  Class descriptor  : 'Lcom/larus/im/internal/jni/media/OmniAudioFormat;'
1179970	  Class descriptor  : 'Lcom/larus/im/internal/jni/media/OmniAudioFormatType;'
1180158	  Class descriptor  : 'Lcom/larus/im/internal/jni/media/OmniAudioFrame;'
1181015	  Class descriptor  : 'Lcom/larus/im/internal/jni/media/OmniAudioKtxKt;'
1181230	  Class descriptor  : 'Lcom/larus/im/internal/jni/media/OmniAudioPlayerDelegate$DefaultImpls;'
1181303	  Class descriptor  : 'Lcom/larus/im/internal/jni/media/OmniAudioPlayerProtocol$DefaultImpls;'
1181348	  Class descriptor  : 'Lcom/larus/im/internal/jni/media/OmniAudioRecorderDelegate$DefaultImpls;'
1181376	  Class descriptor  : 'Lcom/larus/im/internal/jni/media/OmniAudioRecorderProtocol$DefaultImpls;'
1181421	  Class descriptor  : 'Lcom/larus/im/internal/jni/media/OmniNativeAudioEngine;'
1182678	  Class descriptor  : 'Lcom/larus/im/internal/jni/media/OmniNativeAudioHandle;'
1182695	  Class descriptor  : 'Lcom/larus/im/internal/jni/media/OmniNativeAudioPlayer;'
1182863	  Class descriptor  : 'Lcom/larus/im/internal/jni/media/OmniNativeAudioRecorder;'
1183001	  Class descriptor  : 'Lcom/larus/im/internal/jni/media/OmniReplyUniqueId$Companion;'
1183114	  Class descriptor  : 'Lcom/larus/im/internal/jni/media/OmniReplyUniqueId;'
1183545	  Class descriptor  : 'Lcom/larus/im/internal/jni/model/OmniAVAudioFrameData;'
1184169	  Class descriptor  : 'Lcom/larus/im/internal/jni/model/OmniAVEncodedVideoFrameData;'
1184976	  Class descriptor  : 'Lcom/larus/im/internal/jni/model/OmniAVFrameKtxKt;'
1185138	  Class descriptor  : 'Lcom/larus/im/internal/jni/model/OmniAVSessionStatus$Companion;'
1185250	  Class descriptor  : 'Lcom/larus/im/internal/jni/model/OmniAVSessionStatus;'
1185570	  Class descriptor  : 'Lcom/larus/im/internal/jni/model/OmniAVUnsupportedReason;'
1185813	  Class descriptor  : 'Lcom/larus/im/internal/jni/model/OmniAVVideoFrameData;'
1187330	  Class descriptor  : 'Lcom/larus/im/internal/jni/model/OmniAVVideoPlaneData;'
1187583	  Class descriptor  : 'Lcom/larus/im/internal/jni/model/OmniScreenShareIntentContext;'
1187707	  Class descriptor  : 'Lcom/larus/im/internal/jni/model/OmniVideoFrameSelectorBridge$TextureRgbaRenderer;'
1188986	  Class descriptor  : 'Lcom/larus/im/internal/jni/model/OmniVideoFrameSelectorBridge;'
1189254	  Class descriptor  : 'Lcom/larus/im/internal/jni/observer/ObserverContainer;'
1189858	  Class descriptor  : 'Lcom/larus/im/internal/jni/observer/OmniAIJobDispatcher$Companion;'
1189956	  Class descriptor  : 'Lcom/larus/im/internal/jni/observer/OmniAIJobDispatcher;'
1190344	  Class descriptor  : 'Lcom/larus/im/internal/jni/observer/OmniAIJobDispatcherKt;'
1190380	  Class descriptor  : 'Lcom/larus/im/internal/jni/observer/OmniAIJobObserver$DefaultImpls;'
1190408	  Class descriptor  : 'Lcom/larus/im/internal/jni/observer/OmniBotDispatcher$Companion;'
1190506	  Class descriptor  : 'Lcom/larus/im/internal/jni/observer/OmniBotDispatcher;'
1190863	  Class descriptor  : 'Lcom/larus/im/internal/jni/observer/OmniBotDispatcherKt;'
1190899	  Class descriptor  : 'Lcom/larus/im/internal/jni/observer/OmniBotObserver;'
1190917	  Class descriptor  : 'Lcom/larus/im/internal/jni/observer/OmniConversationDispatcher$Companion;'
1191015	  Class descriptor  : 'Lcom/larus/im/internal/jni/observer/OmniConversationDispatcher;'
1191556	  Class descriptor  : 'Lcom/larus/im/internal/jni/observer/OmniConversationDispatcherKt;'
1191592	  Class descriptor  : 'Lcom/larus/im/internal/jni/observer/OmniDispatchCommandDispatcher$Companion;'
1191690	  Class descriptor  : 'Lcom/larus/im/internal/jni/observer/OmniDispatchCommandDispatcher;'
1192081	  Class descriptor  : 'Lcom/larus/im/internal/jni/observer/OmniDispatchCommandDispatcherKt;'
1192117	  Class descriptor  : 'Lcom/larus/im/internal/jni/observer/OmniMessageDispatcher$Companion;'
1192215	  Class descriptor  : 'Lcom/larus/im/internal/jni/observer/OmniMessageDispatcher;'
1193904	  Class descriptor  : 'Lcom/larus/im/internal/jni/observer/OmniMessageDispatcherKt;'
1193940	  Class descriptor  : 'Lcom/larus/im/internal/jni/observer/OmniParticipantDispatcher$Companion;'
1194038	  Class descriptor  : 'Lcom/larus/im/internal/jni/observer/OmniParticipantDispatcher;'
1194418	  Class descriptor  : 'Lcom/larus/im/internal/jni/observer/OmniParticipantDispatcherKt;'
1194454	  Class descriptor  : 'Lcom/larus/im/internal/jni/observer/OmniParticipantObserver;'
1194472	  Class descriptor  : 'Lcom/larus/im/internal/jni/observer/OmniProjectDispatcher$Companion;'
1194570	  Class descriptor  : 'Lcom/larus/im/internal/jni/observer/OmniProjectDispatcher;'
1195011	  Class descriptor  : 'Lcom/larus/im/internal/jni/observer/OmniProjectDispatcherKt;'
1195047	  Class descriptor  : 'Lcom/larus/im/internal/jni/observer/OmniThreadDispatcher$Companion;'
1195145	  Class descriptor  : 'Lcom/larus/im/internal/jni/observer/OmniThreadDispatcher;'
1195600	  Class descriptor  : 'Lcom/larus/im/internal/jni/observer/OmniThreadDispatcherKt;'
1195636	  Class descriptor  : 'Lcom/larus/im/internal/jni/service/IRtcEnginePoolServiceCallback;'
1195671	  Class descriptor  : 'Lcom/larus/im/internal/jni/service/NativeAudioPlatformSettings;'
1195717	  Class descriptor  : 'Lcom/larus/im/internal/jni/service/OmniAIJobService;'
1195847	  Class descriptor  : 'Lcom/larus/im/internal/jni/service/OmniCmdService;'
1195935	  Class descriptor  : 'Lcom/larus/im/internal/jni/service/OmniConversationService;'
1196155	  Class descriptor  : 'Lcom/larus/im/internal/jni/service/OmniMediaService;'
1196231	  Class descriptor  : 'Lcom/larus/im/internal/jni/service/OmniMediaServiceKt;'
1196506	  Class descriptor  : 'Lcom/larus/im/internal/jni/service/OmniMessageService;'
1196795	  Class descriptor  : 'Lcom/larus/im/internal/jni/service/OmniProjectService;'
1196895	  Class descriptor  : 'Lcom/larus/im/internal/jni/service/OmniRtcEnginePoolService;'
1196953	  Class descriptor  : 'Lcom/larus/im/internal/jni/service/OmniServiceGetter;'
1197029	  Class descriptor  : 'Lcom/larus/im/internal/jni/service/OmniThreadService;'
1197093	  Class descriptor  : 'Lcom/larus/im/internal/jni/service/OmniTokenService$Callback;'
1197116	  Class descriptor  : 'Lcom/larus/im/internal/jni/service/OmniTokenService;'
1197174	  Class descriptor  : 'Lcom/larus/im/internal/jni/service/OmniTokenServiceKt$getToken$1;'
1197287	  Class descriptor  : 'Lcom/larus/im/internal/jni/service/OmniTokenServiceKt;'
1197493	  Class descriptor  : 'Lcom/larus/im/internal/jni/session/NativeMediaSession;'
1198091	  Class descriptor  : 'Lcom/larus/im/internal/jni/session/NativeMediaSessionKt;'
1198611	  Class descriptor  : 'Lcom/larus/im/internal/jni/session/OmniAudioFrameSlicer$Companion;'
1198654	  Class descriptor  : 'Lcom/larus/im/internal/jni/session/OmniAudioFrameSlicer;'
1199106	  Class descriptor  : 'Lcom/larus/im/internal/jni/session/OmniMediaSessionObserver$DefaultImpls;'
1199294	  Class descriptor  : 'Lcom/larus/im/internal/jni/session/OmniSessionObserver;'
1199701	  Class descriptor  : 'Lcom/larus/im/internal/jni/session/observer/OmniAVAudioFrameProcessorDelegate;'
1199724	  Class descriptor  : 'Lcom/larus/im/internal/jni/session/observer/OmniAVAudioFrameProcessor;'
1199934	  Class descriptor  : 'Lcom/larus/im/internal/jni/session/observer/OmniAVAudioFrameProcessorDelegate$DefaultImpls;'
1199979	  Class descriptor  : 'Lcom/larus/im/internal/jni/session/observer/OmniAVVideoFrameProcessor;'
1200191	  Class descriptor  : 'Lcom/larus/im/internal/jni/session/observer/OmniAVVideoFrameProcessorDelegate$DefaultImpls;'
1200219	  Class descriptor  : 'Lcom/larus/im/internal/jni/utils/OmniFrameUtils;'
1200338	  Class descriptor  : 'Lcom/larus/im/internal/k;'
1200493	  Class descriptor  : 'Lcom/larus/im/internal/l;'
1200549	  Class descriptor  : 'Lcom/larus/im/internal/legacy/AndroidIMABExperimentReadCostTracker$triggerOnce$2;'
1200923	  Class descriptor  : 'Lcom/larus/im/internal/legacy/NativeCmdServiceImpl$a;'
1200986	  Class descriptor  : 'Lcom/larus/im/internal/legacy/NativeCmdServiceImpl$b;'
1201119	  Class descriptor  : 'Lcom/larus/im/internal/legacy/NativeCmdServiceImpl$init$1;'
1201389	  Class descriptor  : 'Lcom/larus/im/service/p;'
1201454	  Class descriptor  : 'Lcom/larus/im/internal/legacy/NativeCmdServiceImpl;'
1203504	  Class descriptor  : 'Lcom/larus/im/internal/legacy/NativeConversationServiceImpl$a;'
1203536	  Class descriptor  : 'Lcom/larus/im/internal/legacy/NativeConversationServiceImpl$b;'
1203626	  Class descriptor  : 'Lcom/larus/im/internal/legacy/NativeConversationServiceImpl$c;'
1203844	  Class descriptor  : 'Lcom/larus/im/internal/legacy/NativeConversationServiceImpl$dispatchArchiveFailure$1;'
1203994	  Class descriptor  : 'Lcom/larus/im/internal/legacy/NativeConversationServiceImpl$failIfInvalid$1;'
1204144	  Class descriptor  : 'Lcom/larus/im/internal/legacy/NativeConversationServiceImpl$forkConversation$1;'
1204797	  Class descriptor  : 'Lcom/larus/im/internal/legacy/NativeConversationServiceImpl$getMainConversation$1;'
1204971	  Class descriptor  : 'Lcom/larus/im/internal/legacy/NativeConversationServiceImpl;'
1215294	  Class descriptor  : 'Lcom/larus/im/internal/legacy/NativeMessageServiceImpl$a;'
1215305	  Class descriptor  : 'Lcom/larus/im/internal/legacy/NativeMessageServiceImpl$b;'
1215483	  Class descriptor  : 'Lcom/larus/im/internal/legacy/NativeMessageServiceImpl$c;'
1215807	  Class descriptor  : 'Lcom/larus/im/internal/legacy/NativeMessageServiceImpl$convertMessage$2$1;'
1215981	  Class descriptor  : 'Lcom/larus/im/internal/legacy/NativeMessageServiceImpl$d;'
1216278	  Class descriptor  : 'Lcom/larus/im/internal/legacy/NativeMessageServiceImpl$failIfInvalid$1;'
1216428	  Class descriptor  : 'Lcom/larus/im/internal/legacy/NativeMessageServiceImpl$flushStreamingMessageIfNeed$1;'
1216681	  Class descriptor  : 'Lcom/larus/im/internal/legacy/NativeMessageServiceImpl$loadFullMessage$1;'
1216854	  Class descriptor  : 'Lcom/larus/im/internal/legacy/NativeMessageServiceImpl$loadFullMessage$2$a;'
1217070	  Class descriptor  : 'Lcom/larus/im/internal/legacy/NativeMessageServiceImpl$loadFullMessage$2$b;'
1217257	  Class descriptor  : 'Lcom/larus/im/internal/legacy/NativeMessageServiceImpl$loadFullMessage$2;'
1217837	  Class descriptor  : 'Lcom/larus/im/internal/legacy/NativeMessageServiceImpl$loadFullMessage$deliver$1;'
1218181	  Class descriptor  : 'Lcom/larus/im/internal/legacy/NativeMessageServiceImpl$messageFeedback$omniCallback$1$1;'
1218381	  Class descriptor  : 'Lcom/larus/im/internal/legacy/NativeMessageServiceImpl;'
1222131	  Class descriptor  : 'Lcom/larus/im/internal/legacy/NativeSendMessageRequestInternalV2$a;'
1222982	  Class descriptor  : 'Lcom/larus/im/internal/legacy/NativeSendMessageRequestInternalV2$b;'
1223029	  Class descriptor  : 'Lcom/larus/im/internal/legacy/NativeSendMessageRequestInternalV2;'
1224228	  Class descriptor  : 'Lcom/larus/im/internal/legacy/NativeThreadServiceImpl$a;'
1224239	  Class descriptor  : 'Lcom/larus/im/internal/legacy/NativeThreadServiceImpl$interruptMessage$2$a;'
1224434	  Class descriptor  : 'Lcom/larus/im/internal/legacy/NativeThreadServiceImpl$interruptMessage$2;'
1224920	  Class descriptor  : 'Lcom/larus/im/service/x;'
1224970	  Class descriptor  : 'Lcom/larus/im/internal/legacy/NativeThreadServiceImpl;'
1226562	  Class descriptor  : 'Lcom/larus/im/internal/legacy/a0;'
1226608	  Class descriptor  : 'Lcom/larus/im/internal/legacy/a1;'
1226654	  Class descriptor  : 'Lcom/larus/im/internal/legacy/a2;'
1226718	  Class descriptor  : 'Lcom/larus/im/internal/legacy/a3;'
1226796	  Class descriptor  : 'Lcom/larus/im/internal/legacy/a4;'
1227309	  Class descriptor  : 'Lcom/larus/im/internal/legacy/a5;'
1227340	  Class descriptor  : 'Lcom/larus/im/internal/legacy/a;'
1227419	  Class descriptor  : 'Lcom/larus/im/internal/legacy/b0;'
1227489	  Class descriptor  : 'Lcom/larus/im/internal/legacy/b1;'
1227547	  Class descriptor  : 'Lcom/larus/im/internal/legacy/b2;'
1227595	  Class descriptor  : 'Lcom/larus/im/internal/legacy/b3;'
1227806	  Class descriptor  : 'Lcom/larus/im/internal/legacy/b4;'
1227868	  Class descriptor  : 'Lcom/larus/im/internal/legacy/b5$a;'
1227945	  Class descriptor  : 'Lcom/larus/im/internal/legacy/b5;'
1228545	  Class descriptor  : 'Lcom/larus/im/internal/legacy/b;'
1228624	  Class descriptor  : 'Lcom/larus/im/internal/legacy/c0;'
1228672	  Class descriptor  : 'Lcom/larus/im/internal/legacy/c1;'
1228718	  Class descriptor  : 'Lcom/larus/im/internal/legacy/c2;'
1228788	  Class descriptor  : 'Lcom/larus/im/internal/legacy/c3;'
1228986	  Class descriptor  : 'Lcom/larus/im/internal/legacy/c4;'
1229149	  Class descriptor  : 'Lcom/larus/im/internal/legacy/c5$a;'
1229416	  Class descriptor  : 'Lcom/larus/im/internal/legacy/c5;'
1229497	  Class descriptor  : 'Lcom/larus/im/internal/legacy/c;'
1229577	  Class descriptor  : 'Lcom/larus/im/internal/legacy/d0;'
1229641	  Class descriptor  : 'Lcom/larus/im/internal/legacy/d1;'
1229689	  Class descriptor  : 'Lcom/larus/im/internal/legacy/d2;'
1229735	  Class descriptor  : 'Lcom/larus/im/internal/legacy/d3;'
1229882	  Class descriptor  : 'Lcom/larus/im/internal/legacy/d4;'
1230098	  Class descriptor  : 'Lcom/larus/im/internal/legacy/d5;'
1230129	  Class descriptor  : 'Lcom/larus/im/internal/legacy/d;'
1230203	  Class descriptor  : 'Lcom/larus/im/internal/legacy/e0;'
1230251	  Class descriptor  : 'Lcom/larus/im/internal/legacy/e1;'
1230315	  Class descriptor  : 'Lcom/larus/im/internal/legacy/e2;'
1230373	  Class descriptor  : 'Lcom/larus/im/internal/legacy/e3;'
1230472	  Class descriptor  : 'Lcom/larus/im/internal/legacy/e4;'
1230604	  Class descriptor  : 'Lcom/larus/im/internal/legacy/e5$a;'
1230660	  Class descriptor  : 'Lcom/larus/im/internal/legacy/e5;'
1230691	  Class descriptor  : 'Lcom/larus/im/internal/legacy/e;'
1230765	  Class descriptor  : 'Lcom/larus/im/internal/legacy/f0;'
1230842	  Class descriptor  : 'Lcom/larus/im/internal/legacy/f1;'
1230888	  Class descriptor  : 'Lcom/larus/im/internal/legacy/f2;'
1230936	  Class descriptor  : 'Lcom/larus/im/internal/legacy/f3;'
1231028	  Class descriptor  : 'Lcom/larus/im/internal/legacy/f4;'
1231122	  Class descriptor  : 'Lcom/larus/im/internal/legacy/f;'
1231281	  Class descriptor  : 'Lcom/larus/im/internal/legacy/g0;'
1231339	  Class descriptor  : 'Lcom/larus/im/internal/legacy/g1;'
1231446	  Class descriptor  : 'Lcom/larus/im/internal/legacy/g2;'
1231516	  Class descriptor  : 'Lcom/larus/im/internal/legacy/g3;'
1231744	  Class descriptor  : 'Lcom/larus/im/internal/legacy/g4;'
1231799	  Class descriptor  : 'Lcom/larus/im/internal/legacy/g;'
1232314	  Class descriptor  : 'Lcom/larus/im/internal/legacy/h0;'
1232360	  Class descriptor  : 'Lcom/larus/im/internal/legacy/h1;'
1232406	  Class descriptor  : 'Lcom/larus/im/internal/legacy/h2;'
1232470	  Class descriptor  : 'Lcom/larus/im/internal/legacy/h3;'
1232593	  Class descriptor  : 'Lcom/larus/im/internal/legacy/h4;'
1232673	  Class descriptor  : 'Lcom/larus/im/internal/legacy/h;'
1232739	  Class descriptor  : 'Lcom/larus/im/internal/legacy/i0;'
1232797	  Class descriptor  : 'Lcom/larus/im/internal/legacy/i1;'
1232855	  Class descriptor  : 'Lcom/larus/im/internal/legacy/i2;'
1232903	  Class descriptor  : 'Lcom/larus/im/internal/legacy/i3;'
1232997	  Class descriptor  : 'Lcom/larus/im/internal/legacy/i4;'
1233245	  Class descriptor  : 'Lcom/larus/im/internal/legacy/i;'
1233291	  Class descriptor  : 'Lcom/larus/im/internal/legacy/j0;'
1233355	  Class descriptor  : 'Lcom/larus/im/internal/legacy/j1;'
1233401	  Class descriptor  : 'Lcom/larus/im/internal/legacy/j2;'
1233465	  Class descriptor  : 'Lcom/larus/im/internal/legacy/j3;'
1233588	  Class descriptor  : 'Lcom/larus/im/internal/legacy/j4;'
1233644	  Class descriptor  : 'Lcom/larus/im/internal/legacy/j;'
1233702	  Class descriptor  : 'Lcom/larus/im/internal/legacy/k0;'
1233750	  Class descriptor  : 'Lcom/larus/im/internal/legacy/k1;'
1233827	  Class descriptor  : 'Lcom/larus/im/internal/legacy/k2;'
1233875	  Class descriptor  : 'Lcom/larus/im/internal/legacy/k3;'
1234024	  Class descriptor  : 'Lcom/larus/im/internal/legacy/k4;'
1234080	  Class descriptor  : 'Lcom/larus/im/internal/legacy/k;'
1234126	  Class descriptor  : 'Lcom/larus/im/internal/legacy/l0;'
1234196	  Class descriptor  : 'Lcom/larus/im/internal/legacy/l1;'
1234244	  Class descriptor  : 'Lcom/larus/im/internal/legacy/l2;'
1234309	  Class descriptor  : 'Lcom/larus/im/internal/legacy/l3;'
1234371	  Class descriptor  : 'Lcom/larus/im/internal/legacy/l4;'
1234450	  Class descriptor  : 'Lcom/larus/im/internal/legacy/l;'
1234508	  Class descriptor  : 'Lcom/larus/im/internal/legacy/m0;'
1234554	  Class descriptor  : 'Lcom/larus/im/internal/legacy/m1;'
1234624	  Class descriptor  : 'Lcom/larus/im/internal/legacy/m2;'
1234696	  Class descriptor  : 'Lcom/larus/im/internal/legacy/m3;'
1234773	  Class descriptor  : 'Lcom/larus/im/internal/legacy/m4;'
1234852	  Class descriptor  : 'Lcom/larus/im/internal/legacy/m;'
1234898	  Class descriptor  : 'Lcom/larus/im/internal/legacy/n0;'
1234962	  Class descriptor  : 'Lcom/larus/im/internal/legacy/n1;'
1235026	  Class descriptor  : 'Lcom/larus/im/internal/legacy/n2;'
1235088	  Class descriptor  : 'Lcom/larus/im/internal/legacy/n3;'
1235219	  Class descriptor  : 'Lcom/larus/im/internal/legacy/n4;'
1235278	  Class descriptor  : 'Lcom/larus/im/internal/legacy/n;'
1235336	  Class descriptor  : 'Lcom/larus/im/internal/legacy/o0;'
1235382	  Class descriptor  : 'Lcom/larus/im/internal/legacy/o1;'
1235428	  Class descriptor  : 'Lcom/larus/im/internal/legacy/o2;'
1235490	  Class descriptor  : 'Lcom/larus/im/internal/legacy/o3;'
1235585	  Class descriptor  : 'Lcom/larus/im/internal/legacy/o4;'
1235664	  Class descriptor  : 'Lcom/larus/im/internal/legacy/o;'
1235716	  Class descriptor  : 'Lcom/larus/im/internal/legacy/p0;'
1235762	  Class descriptor  : 'Lcom/larus/im/internal/legacy/p1;'
1235820	  Class descriptor  : 'Lcom/larus/im/internal/legacy/p2;'
1235910	  Class descriptor  : 'Lcom/larus/im/internal/legacy/p3;'
1236157	  Class descriptor  : 'Lcom/larus/im/internal/legacy/p4;'
1236213	  Class descriptor  : 'Lcom/larus/im/internal/legacy/p;'
1236271	  Class descriptor  : 'Lcom/larus/im/internal/legacy/q0;'
1236323	  Class descriptor  : 'Lcom/larus/im/internal/legacy/q1;'
1236380	  Class descriptor  : 'Lcom/larus/im/internal/legacy/q2;'
1236566	  Class descriptor  : 'Lcom/larus/im/internal/legacy/q3;'
1236825	  Class descriptor  : 'Lcom/larus/im/internal/legacy/q4;'
1236904	  Class descriptor  : 'Lcom/larus/im/internal/legacy/q;'
1236955	  Class descriptor  : 'Lcom/larus/im/internal/legacy/r0;'
1237001	  Class descriptor  : 'Lcom/larus/im/internal/legacy/r1;'
1237049	  Class descriptor  : 'Lcom/larus/im/internal/legacy/r2;'
1237129	  Class descriptor  : 'Lcom/larus/im/internal/legacy/r3;'
1237300	  Class descriptor  : 'Lcom/larus/im/internal/legacy/r4;'
1237511	  Class descriptor  : 'Lcom/larus/im/internal/legacy/r;'
1237556	  Class descriptor  : 'Lcom/larus/im/internal/legacy/s0;'
1237604	  Class descriptor  : 'Lcom/larus/im/internal/legacy/s1;'
1237662	  Class descriptor  : 'Lcom/larus/im/internal/legacy/s2;'
1237785	  Class descriptor  : 'Lcom/larus/im/internal/legacy/s3;'
1237896	  Class descriptor  : 'Lcom/larus/im/internal/legacy/s4;'
1237975	  Class descriptor  : 'Lcom/larus/im/internal/legacy/s;'
1238021	  Class descriptor  : 'Lcom/larus/im/internal/legacy/t0;'
1238085	  Class descriptor  : 'Lcom/larus/im/internal/legacy/t1;'
1238131	  Class descriptor  : 'Lcom/larus/im/internal/legacy/t2;'
1238225	  Class descriptor  : 'Lcom/larus/im/internal/legacy/t3;'
1238333	  Class descriptor  : 'Lcom/larus/im/internal/legacy/t4;'
1238401	  Class descriptor  : 'Lcom/larus/im/internal/legacy/t;'
1238447	  Class descriptor  : 'Lcom/larus/im/internal/legacy/u0;'
1238493	  Class descriptor  : 'Lcom/larus/im/internal/legacy/u1;'
1238557	  Class descriptor  : 'Lcom/larus/im/internal/legacy/u2;'
1238622	  Class descriptor  : 'Lcom/larus/im/internal/legacy/u3;'
1238806	  Class descriptor  : 'Lcom/larus/im/internal/legacy/u4;'
1238885	  Class descriptor  : 'Lcom/larus/im/internal/legacy/u;'
1238943	  Class descriptor  : 'Lcom/larus/im/internal/legacy/v0;'
1239007	  Class descriptor  : 'Lcom/larus/im/internal/legacy/v1;'
1239053	  Class descriptor  : 'Lcom/larus/im/internal/legacy/v2;'
1239307	  Class descriptor  : 'Lcom/larus/im/internal/legacy/v3;'
1239355	  Class descriptor  : 'Lcom/larus/im/service/v;'
1239429	  Class descriptor  : 'Lcom/larus/im/internal/legacy/v4;'
1240085	  Class descriptor  : 'Lcom/larus/im/internal/legacy/v;'
1240133	  Class descriptor  : 'Lcom/larus/im/internal/legacy/w0;'
1240179	  Class descriptor  : 'Lcom/larus/im/internal/legacy/w1;'
1240237	  Class descriptor  : 'Lcom/larus/im/internal/legacy/w2;'
1240364	  Class descriptor  : 'Lcom/larus/im/internal/legacy/w3;'
1240443	  Class descriptor  : 'Lcom/larus/im/internal/legacy/w4;'
1240529	  Class descriptor  : 'Lcom/larus/im/internal/legacy/w;'
1240593	  Class descriptor  : 'Lcom/larus/im/internal/legacy/x0;'
1240651	  Class descriptor  : 'Lcom/larus/im/internal/legacy/x1;'
1240721	  Class descriptor  : 'Lcom/larus/im/internal/legacy/x2;'
1240786	  Class descriptor  : 'Lcom/larus/im/internal/legacy/x3;'
1240964	  Class descriptor  : 'Lcom/larus/im/internal/legacy/x4;'
1241036	  Class descriptor  : 'Lcom/larus/im/internal/legacy/x;'
1241084	  Class descriptor  : 'Lcom/larus/im/internal/legacy/y0;'
1241132	  Class descriptor  : 'Lcom/larus/im/internal/legacy/y1;'
1241178	  Class descriptor  : 'Lcom/larus/im/internal/legacy/y2;'
1241266	  Class descriptor  : 'Lcom/larus/im/internal/legacy/y3;'
1241331	  Class descriptor  : 'Lcom/larus/im/internal/legacy/y4;'
1241484	  Class descriptor  : 'Lcom/larus/im/internal/legacy/y;'
1241561	  Class descriptor  : 'Lcom/larus/im/internal/legacy/z0;'
1241625	  Class descriptor  : 'Lcom/larus/im/internal/legacy/z1;'
1241673	  Class descriptor  : 'Lcom/larus/im/internal/legacy/z2;'
1241775	  Class descriptor  : 'Lcom/larus/im/internal/legacy/z3;'
1241879	  Class descriptor  : 'Lcom/larus/im/internal/legacy/z4;'
1242016	  Class descriptor  : 'Lcom/larus/im/internal/legacy/z;'
1242067	  Class descriptor  : 'Lcom/larus/im/internal/m;'
1242123	  Class descriptor  : 'Lcom/larus/im/internal/memory/DataCenter$loadData$1;'
1242621	  Class descriptor  : 'Lcom/larus/im/internal/memory/DataCenter$monitor$1;'
1243343	  Class descriptor  : 'Lcom/larus/im/internal/memory/a;'
1243470	  Class descriptor  : 'Lcom/larus/im/internal/memory/annotation/Read;'
1243482	  Class descriptor  : 'Lcom/larus/im/internal/memory/annotation/Write;'
1243494	  Class descriptor  : 'Lcom/larus/im/internal/memory/b;'
1243565	  Class descriptor  : 'Lcom/larus/im/internal/memory/c;'
1244290	  Class descriptor  : 'Lcom/larus/im/internal/memory/cache/BotCache$deleteBotById$2$1;'
1244474	  Class descriptor  : 'Lcom/larus/im/internal/memory/cache/BotCache$deleteBotById$2;'
1244691	  Class descriptor  : 'Lcom/larus/im/internal/memory/cache/BotCache$getBotByConversationId$2;'
1244887	  Class descriptor  : 'Lcom/larus/im/internal/memory/cache/BotCache$getBotById$2;'
1245131	  Class descriptor  : 'Lcom/larus/im/internal/memory/cache/BotCache$getBotsByIds$2;'
1245552	  Class descriptor  : 'Lcom/larus/im/internal/memory/cache/BotCache$insertBot$2;'
1245736	  Class descriptor  : 'Lcom/larus/im/internal/memory/cache/BotCache$updateBot$2$2;'
1245929	  Class descriptor  : 'Lcom/larus/im/internal/memory/cache/BotCache$updateBot$2;'
1246229	  Class descriptor  : 'Lcom/larus/im/internal/memory/cache/MemoryCache;'
1247246	  Class descriptor  : 'Lcom/larus/im/internal/memory/cache/BotCache;'
1247483	  Class descriptor  : 'Lcom/larus/im/internal/memory/cache/ConversationCache$deleteConversation$2$1;'
1247667	  Class descriptor  : 'Lcom/larus/im/internal/memory/cache/ConversationCache$deleteConversation$2;'
1247884	  Class descriptor  : 'Lcom/larus/im/internal/memory/cache/ConversationCache$deleteConversations$2$2;'
1248068	  Class descriptor  : 'Lcom/larus/im/internal/memory/cache/ConversationCache$deleteConversations$2;'
1248278	  Class descriptor  : 'Lcom/larus/im/internal/memory/cache/ConversationCache$getAllConversation$2;'
1248472	  Class descriptor  : 'Lcom/larus/im/internal/memory/cache/ConversationCache$getAllConversationIds$2;'
1248647	  Class descriptor  : 'Lcom/larus/im/internal/memory/cache/ConversationCache$getAllSubConversation$2;'
1248819	  Class descriptor  : 'Lcom/larus/im/internal/memory/cache/ConversationCache$getAllSubSimpleCvsList$2;'
1248991	  Class descriptor  : 'Lcom/larus/im/internal/memory/cache/ConversationCache$getAllVisibleBotCvsIds$2;'
1249163	  Class descriptor  : 'Lcom/larus/im/internal/memory/cache/ConversationCache$getConversationByBotId$2;'
1249368	  Class descriptor  : 'Lcom/larus/im/internal/memory/cache/ConversationCache$getConversationById$2;'
1249684	  Class descriptor  : 'Lcom/larus/im/internal/memory/cache/ConversationCache$getConversationByIdV2$1;'
1249902	  Class descriptor  : 'Lcom/larus/im/internal/memory/cache/ConversationCache$getConversationByIdV2$2;'
1250128	  Class descriptor  : 'Lcom/larus/im/internal/memory/cache/ConversationCache$getConversationsByConversationIds$2;'
1250553	  Class descriptor  : 'Lcom/larus/im/internal/memory/cache/ConversationCache$getCursor$2;'
1250784	  Class descriptor  : 'Lcom/larus/im/internal/memory/cache/ConversationCache$getLocalCvsIdsWithLimit$2;'
1250968	  Class descriptor  : 'Lcom/larus/im/internal/memory/cache/ConversationCache$getMainConversation$2;'
1251357	  Class descriptor  : 'Lcom/larus/im/internal/memory/cache/ConversationCache$getMainConversationV2$2;'
1251529	  Class descriptor  : 'Lcom/larus/im/internal/memory/cache/ConversationCache$getNonPinConversationWithLimit$2;'
1251784	  Class descriptor  : 'Lcom/larus/im/internal/memory/cache/ConversationCache$getNonPinConversationWithLimitByArchiveStatus$2;'
1252050	  Class descriptor  : 'Lcom/larus/im/internal/memory/cache/ConversationCache$getPinConversationWithLimit$2;'
1252305	  Class descriptor  : 'Lcom/larus/im/internal/memory/cache/ConversationCache$getPinConversationWithLimitByArchiveStatus$2;'
1252571	  Class descriptor  : 'Lcom/larus/im/internal/memory/cache/ConversationCache$getSimpleCvsListWithLimit$2;'
1252755	  Class descriptor  : 'Lcom/larus/im/internal/memory/cache/ConversationCache$getSortedConversations$2;'
1252949	  Class descriptor  : 'Lcom/larus/im/internal/memory/cache/ConversationCache$getSortedConversationsWithLimit$2;'
1253193	  Class descriptor  : 'Lcom/larus/im/internal/memory/cache/ConversationCache$getSortedConversationsWithLimitByArchiveStatus$2;'
1253446	  Class descriptor  : 'Lcom/larus/im/internal/memory/cache/ConversationCache$insertConversation$2$1;'
1253630	  Class descriptor  : 'Lcom/larus/im/internal/memory/cache/ConversationCache$insertConversation$2;'
1253875	  Class descriptor  : 'Lcom/larus/im/internal/memory/cache/ConversationCache$searchConversationByFts$2;'
1254102	  Class descriptor  : 'Lcom/larus/im/internal/memory/cache/ConversationCache$searchConversationByLike$2;'
1254329	  Class descriptor  : 'Lcom/larus/im/internal/memory/cache/ConversationCache$updateBadgeCount$2$2;'
1254522	  Class descriptor  : 'Lcom/larus/im/internal/memory/cache/ConversationCache$updateBadgeCount$2;'
1254819	  Class descriptor  : 'Lcom/larus/im/internal/memory/cache/ConversationCache$updateBriefMsgLocalId$2$2;'
1255012	  Class descriptor  : 'Lcom/larus/im/internal/memory/cache/ConversationCache$updateBriefMsgLocalId$2;'
1255259	  Class descriptor  : 'Lcom/larus/im/internal/memory/cache/ConversationCache$updateConversation$2$1;'
1255452	  Class descriptor  : 'Lcom/larus/im/internal/memory/cache/ConversationCache$updateConversation$2;'
1255822	  Class descriptor  : 'Lcom/larus/im/internal/memory/cache/ConversationCache$updateCursor$2$2;'
1256017	  Class descriptor  : 'Lcom/larus/im/internal/memory/cache/ConversationCache$updateCursor$2;'
1256270	  Class descriptor  : 'Lcom/larus/im/internal/memory/cache/ConversationCache$updateLatestMessageIndex$2$2;'
1256465	  Class descriptor  : 'Lcom/larus/im/internal/memory/cache/ConversationCache$updateLatestMessageIndex$2;'
1256718	  Class descriptor  : 'Lcom/larus/im/internal/memory/cache/ConversationCache$updateName$2$2;'
1256911	  Class descriptor  : 'Lcom/larus/im/internal/memory/cache/ConversationCache$updateName$2;'
1257158	  Class descriptor  : 'Lcom/larus/im/internal/memory/cache/ConversationCache$updateTtsEnable$2$2;'
1257351	  Class descriptor  : 'Lcom/larus/im/internal/memory/cache/ConversationCache$updateTtsEnable$2;'
1257598	  Class descriptor  : 'Lcom/larus/im/internal/memory/cache/ConversationCache;'
1258289	  Class descriptor  : 'Lcom/larus/im/internal/memory/cache/MemoryCache$syncOrAsync$2;'
1258462	  Class descriptor  : 'Lcom/larus/im/internal/memory/cache/MemoryCache$update$1;'
1258538	  Class descriptor  : 'Lcom/larus/im/internal/memory/cache/MemoryCache$withLock$2;'
1258707	  Class descriptor  : 'Lcom/larus/im/internal/memory/cache/MessageCache$a;'
1258718	  Class descriptor  : 'Lcom/larus/im/internal/memory/cache/MessageCache$addOrUpdate$1;'
1258786	  Class descriptor  : 'Lcom/larus/im/internal/memory/cache/MessageCache$addOrUpdate$3;'
1258858	  Class descriptor  : 'Lcom/larus/im/internal/memory/cache/MessageCache$deleteAllMessage$2;'
1259040	  Class descriptor  : 'Lcom/larus/im/internal/memory/cache/MessageCache$deleteAllMessageBySenderId$2$2;'
1259224	  Class descriptor  : 'Lcom/larus/im/internal/memory/cache/MessageCache$deleteAllMessageBySenderId$2;'
1259491	  Class descriptor  : 'Lcom/larus/im/internal/memory/cache/MessageCache$deleteMessageByConversationId$2$1;'
1259675	  Class descriptor  : 'Lcom/larus/im/internal/memory/cache/MessageCache$deleteMessageByConversationId$2;'
1259925	  Class descriptor  : 'Lcom/larus/im/internal/memory/cache/MessageCache$deleteMessageByConversationId$4;'
1260159	  Class descriptor  : 'Lcom/larus/im/internal/memory/cache/MessageCache$deleteMessageByCvsIdAndMsgIdMatcher$2$2;'
1260352	  Class descriptor  : 'Lcom/larus/im/internal/memory/cache/MessageCache$deleteMessageByCvsIdAndMsgIdMatcher$2;'
1260642	  Class descriptor  : 'Lcom/larus/im/internal/memory/cache/MessageCache$deleteMessageByCvsIds$2$2;'
1260826	  Class descriptor  : 'Lcom/larus/im/internal/memory/cache/MessageCache$deleteMessageByCvsIds$2;'
1261105	  Class descriptor  : 'Lcom/larus/im/internal/memory/cache/MessageCache$deleteMessageByLocalMessageId$2$1;'
1261289	  Class descriptor  : 'Lcom/larus/im/internal/memory/cache/MessageCache$deleteMessageByLocalMessageId$2;'
1261546	  Class descriptor  : 'Lcom/larus/im/internal/memory/cache/MessageCache$deleteMessageByLocalMessageIdList$2$2;'
1261730	  Class descriptor  : 'Lcom/larus/im/internal/memory/cache/MessageCache$deleteMessageByLocalMessageIdList$2;'
1261997	  Class descriptor  : 'Lcom/larus/im/internal/memory/cache/MessageCache$deleteMessageListByMaxIndex$2$2;'
1262192	  Class descriptor  : 'Lcom/larus/im/internal/memory/cache/MessageCache$deleteMessageListByMaxIndex$2;'
1262488	  Class descriptor  : 'Lcom/larus/im/internal/memory/cache/MessageCache$deleteOlderMessage$2;'
1262725	  Class descriptor  : 'Lcom/larus/im/internal/memory/cache/MessageCache$doUpdate$2$2;'
1262918	  Class descriptor  : 'Lcom/larus/im/internal/memory/cache/MessageCache$doUpdate$2;'
1263274	  Class descriptor  : 'Lcom/larus/im/internal/memory/cache/MessageCache$findMessageIfExist$2;'
1263800	  Class descriptor  : 'Lcom/larus/im/internal/memory/cache/MessageCache$getAllMessageCount$2;'
1263972	  Class descriptor  : 'Lcom/larus/im/internal/memory/cache/MessageCache$getLastCreateTime$2;'
1264244	  Class descriptor  : 'Lcom/larus/im/internal/memory/cache/MessageCache$getLastLocalIndexByCvsId$2;'
1264593	  Class descriptor  : 'Lcom/larus/im/internal/memory/cache/MessageCache$getLastLocalMessage$2;'
1264834	  Class descriptor  : 'Lcom/larus/im/internal/memory/cache/MessageCache$getLastLocalMessageId$2;'
1265081	  Class descriptor  : 'Lcom/larus/im/internal/memory/cache/MessageCache$getLastServerIndexByCvsId$2;'
1265372	  Class descriptor  : 'Lcom/larus/im/internal/memory/cache/MessageCache$getLatestMessageListEnsureVisible$1;'
1265437	  Class descriptor  : 'Lcom/larus/im/internal/memory/cache/MessageCache$getLatestMessageListEnsureVisible$2$1$a;'
1265520	  Class descriptor  : 'Lcom/larus/im/internal/memory/cache/MessageCache$getLatestMessageListEnsureVisible$2$1$b;'
1265603	  Class descriptor  : 'Lcom/larus/im/internal/memory/cache/MessageCache$getLatestMessageListEnsureVisible$2$1;'
1266257	  Class descriptor  : 'Lcom/larus/im/internal/memory/cache/MessageCache$getLatestVisibleMessageList$2;'
1266447	  Class descriptor  : 'Lcom/larus/im/internal/memory/cache/MessageCache$getLocalOnboardingIds$2;'
1266628	  Class descriptor  : 'Lcom/larus/im/internal/memory/cache/MessageCache$getMaxServerIndexByCvsId$2;'
1267014	  Class descriptor  : 'Lcom/larus/im/internal/memory/cache/MessageCache$getMessageById$2;'
1267324	  Class descriptor  : 'Lcom/larus/im/internal/memory/cache/MessageCache$getMessageByIdOrLocalId$2;'
1267661	  Class descriptor  : 'Lcom/larus/im/internal/memory/cache/MessageCache$getMessageByLocalId$2;'
1267971	  Class descriptor  : 'Lcom/larus/im/internal/memory/cache/MessageCache$getMessageByLocalIdOrMsgId$2;'
1268412	  Class descriptor  : 'Lcom/larus/im/internal/memory/cache/MessageCache$getMessageByMatcherCvsId$2;'
1268602	  Class descriptor  : 'Lcom/larus/im/internal/memory/cache/MessageCache$getMessageByStatus$2;'
1268783	  Class descriptor  : 'Lcom/larus/im/internal/memory/cache/MessageCache$getMessageCountByConversationId$2;'
1268964	  Class descriptor  : 'Lcom/larus/im/internal/memory/cache/MessageCache$getMessageLessThanTarCreateTime$2;'
1269167	  Class descriptor  : 'Lcom/larus/im/internal/memory/cache/MessageCache$getMessageListByCollectionId$2;'
1269357	  Class descriptor  : 'Lcom/larus/im/internal/memory/cache/MessageCache$getMessageListByIdsOrLocalIds$2;'
1269547	  Class descriptor  : 'Lcom/larus/im/internal/memory/cache/MessageCache$getMessageListByIndexRange$2;'
1269750	  Class descriptor  : 'Lcom/larus/im/internal/memory/cache/MessageCache$getMessageListByMaxIndex$2;'
1269942	  Class descriptor  : 'Lcom/larus/im/internal/memory/cache/MessageCache$getMessageListByQuestionId$2;'
1270229	  Class descriptor  : 'Lcom/larus/im/internal/memory/cache/MessageCache$getMessageListByReferId$2;'
1270472	  Class descriptor  : 'Lcom/larus/im/internal/memory/cache/MessageCache$getMessageListBySectionId$2;'
1270662	  Class descriptor  : 'Lcom/larus/im/internal/memory/cache/MessageCache$getMessagesByCvsId$2;'
1270960	  Class descriptor  : 'Lcom/larus/im/internal/memory/cache/MessageCache$getMessagesByLocalMessageIds$2;'
1271519	  Class descriptor  : 'Lcom/larus/im/internal/memory/cache/MessageCache$getMessagesByMessageIds$2;'
1272098	  Class descriptor  : 'Lcom/larus/im/internal/memory/cache/MessageCache$getOlderMessageListEnsureVisible$2;'
1272518	  Class descriptor  : 'Lcom/larus/im/internal/memory/cache/MessageCache$getOldestServerIndexByCvsId$2;'
1272699	  Class descriptor  : 'Lcom/larus/im/internal/memory/cache/MessageCache$getSendMessageListByLocalIndex$2;'
1273173	  Class descriptor  : 'Lcom/larus/im/internal/memory/cache/MessageCache$getSendSuccessImageMessageList$2;'
1273354	  Class descriptor  : 'Lcom/larus/im/internal/memory/cache/MessageCache$getSendingMessageList$2;'
1273752	  Class descriptor  : 'Lcom/larus/im/internal/memory/cache/MessageCache$getThreadMessageListByQuestionId$2;'
1274039	  Class descriptor  : 'Lcom/larus/im/internal/memory/cache/MessageCache$getTypeMessageByStatus$2;'
1274229	  Class descriptor  : 'Lcom/larus/im/internal/memory/cache/MessageCache$getVisibleMessageListById$2;'
1274905	  Class descriptor  : 'Lcom/larus/im/internal/memory/cache/MessageCache$insertAllMessages$2$2;'
1275089	  Class descriptor  : 'Lcom/larus/im/internal/memory/cache/MessageCache$insertAllMessages$2;'
1275398	  Class descriptor  : 'Lcom/larus/im/internal/memory/cache/MessageCache$insertMessage$2$1;'
1275582	  Class descriptor  : 'Lcom/larus/im/internal/memory/cache/MessageCache$insertMessage$2;'
1275908	  Class descriptor  : 'Lcom/larus/im/internal/memory/cache/MessageCache$removeAllMessage$1;'
1276002	  Class descriptor  : 'Lcom/larus/im/internal/memory/cache/MessageCache$searchMsgByFts$2;'
1276498	  Class descriptor  : 'Lcom/larus/im/internal/memory/cache/MessageCache$searchMsgByLike$2;'
1276994	  Class descriptor  : 'Lcom/larus/im/internal/memory/cache/MessageCache$updateBrief$2$2;'
1277187	  Class descriptor  : 'Lcom/larus/im/internal/memory/cache/MessageCache$updateBrief$2;'
1277477	  Class descriptor  : 'Lcom/larus/im/internal/memory/cache/MessageCache$updateConversationId$2$2;'
1277670	  Class descriptor  : 'Lcom/larus/im/internal/memory/cache/MessageCache$updateConversationId$2;'
1277960	  Class descriptor  : 'Lcom/larus/im/internal/memory/cache/MessageCache$updateExt$2$2;'
1278153	  Class descriptor  : 'Lcom/larus/im/internal/memory/cache/MessageCache$updateExt$2;'
1278443	  Class descriptor  : 'Lcom/larus/im/internal/memory/cache/MessageCache$updateFeedback$2$2;'
1278636	  Class descriptor  : 'Lcom/larus/im/internal/memory/cache/MessageCache$updateFeedback$2;'
1278926	  Class descriptor  : 'Lcom/larus/im/internal/memory/cache/MessageCache$updateFtsContent$2$2;'
1279119	  Class descriptor  : 'Lcom/larus/im/internal/memory/cache/MessageCache$updateFtsContent$2;'
1279415	  Class descriptor  : 'Lcom/larus/im/internal/memory/cache/MessageCache$updateImageDataPath$2$2;'
1279608	  Class descriptor  : 'Lcom/larus/im/internal/memory/cache/MessageCache$updateImageDataPath$2;'
1279898	  Class descriptor  : 'Lcom/larus/im/internal/memory/cache/MessageCache$updateImageUploadStatus$2$2;'
1280091	  Class descriptor  : 'Lcom/larus/im/internal/memory/cache/MessageCache$updateImageUploadStatus$2;'
1280381	  Class descriptor  : 'Lcom/larus/im/internal/memory/cache/MessageCache$updateLocalIndex$2$2;'
1280576	  Class descriptor  : 'Lcom/larus/im/internal/memory/cache/MessageCache$updateLocalIndex$2;'
1280872	  Class descriptor  : 'Lcom/larus/im/internal/memory/cache/MessageCache$updateLocalStatus$2$2;'
1281065	  Class descriptor  : 'Lcom/larus/im/internal/memory/cache/MessageCache$updateLocalStatus$2;'
1281355	  Class descriptor  : 'Lcom/larus/im/internal/memory/cache/MessageCache$updateMessage$1;'
1281423	  Class descriptor  : 'Lcom/larus/im/internal/memory/cache/MessageCache$updateMessageId$2$2;'
1281616	  Class descriptor  : 'Lcom/larus/im/internal/memory/cache/MessageCache$updateMessageId$2;'
1281906	  Class descriptor  : 'Lcom/larus/im/internal/memory/cache/MessageCache$updateRefInfo$2$2;'
1282099	  Class descriptor  : 'Lcom/larus/im/internal/memory/cache/MessageCache$updateRefInfo$2;'
1282389	  Class descriptor  : 'Lcom/larus/im/internal/memory/cache/MessageCache$updateRegenIndex$2$2;'
1282582	  Class descriptor  : 'Lcom/larus/im/internal/memory/cache/MessageCache$updateRegenIndex$2;'
1282872	  Class descriptor  : 'Lcom/larus/im/internal/memory/cache/MessageCache$updateRegenMessageList$2$2;'
1283065	  Class descriptor  : 'Lcom/larus/im/internal/memory/cache/MessageCache$updateRegenMessageList$2;'
1283355	  Class descriptor  : 'Lcom/larus/im/internal/memory/cache/MessageCache$updateRegenRootId$2$2;'
1283548	  Class descriptor  : 'Lcom/larus/im/internal/memory/cache/MessageCache$updateRegenRootId$2;'
1283838	  Class descriptor  : 'Lcom/larus/im/internal/memory/cache/MessageCache$updateRegenStatus$2$2;'
1284031	  Class descriptor  : 'Lcom/larus/im/internal/memory/cache/MessageCache$updateRegenStatus$2;'
1284321	  Class descriptor  : 'Lcom/larus/im/internal/memory/cache/MessageCache$updateRegenVisible$2$2;'
1284514	  Class descriptor  : 'Lcom/larus/im/internal/memory/cache/MessageCache$updateRegenVisible$2;'
1284804	  Class descriptor  : 'Lcom/larus/im/internal/memory/cache/MessageCache$updateSectionId$2$2;'
1284997	  Class descriptor  : 'Lcom/larus/im/internal/memory/cache/MessageCache$updateSectionId$2;'
1285287	  Class descriptor  : 'Lcom/larus/im/internal/memory/cache/MessageCache$updateSender$2$2;'
1285480	  Class descriptor  : 'Lcom/larus/im/internal/memory/cache/MessageCache$updateSender$2;'
1285770	  Class descriptor  : 'Lcom/larus/im/internal/memory/cache/MessageCache$updateServerStatus$2$2;'
1285963	  Class descriptor  : 'Lcom/larus/im/internal/memory/cache/MessageCache$updateServerStatus$2;'
1286253	  Class descriptor  : 'Lcom/larus/im/internal/memory/cache/MessageCache$updateSourceFromAsr$2$2;'
1286446	  Class descriptor  : 'Lcom/larus/im/internal/memory/cache/MessageCache$updateSourceFromAsr$2;'
1286736	  Class descriptor  : 'Lcom/larus/im/internal/memory/cache/MessageCache$updateSuggestQuestions$2$2;'
1286929	  Class descriptor  : 'Lcom/larus/im/internal/memory/cache/MessageCache$updateSuggestQuestions$2;'
1287219	  Class descriptor  : 'Lcom/larus/im/internal/memory/cache/MessageCache;'
1290001	  Class descriptor  : 'Lcom/larus/im/internal/memory/cache/ParticipantCache$deleteParticipantsByConversationId$2$2;'
1290185	  Class descriptor  : 'Lcom/larus/im/internal/memory/cache/ParticipantCache$deleteParticipantsByConversationId$2;'
1290395	  Class descriptor  : 'Lcom/larus/im/internal/memory/cache/ParticipantCache$deleteParticipantsByCvsIds$2$2;'
1290579	  Class descriptor  : 'Lcom/larus/im/internal/memory/cache/ParticipantCache$deleteParticipantsByCvsIds$2;'
1290789	  Class descriptor  : 'Lcom/larus/im/internal/memory/cache/ParticipantCache$getAllParticipantByConversationId$2;'
1290985	  Class descriptor  : 'Lcom/larus/im/internal/memory/cache/ParticipantCache$getParticipantById$2;'
1291273	  Class descriptor  : 'Lcom/larus/im/internal/memory/cache/ParticipantCache$insertAllParticipant$2$1;'
1291457	  Class descriptor  : 'Lcom/larus/im/internal/memory/cache/ParticipantCache$insertAllParticipant$2;'
1291660	  Class descriptor  : 'Lcom/larus/im/internal/memory/cache/ParticipantCache$insertParticipant$2$1;'
1291844	  Class descriptor  : 'Lcom/larus/im/internal/memory/cache/ParticipantCache$insertParticipant$2;'
1292044	  Class descriptor  : 'Lcom/larus/im/internal/memory/cache/ParticipantCache$loadFromDB$2;'
1292286	  Class descriptor  : 'Lcom/larus/im/internal/memory/cache/ParticipantCache$queryParticipantCountByConversationId$2;'
1292476	  Class descriptor  : 'Lcom/larus/im/internal/memory/cache/ParticipantCache;'
1292828	  Class descriptor  : 'Lcom/larus/im/internal/memory/cache/a0;'
1293033	  Class descriptor  : 'Lcom/larus/im/internal/memory/cache/a;'
1293083	  Class descriptor  : 'Lcom/larus/im/internal/memory/cache/b0;'
1293288	  Class descriptor  : 'Lcom/larus/im/internal/memory/cache/b;'
1293363	  Class descriptor  : 'Lcom/larus/im/internal/memory/cache/c0;'
1293568	  Class descriptor  : 'Lcom/larus/im/internal/memory/cache/c;'
1293660	  Class descriptor  : 'Lcom/larus/im/internal/memory/cache/d0;'
1293860	  Class descriptor  : 'Lcom/larus/im/internal/memory/cache/d;'
1294048	  Class descriptor  : 'Lcom/larus/im/internal/memory/cache/e0;'
1294244	  Class descriptor  : 'Lcom/larus/im/internal/memory/cache/e;'
1294434	  Class descriptor  : 'Lcom/larus/im/internal/memory/cache/f0;'
1294630	  Class descriptor  : 'Lcom/larus/im/internal/memory/cache/f;'
1294818	  Class descriptor  : 'Lcom/larus/im/internal/memory/cache/g0;'
1295023	  Class descriptor  : 'Lcom/larus/im/internal/memory/cache/g;'
1295212	  Class descriptor  : 'Lcom/larus/im/internal/memory/cache/h0;'
1295414	  Class descriptor  : 'Lcom/larus/im/internal/memory/cache/h;'
1295595	  Class descriptor  : 'Lcom/larus/im/internal/memory/cache/i0;'
1295791	  Class descriptor  : 'Lcom/larus/im/internal/memory/cache/i;'
1295980	  Class descriptor  : 'Lcom/larus/im/internal/memory/cache/j0;'
1296176	  Class descriptor  : 'Lcom/larus/im/internal/memory/cache/j;'
1296265	  Class descriptor  : 'Lcom/larus/im/internal/memory/cache/k0;'
1296469	  Class descriptor  : 'Lcom/larus/im/internal/memory/cache/k;'
1296588	  Class descriptor  : 'Lcom/larus/im/internal/memory/cache/l0;'
1296793	  Class descriptor  : 'Lcom/larus/im/internal/memory/cache/l;'
1296870	  Class descriptor  : 'Lcom/larus/im/internal/memory/cache/m0;'
1297066	  Class descriptor  : 'Lcom/larus/im/internal/memory/cache/m;'
1297193	  Class descriptor  : 'Lcom/larus/im/internal/memory/cache/n0;'
1297398	  Class descriptor  : 'Lcom/larus/im/internal/memory/cache/n;'
1297487	  Class descriptor  : 'Lcom/larus/im/internal/memory/cache/o0;'
1297683	  Class descriptor  : 'Lcom/larus/im/internal/memory/cache/o;'
1297760	  Class descriptor  : 'Lcom/larus/im/internal/memory/cache/p0;'
1297965	  Class descriptor  : 'Lcom/larus/im/internal/memory/cache/p;'
1298040	  Class descriptor  : 'Lcom/larus/im/internal/memory/cache/q0;'
1298245	  Class descriptor  : 'Lcom/larus/im/internal/memory/cache/q;'
1298326	  Class descriptor  : 'Lcom/larus/im/internal/memory/cache/r0;'
1298401	  Class descriptor  : 'Lcom/larus/im/internal/memory/cache/r;'
1298482	  Class descriptor  : 'Lcom/larus/im/internal/memory/cache/s0;'
1298557	  Class descriptor  : 'Lcom/larus/im/internal/memory/cache/s;'
1298632	  Class descriptor  : 'Lcom/larus/im/internal/memory/cache/t;'
1298713	  Class descriptor  : 'Lcom/larus/im/internal/memory/cache/u;'
1298796	  Class descriptor  : 'Lcom/larus/im/internal/memory/cache/v;'
1298846	  Class descriptor  : 'Lcom/larus/im/internal/memory/cache/w;'
1299051	  Class descriptor  : 'Lcom/larus/im/internal/memory/cache/x;'
1299256	  Class descriptor  : 'Lcom/larus/im/internal/memory/cache/y;'
1299461	  Class descriptor  : 'Lcom/larus/im/internal/memory/cache/z;'
1299664	  Class descriptor  : 'Lcom/larus/im/internal/memory/d;'
1299713	  Class descriptor  : 'Lcom/larus/im/internal/n;'
1299803	  Class descriptor  : 'Lcom/larus/im/internal/network/CommonHttpResponse$a;'
1300267	  Class descriptor  : 'Lcom/larus/im/internal/network/CommonHttpResponse$b;'
1300326	  Class descriptor  : 'Lcom/larus/im/internal/network/CommonHttpResponse;'
1301164	  Class descriptor  : 'Lcom/larus/im/internal/network/NetworkCommonAbility$request$2;'
1301705	  Class descriptor  : 'Lcom/larus/im/internal/network/NetworkCommonAbility;'
1301892	  Class descriptor  : 'Lcom/larus/im/internal/network/a$a$a;'
1302265	  Class descriptor  : 'Lcom/larus/im/internal/network/a$a$b;'
1302312	  Class descriptor  : 'Lcom/larus/im/internal/network/a$a;'
1302535	  Class descriptor  : 'Lcom/larus/im/internal/network/a;'
1302581	  Class descriptor  : 'Lcom/larus/im/internal/network/adapter/abs/ProtocolMode;'
1302773	  Class descriptor  : 'Lcom/larus/im/internal/network/adapter/impl/v2/converter/AudioModelUplinkConvert$AudioDsl;'
1302785	  Class descriptor  : 'Lcom/larus/im/internal/network/adapter/impl/v2/converter/AudioModelUplinkConvert$a;'
1302796	  Class descriptor  : 'Lrc9/c;'
1302813	  Class descriptor  : 'Lcom/larus/im/internal/network/adapter/impl/v2/converter/AudioModelUplinkConvert;'
1305643	  Class descriptor  : 'Lcom/larus/im/internal/network/adapter/impl/v2/converter/InnerDsl;'
1305655	  Class descriptor  : 'Lcom/larus/im/internal/network/adapter/impl/v2/converter/TopLevelDsl;'
1305667	  Class descriptor  : 'Lcom/larus/im/internal/network/adapter/impl/v2/converter/a$a;'
1305678	  Class descriptor  : 'Lcom/larus/im/internal/network/adapter/impl/v2/converter/a$b;'
1306020	  Class descriptor  : 'Lcom/larus/im/internal/network/adapter/impl/v2/converter/a;'
1310163	  Class descriptor  : 'Lcom/larus/im/internal/network/adapter/impl/v2/converter/b;'
1310195	  Class descriptor  : 'Lcom/larus/im/internal/network/adapter/impl/v2/converter/c;'
1310631	  Class descriptor  : 'Lcom/larus/im/internal/network/adapter/impl/v2/converter/d;'
1311012	  Class descriptor  : 'Lcom/larus/im/internal/network/adapter/impl/v2/converter/e$a;'
1311313	  Class descriptor  : 'Lcom/larus/im/internal/network/adapter/impl/v2/converter/e;'
1311690	  Class descriptor  : 'Lcom/larus/im/internal/network/adapter/impl/v2/converter/f$a;'
1311761	  Class descriptor  : 'Lcom/larus/im/internal/network/adapter/impl/v2/converter/f;'
1312102	  Class descriptor  : 'Lcom/larus/im/internal/network/b;'
1312322	  Class descriptor  : 'Lcom/larus/im/internal/network/c$a;'
1312371	  Class descriptor  : 'Lcom/larus/im/internal/network/c;'
1312403	  Class descriptor  : 'Lcom/larus/im/internal/network/channel/BotApiChannel$requireBot$1;'
1312467	  Class descriptor  : 'Lcom/larus/im/internal/network/channel/BotApiChannel$requireCreateBot$2;'
1312638	  Class descriptor  : 'Lcom/larus/im/internal/network/channel/BotApiChannel$requireDeleteBot$2;'
1312809	  Class descriptor  : 'Lcom/larus/im/internal/network/channel/BotApiChannel$requireGetBotList$2;'
1313205	  Class descriptor  : 'Lcom/larus/im/internal/network/channel/BotApiChannel$requireGetRecentBotList$2;'
1313376	  Class descriptor  : 'Lcom/larus/im/internal/network/channel/BotApiChannel$requireUpdateBot$2;'
1313547	  Class descriptor  : 'Lcom/larus/im/internal/network/channel/BotApiChannel;'
1314591	  Class descriptor  : 'Lcom/larus/im/internal/network/channel/a;'
1314656	  Class descriptor  : 'Lcom/larus/im/internal/network/channel/b;'
1315322	  Class descriptor  : 'Lcom/larus/im/internal/network/channel/c;'
1315606	  Class descriptor  : 'Lcom/larus/im/internal/network/channel/d;'
1315759	  Class descriptor  : 'Lcom/larus/im/internal/network/channel/e;'
1316306	  Class descriptor  : 'Lcom/larus/im/internal/network/channel/f;'
1316423	  Class descriptor  : 'Lcom/larus/im/internal/network/channel/g$a;'
1316655	  Class descriptor  : 'Lcom/larus/im/internal/network/channel/g;'
1316983	  Class descriptor  : 'Lcom/larus/im/internal/network/channel/h;'
1317300	  Class descriptor  : 'Lcom/larus/im/internal/network/channel/i;'
1317609	  Class descriptor  : 'Lcom/larus/im/internal/network/chunk/ChunkOperator$ChunkChannel$sendMessage$1;'
1317681	  Class descriptor  : 'Lcom/larus/im/internal/network/chunk/ChunkOperator$ChunkChannel$sendMessage$5;'
1317779	  Class descriptor  : 'Lcom/larus/im/internal/network/chunk/ChunkOperator$ChunkChannel$sendMessage$6;'
1317877	  Class descriptor  : 'Lcom/larus/im/internal/network/chunk/handler/a$a;'
1317900	  Class descriptor  : 'Lcom/larus/im/internal/network/chunk/ChunkOperator$a$a;'
1318124	  Class descriptor  : 'Lcom/larus/im/internal/network/chunk/ChunkOperator$a;'
1319176	  Class descriptor  : 'Lcom/larus/im/internal/network/chunk/ChunkOperator$b;'
1319199	  Class descriptor  : 'Lcom/larus/im/internal/network/chunk/ChunkOperator$c;'
1319356	  Class descriptor  : 'Lcom/larus/im/internal/network/chunk/ChunkOperator$d;'
1319459	  Class descriptor  : 'Lcom/larus/im/internal/network/chunk/receiver/CommonChunkDispatcher;'
1320420	  Class descriptor  : 'Lcom/larus/im/internal/network/chunk/ChunkOperator$e;'
1320462	  Class descriptor  : 'Lcom/larus/im/internal/network/chunk/ChunkOperator$launchChunk$1;'
1320543	  Class descriptor  : 'Lcom/larus/im/internal/network/chunk/ChunkOperator$resumeChunk$1;'
1321334	  Class descriptor  : 'Lcom/larus/im/internal/network/chunk/ChunkOperator$sendMessage$1;'
1321402	  Class descriptor  : 'Lcom/larus/im/internal/network/chunk/ChunkOperator;'
1324397	  Class descriptor  : 'Lcom/larus/im/internal/utils/b;'
1324677	  Class descriptor  : 'Lcom/larus/im/internal/network/chunk/a;'
1324708	  Class descriptor  : 'Lcom/larus/im/internal/network/chunk/b;'
1324762	  Class descriptor  : 'Lcom/larus/im/internal/network/chunk/c;'
1324860	  Class descriptor  : 'Lcom/larus/im/internal/network/chunk/cache/SseHeaderCache$a;'
1325034	  Class descriptor  : 'Lcom/larus/im/internal/network/chunk/cache/SseHeaderCache$acquireHeader$1;'
1325110	  Class descriptor  : 'Lcom/larus/im/internal/network/chunk/cache/SseHeaderCache$b;'
1325274	  Class descriptor  : 'Lcom/larus/im/internal/network/chunk/cache/SseHeaderCache$cache$1;'
1325358	  Class descriptor  : 'Lcom/larus/im/internal/network/chunk/cache/SseHeaderCache$cache$2;'
1325438	  Class descriptor  : 'Lcom/larus/im/internal/network/chunk/cache/SseHeaderCache$retrieveReply$1;'
1325514	  Class descriptor  : 'Lcom/larus/im/internal/network/chunk/cache/SseHeaderCache;'
1328897	  Class descriptor  : 'Lcom/larus/im/internal/network/chunk/cache/a$a$a;'
1329519	  Class descriptor  : 'Lcom/larus/im/internal/network/chunk/cache/a$a$b;'
1329566	  Class descriptor  : 'Lcom/larus/im/internal/network/chunk/cache/a$a;'
1329933	  Class descriptor  : 'Lcom/larus/im/internal/network/chunk/cache/a;'
1330495	  Class descriptor  : 'Lcom/larus/im/internal/network/chunk/d;'
1330900	  Class descriptor  : 'Lcom/larus/im/internal/network/chunk/data/ChunkParser$ReadChunkException;'
1331152	  Class descriptor  : 'Lcom/larus/im/internal/network/chunk/data/ChunkParser$parseStream$1;'
1331232	  Class descriptor  : 'Lcom/larus/im/internal/network/chunk/data/ChunkParser$parseStream$2;'
1331308	  Class descriptor  : 'Lcom/larus/im/internal/network/chunk/data/ChunkParser$parseStream$chunkRet$1;'
1331495	  Class descriptor  : 'Lcom/larus/im/internal/network/chunk/data/ChunkParser;'
1332715	  Class descriptor  : 'Lcom/larus/im/internal/network/chunk/data/a;'
1332944	  Class descriptor  : 'Lcom/larus/im/internal/network/chunk/data/b$a;'
1332955	  Class descriptor  : 'Lcom/larus/im/internal/network/chunk/data/b;'
1333143	  Class descriptor  : 'Lcom/larus/im/internal/network/chunk/data/c;'
1333291	  Class descriptor  : 'Lcom/larus/im/internal/network/chunk/e;'
1333395	  Class descriptor  : 'Lcom/larus/im/internal/network/chunk/e$a;'
1333642	  Class descriptor  : 'Lcom/larus/im/internal/network/chunk/e$b;'
1333915	  Class descriptor  : 'Lcom/larus/im/internal/network/chunk/exception/InterruptSseException;'
1334026	  Class descriptor  : 'Lcom/larus/im/internal/network/chunk/exception/ReceiveChunkTimeoutException;'
1334172	  Class descriptor  : 'Lcom/larus/im/internal/network/chunk/handler/ChunkHandler$a;'
1334183	  Class descriptor  : 'Lcom/larus/im/internal/network/chunk/handler/ChunkHandler$fetchChunkInternal$1$1;'
1334497	  Class descriptor  : 'Lcom/larus/im/internal/network/chunk/handler/ChunkHandler$fetchChunkInternal$1;'
1334756	  Class descriptor  : 'Lcom/larus/im/internal/network/chunk/handler/ChunkHandler$request$1;'
1334840	  Class descriptor  : 'Lcom/larus/im/internal/network/chunk/handler/ChunkHandler$request$2$1;'
1335330	  Class descriptor  : 'Lcom/larus/im/internal/network/chunk/handler/ChunkHandler$retry$1;'
1335440	  Class descriptor  : 'Lcom/larus/im/internal/network/chunk/handler/ChunkHandler$setChunkIntervalTimeoutTask$2;'
1335729	  Class descriptor  : 'Lcom/larus/im/internal/network/chunk/handler/ChunkHandler$setReqTimeoutTask$2;'
1336012	  Class descriptor  : 'Lcom/larus/im/internal/network/chunk/handler/a;'
1336059	  Class descriptor  : 'Lcom/larus/im/internal/network/chunk/handler/ChunkHandler;'
1338052	  Class descriptor  : 'Lcom/larus/im/internal/network/chunk/handler/SseChunkHandler$a;'
1338063	  Class descriptor  : 'Lcom/larus/im/internal/network/chunk/handler/SseChunkHandler$b;'
1338333	  Class descriptor  : 'Lcom/larus/im/internal/utils/t;'
1338476	  Class descriptor  : 'Lcom/larus/im/internal/network/chunk/handler/SseChunkHandler$c;'
1338622	  Class descriptor  : 'Lcom/larus/im/internal/network/chunk/handler/SseChunkHandler$dispatchChunk$1;'
1338702	  Class descriptor  : 'Lcom/larus/im/internal/network/chunk/handler/SseChunkHandler$fetchChunk$1$1;'
1338893	  Class descriptor  : 'Lcom/larus/im/internal/network/chunk/handler/SseChunkHandler$fetchChunk$1;'
1339189	  Class descriptor  : 'Lcom/larus/im/internal/network/chunk/handler/SseChunkHandler$networkOperate$1;'
1339303	  Class descriptor  : 'Lcom/larus/im/internal/network/chunk/handler/SseChunkHandler$networkOperate$2;'
1339861	  Class descriptor  : 'Lcom/larus/im/internal/network/chunk/handler/SseChunkHandler$receiveStream$2;'
1340122	  Class descriptor  : 'Lcom/larus/im/internal/network/chunk/handler/SseChunkHandler$request$1;'
1340240	  Class descriptor  : 'Lcom/larus/im/internal/network/chunk/handler/SseChunkHandler$request$2;'
1340366	  Class descriptor  : 'Lcom/larus/im/internal/network/chunk/handler/SseChunkHandler$request$3$sseConnectionJob$1;'
1340584	  Class descriptor  : 'Lcom/larus/im/internal/network/chunk/handler/SseChunkHandler$retry$1;'
1340700	  Class descriptor  : 'Lcom/larus/im/internal/network/chunk/handler/SseChunkHandler$sendMessage$1;'
1340768	  Class descriptor  : 'Lcom/larus/im/internal/network/chunk/handler/SseChunkHandler$sendMessage$downlink$1;'
1341387	  Class descriptor  : 'Lcom/larus/im/internal/network/chunk/handler/SseChunkHandler;'
1345675	  Class descriptor  : 'Lcom/larus/im/internal/network/chunk/handler/b;'
1345778	  Class descriptor  : 'Lcom/larus/im/internal/network/chunk/handler/c;'
1346069	  Class descriptor  : 'Lcom/larus/im/internal/network/chunk/handler/config/ChunkPosition;'
1346283	  Class descriptor  : 'Lcom/larus/im/internal/network/chunk/handler/config/RetryReason;'
1346475	  Class descriptor  : 'Lcom/larus/im/internal/network/chunk/handler/d;'
1346526	  Class descriptor  : 'Lcom/larus/im/internal/network/chunk/receiver/CommonChunkDispatcher$a;'
1346537	  Class descriptor  : 'Lcom/larus/im/internal/network/chunk/receiver/CommonChunkDispatcher$callback$1;'
1346731	  Class descriptor  : 'Lcom/larus/im/internal/network/chunk/receiver/HttpDownlinkChunkReceiver$a;'
1346742	  Class descriptor  : 'Lcom/larus/im/internal/network/chunk/receiver/HttpDownlinkChunkReceiver$receiveDownlink$1;'
1346819	  Class descriptor  : 'Lcom/larus/im/internal/network/chunk/receiver/b;'
1346842	  Class descriptor  : 'Lcom/larus/im/internal/network/chunk/receiver/HttpDownlinkChunkReceiver;'
1350012	  Class descriptor  : 'Lcom/larus/im/internal/network/chunk/receiver/SseDownlinkChunkReceiver$1;'
1350960	  Class descriptor  : 'Lcom/larus/im/internal/network/chunk/receiver/SseDownlinkChunkReceiver$a;'
1350971	  Class descriptor  : 'Lcom/larus/im/internal/network/chunk/receiver/SseDownlinkChunkReceiver$cancelTypewriter$1;'
1351063	  Class descriptor  : 'Lcom/larus/im/internal/network/chunk/receiver/SseDownlinkChunkReceiver$handleChunkBody$1;'
1351175	  Class descriptor  : 'Lcom/larus/im/internal/network/chunk/receiver/SseDownlinkChunkReceiver$handleDownlinkMessage$1;'
1351259	  Class descriptor  : 'Lcom/larus/im/internal/network/chunk/receiver/SseDownlinkChunkReceiver$handleDownlinkMessage$2$1;'
1351379	  Class descriptor  : 'Lcom/larus/im/internal/network/chunk/receiver/SseDownlinkChunkReceiver$handleDownlinkMessage$2;'
1351654	  Class descriptor  : 'Lcom/larus/im/internal/network/chunk/receiver/SseDownlinkChunkReceiver$interruptSelf$1;'
1352005	  Class descriptor  : 'Lcom/larus/im/internal/network/chunk/receiver/SseDownlinkChunkReceiver$receiveDownlink$1;'
1352090	  Class descriptor  : 'Lcom/larus/im/internal/network/chunk/receiver/SseDownlinkChunkReceiver$receiveDownlink$2;'
1352717	  Class descriptor  : 'Lcom/larus/im/internal/network/chunk/receiver/SseDownlinkChunkReceiver$stopStream$1;'
1352809	  Class descriptor  : 'Lcom/larus/im/internal/network/chunk/receiver/SseDownlinkChunkReceiver;'
1359500	  Class descriptor  : 'Lcom/larus/im/internal/network/chunk/receiver/a;'
1359569	  Class descriptor  : 'Lcom/larus/im/internal/network/chunk/receiver/c;'
1359638	  Class descriptor  : 'Lcom/larus/im/internal/network/chunk/receiver/d;'
1359704	  Class descriptor  : 'Lcom/larus/im/internal/network/chunk/receiver/e;'
1359770	  Class descriptor  : 'Lcom/larus/im/internal/network/chunk/receiver/f;'
1359836	  Class descriptor  : 'Lcom/larus/im/internal/network/chunk/receiver/g;'
1359902	  Class descriptor  : 'Lcom/larus/im/internal/network/chunk/receiver/h;'
1359968	  Class descriptor  : 'Lcom/larus/im/internal/network/chunk/receiver/i;'
1360027	  Class descriptor  : 'Lcom/larus/im/internal/network/chunk/receiver/j;'
1360096	  Class descriptor  : 'Lcom/larus/im/internal/network/d$a;'
1360145	  Class descriptor  : 'Lcom/larus/im/internal/network/d;'
1360183	  Class descriptor  : 'Lcom/larus/im/internal/network/e;'
1360222	  Class descriptor  : 'Lcom/larus/im/internal/network/e$a;'
1360467	  Class descriptor  : 'Lcom/larus/im/internal/network/e$b;'
1360680	  Class descriptor  : 'Lcom/larus/im/internal/network/e$c;'
1360925	  Class descriptor  : 'Lcom/larus/im/internal/network/e$d;'
1361174	  Class descriptor  : 'Lcom/larus/im/internal/network/e$e;'
1361419	  Class descriptor  : 'Lcom/larus/im/internal/network/e$f;'
1361691	  Class descriptor  : 'Lcom/larus/im/internal/network/e$g;'
1361962	  Class descriptor  : 'Lcom/larus/im/internal/network/e$h;'
1362210	  Class descriptor  : 'Lcom/larus/im/internal/network/handler/CreateBotConversationTask$handleHttpAck$1;'
1362759	  Class descriptor  : 'Lcom/larus/im/internal/network/stragery/uplink/BaseUplinkStrategy$b;'
1362776	  Class descriptor  : 'Lcom/larus/im/internal/network/handler/b;'
1363092	  Class descriptor  : 'Lcom/larus/im/internal/network/handler/CreateBotConversationTask;'
1363374	  Class descriptor  : 'Lcom/larus/im/internal/network/handler/a;'
1363455	  Class descriptor  : 'Lcom/larus/im/internal/network/handler/b$a;'
1363466	  Class descriptor  : 'Lcom/larus/im/internal/network/handler/b$b;'
1363574	  Class descriptor  : 'Lcom/larus/im/internal/network/impl/ConversationNetworkImpl$batchGetConversationInfo$1;'
1363639	  Class descriptor  : 'Lcom/larus/im/internal/network/impl/ConversationNetworkImpl$batchGetParticipants$1;'
1363703	  Class descriptor  : 'Lcom/larus/im/internal/network/impl/ConversationNetworkImpl$deleteConversation$1;'
1363767	  Class descriptor  : 'Lcom/larus/im/internal/network/impl/ConversationNetworkImpl$getConversationInfo$1;'
1363832	  Class descriptor  : 'Lcom/larus/im/internal/network/impl/ConversationNetworkImpl$getConversationParticipant$1;'
1363896	  Class descriptor  : 'Lcom/larus/im/internal/network/impl/ConversationNetworkImpl$reportConsistencyData$1;'
1363960	  Class descriptor  : 'Lcom/larus/im/internal/network/impl/ConversationNetworkImpl;'
1365042	  Class descriptor  : 'Lcom/larus/im/internal/network/impl/MessageNetworkImpl$batchSendMessage$1;'
1365107	  Class descriptor  : 'Lcom/larus/im/internal/network/impl/MessageNetworkImpl$batchUpdateMessageStatus$1;'
1365171	  Class descriptor  : 'Lcom/larus/im/internal/network/impl/MessageNetworkImpl$chainSingle$1;'
1365248	  Class descriptor  : 'Lcom/larus/im/internal/network/impl/MessageNetworkImpl$sendMessage$1;'
1365313	  Class descriptor  : 'Lcom/larus/im/internal/network/impl/MessageNetworkImpl;'
1366768	  Class descriptor  : 'Lcom/larus/im/internal/network/impl/a;'
1366973	  Class descriptor  : 'Lcom/larus/im/internal/network/impl/b;'
1367178	  Class descriptor  : 'Lcom/larus/im/internal/network/impl/c;'
1367237	  Class descriptor  : 'Lcom/larus/im/internal/network/impl/d;'
1367296	  Class descriptor  : 'Lcom/larus/im/internal/network/impl/e;'
1367518	  Class descriptor  : 'Lcom/larus/im/internal/network/impl/f;'
1367577	  Class descriptor  : 'Lcom/larus/im/internal/network/impl/g;'
1367782	  Class descriptor  : 'Lcom/larus/im/internal/network/impl/h;'
1367841	  Class descriptor  : 'Lcom/larus/im/internal/network/impl/i;'
1368059	  Class descriptor  : 'Lcom/larus/im/internal/network/impl/j;'
1368118	  Class descriptor  : 'Lcom/larus/im/internal/network/impl/k;'
1368352	  Class descriptor  : 'Lcom/larus/im/internal/network/impl/l;'
1368411	  Class descriptor  : 'Lcom/larus/im/internal/network/impl/m;'
1368650	  Class descriptor  : 'Lcom/larus/im/internal/network/impl/n;'
1368855	  Class descriptor  : 'Lcom/larus/im/internal/network/impl/o;'
1368914	  Class descriptor  : 'Lcom/larus/im/internal/network/impl/p;'
1369104	  Class descriptor  : 'Lcom/larus/im/internal/network/impl/q;'
1369187	  Class descriptor  : 'Lcom/larus/im/internal/network/impl/r;'
1369246	  Class descriptor  : 'Lcom/larus/im/internal/network/impl/s;'
1369436	  Class descriptor  : 'Lcom/larus/im/internal/network/impl/t;'
1369548	  Class descriptor  : 'Lcom/larus/im/internal/network/impl/u;'
1369607	  Class descriptor  : 'Lcom/larus/im/internal/network/impl/v;'
1369837	  Class descriptor  : 'Lcom/larus/im/internal/network/impl/w;'
1369896	  Class descriptor  : 'Lcom/larus/im/internal/network/link/dsl/ProtocolBuilder$ProtocolBuilderDSL;'
1369908	  Class descriptor  : 'Lcom/larus/im/internal/network/link/dsl/ProtocolBuilder;'
1370023	  Class descriptor  : 'Lcom/larus/im/internal/network/link/dsl/ProtocolDSL;'
1370035	  Class descriptor  : 'Lcom/larus/im/internal/network/link/impl/rtc/RTCConnectRetryAction;'
1370227	  Class descriptor  : 'Lcom/larus/im/internal/network/link/impl/rtc/RTCConnectRetryReason;'
1370578	  Class descriptor  : 'Lcom/larus/im/internal/network/link/impl/rtc/RTCConnectionType$a;'
1370610	  Class descriptor  : 'Lcom/larus/im/internal/network/link/impl/rtc/RTCConnectionType;'
1370873	  Class descriptor  : 'Lcom/larus/im/internal/network/link/impl/rtc/RoomConnectionRequest$getConnectionInfoJob$1;'
1371161	  Class descriptor  : 'Lcom/larus/im/internal/network/link/impl/rtc/RoomConnectionRequest$getConnectionInfoJobV2$1;'
1371679	  Class descriptor  : 'Lcom/larus/im/internal/network/link/impl/rtc/a;'
1372519	  Class descriptor  : 'Lcom/larus/im/internal/network/link/impl/rtc/abs/FlowRTCLinkSession$a;'
1372530	  Class descriptor  : 'Lnd9/l;'
1372574	  Class descriptor  : 'Lcom/larus/im/internal/network/link/impl/rtc/abs/FlowRTCLinkSession$b;'
1374829	  Class descriptor  : 'Lcom/larus/im/internal/network/link/impl/rtc/abs/FlowRTCLinkSession$c;'
1374995	  Class descriptor  : 'Lcom/larus/im/internal/network/link/impl/rtc/abs/FlowRTCLinkSession$connect$1$startResult$1$1;'
1375359	  Class descriptor  : 'Lcom/larus/im/internal/network/link/impl/rtc/abs/FlowRTCLinkSession$connect$2$4;'
1375612	  Class descriptor  : 'Lcom/larus/im/internal/network/link/impl/rtc/abs/FlowRTCLinkSession$d;'
1375704	  Class descriptor  : 'Lnd9/q;'
1375721	  Class descriptor  : 'Lcom/larus/im/internal/network/link/impl/rtc/abs/FlowRTCLinkSession$e;'
1375854	  Class descriptor  : 'Lcom/larus/im/internal/network/link/impl/rtc/abs/FlowRTCLinkSession$f;'
1376028	  Class descriptor  : 'Lcom/larus/im/internal/network/link/impl/rtc/abs/FlowRTCLinkSession$onConnectNetworkRecovered$1;'
1376586	  Class descriptor  : 'Lcom/larus/im/internal/network/link/impl/rtc/abs/FlowRTCLinkSession$scheduleConnectRetryExecution$retryJob$1;'
1376787	  Class descriptor  : 'Lcom/larus/im/internal/network/link/impl/rtc/abs/FlowRTCLinkSession$scheduleSessionStartedTimeout$timeoutJob$1;'
1377031	  Class descriptor  : 'Lcom/larus/im/internal/network/link/impl/rtc/abs/FlowRTCLinkSession$sessionContext$2$2;'
1377134	  Class descriptor  : 'Lcom/larus/im/internal/network/link/impl/rtc/abs/FlowRTCLinkSession$sessionContext$2$6;'
1377242	  Class descriptor  : 'Lcom/larus/im/internal/network/link/impl/rtc/abs/FlowRTCLinkSession$sessionContext$2$7;'
1377492	  Class descriptor  : 'Lcom/larus/im/internal/network/link/impl/rtc/abs/FlowRTCLinkSession$sessionContext$2$8;'
1377578	  Class descriptor  : 'Lcom/larus/im/internal/network/link/impl/rtc/abs/FlowRTCLinkSession$sessionContext$2$9;'
1377692	  Class descriptor  : 'Lcom/larus/im/internal/network/link/impl/rtc/abs/FlowRTCLinkSession$waitNetworkRecoveryForRetry$deadlineJob$1;'
1377892	  Class descriptor  : 'Lnd9/o;'
1377945	  Class descriptor  : 'Lcom/larus/im/internal/network/link/impl/rtc/abs/FlowRTCLinkSession;'
1386557	  Class descriptor  : 'Lcom/larus/im/internal/network/link/impl/rtc/abs/a;'
1386663	  Class descriptor  : 'Lcom/larus/im/internal/network/link/impl/rtc/abs/b;'
1386749	  Class descriptor  : 'Lcom/larus/im/internal/network/link/impl/rtc/abs/c;'
1386880	  Class descriptor  : 'Lcom/larus/im/internal/network/link/impl/rtc/abs/d;'
1386939	  Class descriptor  : 'Lcom/larus/im/internal/network/link/impl/rtc/abs/e;'
1387010	  Class descriptor  : 'Lcom/larus/im/internal/network/link/impl/rtc/abs/f;'
1387081	  Class descriptor  : 'Lcom/larus/im/internal/network/link/impl/rtc/abs/g;'
1387162	  Class descriptor  : 'Lcom/larus/im/internal/network/link/impl/rtc/abs/h;'
1387225	  Class descriptor  : 'Lcom/larus/im/internal/network/link/impl/rtc/abs/i;'
1387358	  Class descriptor  : 'Lcom/larus/im/internal/network/link/impl/rtc/abs/j;'
1388653	  Class descriptor  : 'Lcom/larus/im/internal/network/link/impl/rtc/abs/k;'
1388796	  Class descriptor  : 'Lcom/larus/im/internal/network/link/impl/rtc/abs/l;'
1388869	  Class descriptor  : 'Lcom/larus/im/internal/network/link/impl/rtc/abs/m;'
1388969	  Class descriptor  : 'Lcom/larus/im/internal/network/link/impl/rtc/abs/n;'
1389226	  Class descriptor  : 'Lcom/larus/im/internal/network/link/impl/rtc/abs/o;'
1389308	  Class descriptor  : 'Lcom/larus/im/internal/network/link/impl/rtc/abs/p;'
1389419	  Class descriptor  : 'Lcom/larus/im/internal/network/link/impl/rtc/b;'
1389838	  Class descriptor  : 'Lcom/larus/im/internal/network/link/impl/rtc/c;'
1389869	  Class descriptor  : 'Lcom/larus/im/internal/network/link/impl/rtc/d;'
1390287	  Class descriptor  : 'Lcom/larus/im/internal/network/link/impl/rtc/e$a;'
1390298	  Class descriptor  : 'Lcom/larus/im/internal/network/link/impl/rtc/e;'
1390627	  Class descriptor  : 'Lcom/larus/im/internal/network/link/impl/rtc/f;'
1390658	  Class descriptor  : 'Lcom/larus/im/internal/network/link/impl/rtc/g$a;'
1390669	  Class descriptor  : 'Lcom/larus/im/internal/network/link/impl/rtc/g;'
1391090	  Class descriptor  : 'Lcom/larus/im/internal/network/link/impl/rtc/h;'
1391347	  Class descriptor  : 'Lcom/larus/im/internal/network/link/impl/rtc/i;'
1391584	  Class descriptor  : 'Lcom/larus/im/internal/network/link/impl/rtc/j;'
1391783	  Class descriptor  : 'Lcom/larus/im/internal/network/link/impl/rtc/k;'
1392198	  Class descriptor  : 'Lcom/larus/im/internal/network/link/impl/rtc/l;'
1392445	  Class descriptor  : 'Lcom/larus/im/internal/network/link/impl/rtc/m;'
1392544	  Class descriptor  : 'Lcom/larus/im/internal/network/link/impl/rtc/n;'
1392733	  Class descriptor  : 'Lcom/larus/im/internal/network/link/impl/rtc/o;'
1394164	  Class descriptor  : 'Lcom/larus/im/internal/network/link/impl/rtc/p;'
1394491	  Class descriptor  : 'Lcom/larus/im/internal/network/link/impl/rtc/q$a;'
1394502	  Class descriptor  : 'Lcom/larus/im/internal/network/link/impl/rtc/q;'
1395760	  Class descriptor  : 'Lcom/larus/im/internal/network/link/impl/rtc/r;'
1395792	  Class descriptor  : 'Lcom/larus/im/internal/network/link/impl/rtc/s;'
1396039	  Class descriptor  : 'Lcom/larus/im/internal/network/link/impl/rtc/smartnetwork/L2NetworkEvaluate$regWifiBroadcastReceiver$1;'
1396674	  Class descriptor  : 'Lcom/larus/im/internal/network/link/impl/rtc/smartnetwork/L2NetworkEvaluate$startGetStaOfApThreadOnce$1$1;'
1396850	  Class descriptor  : 'Lcom/larus/im/internal/network/link/impl/rtc/smartnetwork/L2NetworkEvaluate$startGetStaOfApThreadOnce$1$jobs$1$1;'
1397169	  Class descriptor  : 'Lcom/larus/im/internal/network/link/impl/rtc/smartnetwork/SocketDscpSet$a;'
1397180	  Class descriptor  : 'Lcom/larus/im/internal/network/link/impl/rtc/smartnetwork/SocketDscpSet;'
1397689	  Class descriptor  : 'Lcom/larus/im/internal/network/link/impl/rtc/smartnetwork/a;'
1398146	  Class descriptor  : 'Lcom/larus/im/internal/network/link/impl/rtc/smartnetwork/b;'
1398345	  Class descriptor  : 'Lcom/larus/im/internal/network/link/impl/rtc/smartnetwork/c$a;'
1399536	  Class descriptor  : 'Lcom/larus/im/internal/network/link/impl/rtc/smartnetwork/c$b;'
1399690	  Class descriptor  : 'Lcom/larus/im/internal/network/link/impl/rtc/smartnetwork/c;'
1407355	  Class descriptor  : 'Lcom/larus/im/internal/network/link/impl/rtc/smartnetwork/d$a;'
1407403	  Class descriptor  : 'Lcom/larus/im/internal/network/link/impl/rtc/smartnetwork/d;'
1407821	  Class descriptor  : 'Lcom/larus/im/internal/network/link/impl/rtc/smartnetwork/e$a;'
1407832	  Class descriptor  : 'Lcom/larus/im/internal/network/link/impl/rtc/smartnetwork/e$b;'
1407977	  Class descriptor  : 'Lcom/larus/im/internal/network/link/impl/rtc/smartnetwork/e;'
1408729	  Class descriptor  : 'Lcom/larus/im/internal/network/link/impl/rtc/strategy/NativeRoomTokenGenerator$getConnectionInfo$1$a$a;'
1408761	  Class descriptor  : 'Lcom/larus/im/internal/network/link/impl/rtc/strategy/NativeRoomTokenGenerator$getConnectionInfo$1$a;'
1409387	  Class descriptor  : 'Lcom/larus/im/internal/network/link/impl/rtc/strategy/NativeRoomTokenGenerator$getConnectionInfo$1;'
1409604	  Class descriptor  : 'Lcom/larus/im/internal/network/link/impl/rtc/strategy/RTCTokenPreloadDedupeState$releaseAfterTtl$1;'
1409862	  Class descriptor  : 'Lcom/larus/im/internal/network/link/impl/rtc/strategy/RoomConnectionGenerator$getConnectionInfo$1;'
1410075	  Class descriptor  : 'Lcom/larus/im/internal/network/link/impl/rtc/strategy/RoomInfoGetter$a;'
1410254	  Class descriptor  : 'Lcom/larus/im/internal/network/link/impl/rtc/strategy/RoomInfoGetter$nextWithRemote$1;'
1410831	  Class descriptor  : 'Lcom/larus/im/internal/network/link/impl/rtc/strategy/RoomInfoGetter$requestWithRetry$1;'
1410944	  Class descriptor  : 'Lcom/larus/im/internal/network/link/impl/rtc/strategy/RoomInfoGetter$tryPrefetchIfNeeded$1$1;'
1411156	  Class descriptor  : 'Lcom/larus/im/internal/network/link/impl/rtc/strategy/RoomInfoGetter;'
1414940	  Class descriptor  : 'Lcom/larus/im/internal/network/link/impl/rtc/strategy/a$a;'
1414951	  Class descriptor  : 'Lcom/larus/im/internal/network/link/impl/rtc/strategy/a;'
1415424	  Class descriptor  : 'Lcom/larus/im/internal/network/link/impl/rtc/strategy/b;'
1415455	  Class descriptor  : 'Lcom/larus/im/internal/network/link/impl/rtc/strategy/c;'
1415574	  Class descriptor  : 'Lcom/larus/im/internal/network/link/impl/rtc/strategy/d;'
1415585	  Class descriptor  : 'Lcom/larus/im/internal/network/link/impl/rtc/strategy/e;'
1415743	  Class descriptor  : 'Lcom/larus/im/internal/network/link/impl/rtc/strategy/f;'
1415845	  Class descriptor  : 'Lcom/larus/im/internal/network/link/impl/rtc/strategy/g;'
1415923	  Class descriptor  : 'Lcom/larus/im/internal/network/link/impl/rtc/strategy/h;'
1415993	  Class descriptor  : 'Lcom/larus/im/internal/network/link/impl/rtc/strategy/i;'
1416063	  Class descriptor  : 'Lcom/larus/im/internal/network/link/impl/rtc/strategy/j;'
1416133	  Class descriptor  : 'Lcom/larus/im/internal/network/link/impl/rtc/strategy/k;'
1416203	  Class descriptor  : 'Lcom/larus/im/internal/network/link/impl/rtc/strategy/l;'
1416235	  Class descriptor  : 'Lcom/larus/im/internal/network/link/impl/rtc/strategy/m;'
1416267	  Class descriptor  : 'Lcom/larus/im/internal/network/link/impl/sami/FlowSAMILinkSession$connect$ret$1$10;'
1416360	  Class descriptor  : 'Lcom/larus/im/internal/network/link/impl/sami/FlowSAMILinkSession$connect$ret$1$1;'
1416453	  Class descriptor  : 'Lcom/larus/im/internal/network/link/impl/sami/FlowSAMILinkSession$connect$ret$1$2;'
1416546	  Class descriptor  : 'Lcom/larus/im/internal/network/link/impl/sami/FlowSAMILinkSession$connect$ret$1$3;'
1416639	  Class descriptor  : 'Lcom/larus/im/internal/network/link/impl/sami/FlowSAMILinkSession$connect$ret$1$4;'
1416732	  Class descriptor  : 'Lcom/larus/im/internal/network/link/impl/sami/FlowSAMILinkSession$connect$ret$1$5;'
1416825	  Class descriptor  : 'Lcom/larus/im/internal/network/link/impl/sami/FlowSAMILinkSession$connect$ret$1$6;'
1416918	  Class descriptor  : 'Lcom/larus/im/internal/network/link/impl/sami/FlowSAMILinkSession$connect$ret$1$7;'
1417297	  Class descriptor  : 'Lcom/larus/im/internal/network/link/impl/sami/FlowSAMILinkSession$connect$ret$1$8;'
1417421	  Class descriptor  : 'Lcom/larus/im/internal/network/link/impl/sami/FlowSAMILinkSession$connect$ret$1$9;'
1417603	  Class descriptor  : 'Lcom/larus/im/internal/network/link/impl/sami/FlowSAMILinkSession$disconnect$1;'
1417910	  Class descriptor  : 'Lcom/larus/im/internal/network/link/impl/sami/FlowSAMILinkSession$notifyServerCallEnd$1;'
1418146	  Class descriptor  : 'Lcom/larus/im/internal/network/link/impl/sami/FlowSAMILinkSession$notifyServerCallStart$1;'
1418546	  Class descriptor  : 'Lcom/larus/im/internal/network/link/impl/sami/SamiLinkProcessor$a;'
1418557	  Class descriptor  : 'Lcom/larus/im/internal/network/link/impl/sami/SamiLinkProcessor$context$2;'
1418832	  Class descriptor  : 'Lcom/larus/im/internal/network/link/impl/sami/SamiLinkProcessor;'
1419025	  Class descriptor  : 'Lcom/larus/im/internal/network/link/impl/sami/a;'
1419056	  Class descriptor  : 'Lcom/larus/im/internal/network/link/impl/sami/b;'
1419121	  Class descriptor  : 'Lcom/larus/im/internal/network/link/impl/sami/c;'
1419246	  Class descriptor  : 'Lcom/larus/im/internal/network/link/impl/sami/d;'
1419484	  Class descriptor  : 'Lcom/larus/im/internal/network/link/impl/sami/e;'
1419609	  Class descriptor  : 'Lcom/larus/im/internal/network/link/impl/sami/f;'
1419674	  Class descriptor  : 'Lcom/larus/im/internal/network/link/impl/sami/g;'
1419731	  Class descriptor  : 'Lcom/larus/im/internal/network/link/impl/sami/h;'
1419802	  Class descriptor  : 'Lcom/larus/im/internal/network/link/impl/sami/i;'
1419927	  Class descriptor  : 'Lcom/larus/im/internal/network/link/impl/sami/j;'
1420052	  Class descriptor  : 'Lcom/larus/im/internal/network/link/impl/sami/k;'
1420177	  Class descriptor  : 'Lcom/larus/im/internal/network/link/impl/sami/l;'
1420302	  Class descriptor  : 'Lcom/larus/im/internal/network/link/impl/sami/m;'
1420427	  Class descriptor  : 'Lcom/larus/im/internal/network/link/impl/sami/model/SessionWakeupParam;'
1421776	  Class descriptor  : 'Lcom/larus/im/internal/network/link/impl/sami/n$a;'
1421787	  Class descriptor  : 'Lcom/larus/im/internal/network/link/impl/sami/n$b$a;'
1421913	  Class descriptor  : 'Lcom/larus/im/internal/network/link/impl/sami/n$b;'
1423936	  Class descriptor  : 'Lcom/larus/im/internal/network/link/impl/sami/v;'
1423953	  Class descriptor  : 'Lcom/larus/im/internal/network/link/impl/sami/n$c;'
1424070	  Class descriptor  : 'Lcom/larus/im/internal/network/link/impl/sami/n;'
1427717	  Class descriptor  : 'Lcom/larus/im/internal/network/link/impl/sami/o;'
1428045	  Class descriptor  : 'Lcom/larus/im/internal/network/link/impl/sami/p;'
1428087	  Class descriptor  : 'Lcom/larus/im/internal/network/link/impl/sami/protocol/SamiApiChannel$a;'
1428225	  Class descriptor  : 'Lcom/larus/im/internal/network/link/impl/sami/protocol/SamiApiChannel$b;'
1428443	  Class descriptor  : 'Lcom/larus/im/internal/network/link/impl/sami/protocol/SamiApiChannel$requestCallEnd$2;'
1428664	  Class descriptor  : 'Lcom/larus/im/internal/network/link/impl/sami/protocol/SamiApiChannel$requestCallStart$2;'
1428921	  Class descriptor  : 'Lcom/larus/im/internal/network/link/impl/sami/protocol/SamiApiChannel;'
1429061	  Class descriptor  : 'Lpc9/d;'
1429084	  Class descriptor  : 'Lcom/larus/im/internal/network/link/impl/sami/q;'
1429293	  Class descriptor  : 'Lcom/larus/im/internal/network/link/impl/sami/r;'
1429411	  Class descriptor  : 'Lcom/larus/im/internal/network/link/impl/sami/s;'
1429516	  Class descriptor  : 'Lcom/larus/im/internal/network/link/impl/sami/t;'
1429587	  Class descriptor  : 'Lcom/larus/im/internal/network/link/impl/sami/u;'
1431470	  Class descriptor  : 'Lcom/larus/im/internal/network/link/impl/sami/w;'
1431540	  Class descriptor  : 'Lcom/larus/im/internal/network/link/impl/sami/x;'
1431692	  Class descriptor  : 'Lcom/larus/im/internal/network/link/service/FlowLinkErrorType$a;'
1431741	  Class descriptor  : 'Lcom/larus/im/internal/network/link/service/FlowLinkErrorType;'
1431855	  Class descriptor  : 'Lcom/larus/im/internal/network/link/service/config/SAMICoreTokenType;'
1432097	  Class descriptor  : 'Lcom/larus/im/internal/network/proto2/AvAudioDownlink$1;'
1432149	  Class descriptor  : 'Lcom/larus/im/internal/network/proto2/AvAudioDownlink$ASRCommandParam$1;'
1432234	  Class descriptor  : 'Lcom/larus/im/internal/network/proto2/AvAudioDownlink$ASRCommandParamOrBuilder;'
1432264	  Class descriptor  : 'Lcom/larus/im/internal/network/proto2/AvAudioDownlink$ASRCommandParam$Builder;'
1434222	  Class descriptor  : 'Lcom/larus/im/internal/network/proto2/AvAudioDownlink$ASRCommandParam;'
1436085	  Class descriptor  : 'Lcom/larus/im/internal/network/proto2/AvAudioDownlink$AgentIntention$1;'
1436170	  Class descriptor  : 'Lcom/larus/im/internal/network/proto2/AvAudioDownlink$AgentIntentionOrBuilder;'
1436218	  Class descriptor  : 'Lcom/larus/im/internal/network/proto2/AvAudioDownlink$AgentIntention$Builder;'
1438575	  Class descriptor  : 'Lcom/larus/im/internal/network/proto2/AvAudioDownlink$AgentIntention;'
1440831	  Class descriptor  : 'Lcom/larus/im/internal/network/proto2/AvAudioDownlink$AudioASRCommand$1;'
1440916	  Class descriptor  : 'Lcom/larus/im/internal/network/proto2/AvAudioDownlink$AudioASRCommandOrBuilder;'
1440952	  Class descriptor  : 'Lcom/larus/im/internal/network/proto2/AvAudioDownlink$AudioASRCommand$Builder;'
1443207	  Class descriptor  : 'Lcom/larus/im/internal/network/proto2/AvAudioDownlink$AudioASRCommand;'
1445081	  Class descriptor  : 'Lcom/larus/im/internal/network/proto2/AvAudioDownlink$AudioASRInfo$1;'
1445166	  Class descriptor  : 'Lcom/larus/im/internal/network/proto2/AvAudioDownlink$AudioASRInfoOrBuilder;'
1445232	  Class descriptor  : 'Lcom/larus/im/internal/network/proto2/AvAudioDownlink$AudioASRInfo$Builder;'
1447917	  Class descriptor  : 'Lcom/larus/im/internal/network/proto2/AvAudioDownlink$AudioASRInfo;'
1450638	  Class descriptor  : 'Lcom/larus/im/internal/network/proto2/AvAudioDownlink$AudioAsrEnd$1;'
1450723	  Class descriptor  : 'Lcom/larus/im/internal/network/proto2/AvAudioDownlink$AudioAsrEndOrBuilder;'
1450849	  Class descriptor  : 'Lcom/larus/im/internal/network/proto2/AvAudioDownlink$AudioAsrEnd$Builder;'
1454527	  Class descriptor  : 'Lcom/larus/im/internal/network/proto2/AvAudioDownlink$AudioAsrEnd;'
1458758	  Class descriptor  : 'Lcom/larus/im/internal/network/proto2/AvAudioDownlink$AudioAsrResponse$1;'
1458843	  Class descriptor  : 'Lcom/larus/im/internal/network/proto2/AvAudioDownlink$AudioAsrResponseOrBuilder;'
1458903	  Class descriptor  : 'Lcom/larus/im/internal/network/proto2/AvAudioDownlink$AudioAsrResponse$Builder;'
1462284	  Class descriptor  : 'Lcom/larus/im/internal/network/proto2/AvAudioDownlink$AudioAsrResponse;'
1464452	  Class descriptor  : 'Lcom/larus/im/internal/network/proto2/AvAudioDownlink$AudioAsrResponse_Extra$1;'
1464537	  Class descriptor  : 'Lcom/larus/im/internal/network/proto2/AvAudioDownlink$AudioAsrResponse_ExtraOrBuilder;'
1464645	  Class descriptor  : 'Lcom/larus/im/internal/network/proto2/AvAudioDownlink$AudioAsrResponse_Extra$Builder;'
1469123	  Class descriptor  : 'Lcom/larus/im/internal/network/proto2/AvAudioDownlink$AudioAsrResponse_Extra;'
1472319	  Class descriptor  : 'Lcom/larus/im/internal/network/proto2/AvAudioDownlink$AudioAsrResponse_Result$1;'
1472404	  Class descriptor  : 'Lcom/larus/im/internal/network/proto2/AvAudioDownlink$AudioAsrResponse_ResultOrBuilder;'
1472446	  Class descriptor  : 'Lcom/larus/im/internal/network/proto2/AvAudioDownlink$AudioAsrResponse_Result$Builder;'
1474651	  Class descriptor  : 'Lcom/larus/im/internal/network/proto2/AvAudioDownlink$AudioAsrResponse_Result;'
1476823	  Class descriptor  : 'Lcom/larus/im/internal/network/proto2/AvAudioDownlink$AudioBotTriggered$1;'
1476908	  Class descriptor  : 'Lcom/larus/im/internal/network/proto2/AvAudioDownlink$AudioBotTriggeredOrBuilder;'
1476938	  Class descriptor  : 'Lcom/larus/im/internal/network/proto2/AvAudioDownlink$AudioBotTriggered$Builder;'
1478933	  Class descriptor  : 'Lcom/larus/im/internal/network/proto2/AvAudioDownlink$AudioBotTriggered;'
1480789	  Class descriptor  : 'Lcom/larus/im/internal/network/proto2/AvAudioDownlink$AudioChatEnd$1;'
1480874	  Class descriptor  : 'Lcom/larus/im/internal/network/proto2/AvAudioDownlink$AudioChatEndOrBuilder;'
1480886	  Class descriptor  : 'Lcom/larus/im/internal/network/proto2/AvAudioDownlink$AudioChatEnd$Builder;'
1482520	  Class descriptor  : 'Lcom/larus/im/internal/network/proto2/AvAudioDownlink$AudioChatEnd;'
1483921	  Class descriptor  : 'Lcom/larus/im/internal/network/proto2/AvAudioDownlink$AudioChatResponse$1;'
1484006	  Class descriptor  : 'Lcom/larus/im/internal/network/proto2/AvAudioDownlink$AudioChatResponseOrBuilder;'
1484246	  Class descriptor  : 'Lcom/larus/im/internal/network/proto2/AvAudioDownlink$AudioChatResponse$Builder;'
1491051	  Class descriptor  : 'Lcom/larus/im/internal/network/proto2/AvAudioDownlink$AudioChatResponse;'
1497697	  Class descriptor  : 'Lcom/larus/im/internal/network/proto2/AvAudioDownlink$AudioDownlinkBody$1;'
1497782	  Class descriptor  : 'Lcom/larus/im/internal/network/proto2/AvAudioDownlink$AudioDownlinkBodyOrBuilder;'
1497920	  Class descriptor  : 'Lcom/larus/im/internal/network/proto2/AvAudioDownlink$AudioDownlinkBody$Builder;'
1502360	  Class descriptor  : 'Lcom/larus/im/internal/network/proto2/AvAudioDownlink$AudioDownlinkBody;'
1506514	  Class descriptor  : 'Lcom/larus/im/internal/network/proto2/AvAudioDownlink$AudioDownlinkPayload$1;'
1506599	  Class descriptor  : 'Lcom/larus/im/internal/network/proto2/AvAudioDownlink$AudioDownlinkPayloadOrBuilder;'
1506827	  Class descriptor  : 'Lcom/larus/im/internal/network/proto2/AvAudioDownlink$AudioDownlinkPayload$Builder;'
1514479	  Class descriptor  : 'Lcom/larus/im/internal/network/proto2/AvAudioDownlink$AudioDownlinkPayload;'
1519489	  Class descriptor  : 'Lcom/larus/im/internal/network/proto2/AvAudioDownlink$AudioSessionStarted$1;'
1519574	  Class descriptor  : 'Lcom/larus/im/internal/network/proto2/AvAudioDownlink$AudioSessionStartedOrBuilder;'
1519604	  Class descriptor  : 'Lcom/larus/im/internal/network/proto2/AvAudioDownlink$AudioSessionStarted$Builder;'
1521745	  Class descriptor  : 'Lcom/larus/im/internal/network/proto2/AvAudioDownlink$AudioSessionStarted;'
1523457	  Class descriptor  : 'Lcom/larus/im/internal/network/proto2/AvAudioDownlink$AudioTTSEnded$1;'
1523542	  Class descriptor  : 'Lcom/larus/im/internal/network/proto2/AvAudioDownlink$AudioTTSEndedOrBuilder;'
1523560	  Class descriptor  : 'Lcom/larus/im/internal/network/proto2/AvAudioDownlink$AudioTTSEnded$Builder;'
1525300	  Class descriptor  : 'Lcom/larus/im/internal/network/proto2/AvAudioDownlink$AudioTTSEnded;'
1526854	  Class descriptor  : 'Lcom/larus/im/internal/network/proto2/AvAudioDownlink$AudioTTSResponse$1;'
1526939	  Class descriptor  : 'Lcom/larus/im/internal/network/proto2/AvAudioDownlink$AudioTTSResponseOrBuilder;'
1527017	  Class descriptor  : 'Lcom/larus/im/internal/network/proto2/AvAudioDownlink$AudioTTSResponse$Builder;'
1529898	  Class descriptor  : 'Lcom/larus/im/internal/network/proto2/AvAudioDownlink$AudioTTSResponse;'
1532978	  Class descriptor  : 'Lcom/larus/im/internal/network/proto2/AvAudioDownlink$AudioTTSSentenceEnd$1;'
1533063	  Class descriptor  : 'Lcom/larus/im/internal/network/proto2/AvAudioDownlink$AudioTTSSentenceEndOrBuilder;'
1533099	  Class descriptor  : 'Lcom/larus/im/internal/network/proto2/AvAudioDownlink$AudioTTSSentenceEnd$Builder;'
1535218	  Class descriptor  : 'Lcom/larus/im/internal/network/proto2/AvAudioDownlink$AudioTTSSentenceEnd;'
1537193	  Class descriptor  : 'Lcom/larus/im/internal/network/proto2/AvAudioDownlink$AudioTTSSentenceStart$1;'
1537278	  Class descriptor  : 'Lcom/larus/im/internal/network/proto2/AvAudioDownlink$AudioTTSSentenceStartOrBuilder;'
1537380	  Class descriptor  : 'Lcom/larus/im/internal/network/proto2/AvAudioDownlink$AudioTTSSentenceStart$Builder;'
1540795	  Class descriptor  : 'Lcom/larus/im/internal/network/proto2/AvAudioDownlink$AudioTTSSentenceStart;'
1544329	  Class descriptor  : 'Lcom/larus/im/internal/network/proto2/AvAudioDownlink$ChatCommandType$1;'
1544414	  Class descriptor  : 'Lcom/larus/im/internal/network/proto2/AvAudioDownlink$ChatCommandTypeOrBuilder;'
1544468	  Class descriptor  : 'Lcom/larus/im/internal/network/proto2/AvAudioDownlink$ChatCommandType$Builder;'
1546926	  Class descriptor  : 'Lcom/larus/im/internal/network/proto2/AvAudioDownlink$ChatCommandType$ParamDefaultEntryHolder;'
1546994	  Class descriptor  : 'Lcom/larus/im/internal/network/proto2/AvAudioDownlink$ChatCommandType;'
1549274	  Class descriptor  : 'Lcom/larus/im/internal/network/proto2/AvAudioDownlink$PhotoIntention$1;'
1549359	  Class descriptor  : 'Lcom/larus/im/internal/network/proto2/AvAudioDownlink$PhotoIntentionOrBuilder;'
1549383	  Class descriptor  : 'Lcom/larus/im/internal/network/proto2/AvAudioDownlink$PhotoIntention$Builder;'
1551227	  Class descriptor  : 'Lcom/larus/im/internal/network/proto2/AvAudioDownlink$PhotoIntention;'
1552926	  Class descriptor  : 'Lcom/larus/im/internal/network/proto2/AvAudioDownlink$SVInfo$1;'
1553011	  Class descriptor  : 'Lcom/larus/im/internal/network/proto2/AvAudioDownlink$SVInfoOrBuilder;'
1553047	  Class descriptor  : 'Lcom/larus/im/internal/network/proto2/AvAudioDownlink$SVInfo$Builder;'
1555145	  Class descriptor  : 'Lcom/larus/im/internal/network/proto2/AvAudioDownlink$SVInfo;'
1557154	  Class descriptor  : 'Lcom/larus/im/internal/network/proto2/AvAudioDownlink$SessionConfResponse$1;'
1557239	  Class descriptor  : 'Lcom/larus/im/internal/network/proto2/AvAudioDownlink$SessionConfResponseOrBuilder;'
1557311	  Class descriptor  : 'Lcom/larus/im/internal/network/proto2/AvAudioDownlink$SessionConfResponse$Builder;'
1560144	  Class descriptor  : 'Lcom/larus/im/internal/network/proto2/AvAudioDownlink$SessionConfResponse;'
1562965	  Class descriptor  : 'Lcom/larus/im/internal/network/proto2/AvAudioDownlink;'
1565507	  Class descriptor  : 'Lcom/larus/im/internal/network/proto2/AvAudioExtDownlink$1;'
1565559	  Class descriptor  : 'Lcom/larus/im/internal/network/proto2/AvAudioExtDownlink$AudioExtDownlinkPayload$1;'
1565644	  Class descriptor  : 'Lcom/larus/im/internal/network/proto2/AvAudioExtDownlink$AudioExtDownlinkPayloadOrBuilder;'
1565854	  Class descriptor  : 'Lcom/larus/im/internal/network/proto2/AvAudioExtDownlink$AudioExtDownlinkPayload$Builder;'
1572715	  Class descriptor  : 'Lcom/larus/im/internal/network/proto2/AvAudioExtDownlink$AudioExtDownlinkPayload$ExtDefaultEntryHolder;'
1572783	  Class descriptor  : 'Lcom/larus/im/internal/network/proto2/AvAudioExtDownlink$AudioExtDownlinkPayload;'
1577602	  Class descriptor  : 'Lcom/larus/im/internal/network/proto2/AvAudioExtDownlink$CommandReply$1;'
1577687	  Class descriptor  : 'Lcom/larus/im/internal/network/proto2/AvAudioExtDownlink$CommandReplyOrBuilder;'
1577741	  Class descriptor  : 'Lcom/larus/im/internal/network/proto2/AvAudioExtDownlink$CommandReply$Builder;'
1580199	  Class descriptor  : 'Lcom/larus/im/internal/network/proto2/AvAudioExtDownlink$CommandReply$CommandParamsDefaultEntryHolder;'
1580267	  Class descriptor  : 'Lcom/larus/im/internal/network/proto2/AvAudioExtDownlink$CommandReply;'
1582546	  Class descriptor  : 'Lcom/larus/im/internal/network/proto2/AvAudioExtDownlink$CommandReplyList$1;'
1582631	  Class descriptor  : 'Lcom/larus/im/internal/network/proto2/AvAudioExtDownlink$CommandReplyListOrBuilder;'
1582673	  Class descriptor  : 'Lcom/larus/im/internal/network/proto2/AvAudioExtDownlink$CommandReplyList$Builder;'
1585541	  Class descriptor  : 'Lcom/larus/im/internal/network/proto2/AvAudioExtDownlink$CommandReplyList;'
1587378	  Class descriptor  : 'Lcom/larus/im/internal/network/proto2/AvAudioExtDownlink$QueryBegin$1;'
1587463	  Class descriptor  : 'Lcom/larus/im/internal/network/proto2/AvAudioExtDownlink$QueryBeginOrBuilder;'
1587475	  Class descriptor  : 'Lcom/larus/im/internal/network/proto2/AvAudioExtDownlink$QueryBegin$Builder;'
1589109	  Class descriptor  : 'Lcom/larus/im/internal/network/proto2/AvAudioExtDownlink$QueryBegin;'
1590510	  Class descriptor  : 'Lcom/larus/im/internal/network/proto2/AvAudioExtDownlink$QueryEnd$1;'
1590595	  Class descriptor  : 'Lcom/larus/im/internal/network/proto2/AvAudioExtDownlink$QueryEndOrBuilder;'
1590607	  Class descriptor  : 'Lcom/larus/im/internal/network/proto2/AvAudioExtDownlink$QueryEnd$Builder;'
1592241	  Class descriptor  : 'Lcom/larus/im/internal/network/proto2/AvAudioExtDownlink$QueryEnd;'
1593642	  Class descriptor  : 'Lcom/larus/im/internal/network/proto2/AvAudioExtDownlink$QueryUpdate$1;'
1593727	  Class descriptor  : 'Lcom/larus/im/internal/network/proto2/AvAudioExtDownlink$QueryUpdateOrBuilder;'
1593739	  Class descriptor  : 'Lcom/larus/im/internal/network/proto2/AvAudioExtDownlink$QueryUpdate$Builder;'
1595373	  Class descriptor  : 'Lcom/larus/im/internal/network/proto2/AvAudioExtDownlink$QueryUpdate;'
1596774	  Class descriptor  : 'Lcom/larus/im/internal/network/proto2/AvAudioExtDownlink$ReplyBegin$1;'
1596859	  Class descriptor  : 'Lcom/larus/im/internal/network/proto2/AvAudioExtDownlink$ReplyBeginOrBuilder;'
1596931	  Class descriptor  : 'Lcom/larus/im/internal/network/proto2/AvAudioExtDownlink$ReplyBegin$Builder;'
1599821	  Class descriptor  : 'Lcom/larus/im/internal/network/proto2/AvAudioExtDownlink$ReplyBegin;'
1602826	  Class descriptor  : 'Lcom/larus/im/internal/network/proto2/AvAudioExtDownlink$ReplyEnd$1;'
1602911	  Class descriptor  : 'Lcom/larus/im/internal/network/proto2/AvAudioExtDownlink$ReplyEndOrBuilder;'
1602941	  Class descriptor  : 'Lcom/larus/im/internal/network/proto2/AvAudioExtDownlink$ReplyEnd$Builder;'
1604865	  Class descriptor  : 'Lcom/larus/im/internal/network/proto2/AvAudioExtDownlink$ReplyEnd;'
1606628	  Class descriptor  : 'Lcom/larus/im/internal/network/proto2/AvAudioExtDownlink$ReplyUpdate$1;'
1606713	  Class descriptor  : 'Lcom/larus/im/internal/network/proto2/AvAudioExtDownlink$ReplyUpdateOrBuilder;'
1606761	  Class descriptor  : 'Lcom/larus/im/internal/network/proto2/AvAudioExtDownlink$ReplyUpdate$Builder;'
1608979	  Class descriptor  : 'Lcom/larus/im/internal/network/proto2/AvAudioExtDownlink$ReplyUpdate;'
1611111	  Class descriptor  : 'Lcom/larus/im/internal/network/proto2/AvAudioExtDownlink$SessionFinished$1;'
1611196	  Class descriptor  : 'Lcom/larus/im/internal/network/proto2/AvAudioExtDownlink$SessionFinishedOrBuilder;'
1611208	  Class descriptor  : 'Lcom/larus/im/internal/network/proto2/AvAudioExtDownlink$SessionFinished$Builder;'
1612842	  Class descriptor  : 'Lcom/larus/im/internal/network/proto2/AvAudioExtDownlink$SessionFinished;'
1614243	  Class descriptor  : 'Lcom/larus/im/internal/network/proto2/AvAudioExtDownlink$SessionStarted$1;'
1614328	  Class descriptor  : 'Lcom/larus/im/internal/network/proto2/AvAudioExtDownlink$SessionStartedOrBuilder;'
1614340	  Class descriptor  : 'Lcom/larus/im/internal/network/proto2/AvAudioExtDownlink$SessionStarted$Builder;'
1615974	  Class descriptor  : 'Lcom/larus/im/internal/network/proto2/AvAudioExtDownlink$SessionStarted;'
1617375	  Class descriptor  : 'Lcom/larus/im/internal/network/proto2/AvAudioExtDownlink;'
1618689	  Class descriptor  : 'Lcom/larus/im/internal/network/proto2/AvAudioExtUplink$1;'
1618741	  Class descriptor  : 'Lcom/larus/im/internal/network/proto2/AvAudioExtUplink$AudioExtUplinkPayload$1;'
1618826	  Class descriptor  : 'Lcom/larus/im/internal/network/proto2/AvAudioExtUplink$AudioExtUplinkPayloadOrBuilder;'
1618874	  Class descriptor  : 'Lcom/larus/im/internal/network/proto2/AvAudioExtUplink$AudioExtUplinkPayload$Builder;'
1621516	  Class descriptor  : 'Lcom/larus/im/internal/network/proto2/AvAudioExtUplink$AudioExtUplinkPayload;'
1623532	  Class descriptor  : 'Lcom/larus/im/internal/network/proto2/AvAudioExtUplink$FinishSession$1;'
1623617	  Class descriptor  : 'Lcom/larus/im/internal/network/proto2/AvAudioExtUplink$FinishSessionOrBuilder;'
1623641	  Class descriptor  : 'Lcom/larus/im/internal/network/proto2/AvAudioExtUplink$FinishSession$Builder;'
1625522	  Class descriptor  : 'Lcom/larus/im/internal/network/proto2/AvAudioExtUplink$FinishSession;'
1627215	  Class descriptor  : 'Lcom/larus/im/internal/network/proto2/AvAudioExtUplink$StartSession$1;'
1627300	  Class descriptor  : 'Lcom/larus/im/internal/network/proto2/AvAudioExtUplink$StartSessionOrBuilder;'
1627336	  Class descriptor  : 'Lcom/larus/im/internal/network/proto2/AvAudioExtUplink$StartSession$Builder;'
1629455	  Class descriptor  : 'Lcom/larus/im/internal/network/proto2/AvAudioExtUplink$StartSession;'
1631430	  Class descriptor  : 'Lcom/larus/im/internal/network/proto2/AvAudioExtUplink$UpdateRoundContextEventPayload$1;'
1631515	  Class descriptor  : 'Lcom/larus/im/internal/network/proto2/AvAudioExtUplink$UpdateRoundContextEventPayloadOrBuilder;'
1631587	  Class descriptor  : 'Lcom/larus/im/internal/network/proto2/AvAudioExtUplink$UpdateRoundContextEventPayload$Builder;'
1634363	  Class descriptor  : 'Lcom/larus/im/internal/network/proto2/AvAudioExtUplink$UpdateRoundContextEventPayload$ParamsDefaultEntryHolder;'
1634431	  Class descriptor  : 'Lcom/larus/im/internal/network/proto2/AvAudioExtUplink$UpdateRoundContextEventPayload;'
1637152	  Class descriptor  : 'Lcom/larus/im/internal/network/proto2/AvAudioExtUplink;'
1637746	  Class descriptor  : 'Lcom/larus/im/internal/network/proto2/AvAudioExtra$1;'
1637798	  Class descriptor  : 'Lcom/larus/im/internal/network/proto2/AvAudioExtra$ASRStatus$1;'
1637883	  Class descriptor  : 'Lcom/larus/im/internal/network/proto2/AvAudioExtra$ASRStatusOrBuilder;'
1637925	  Class descriptor  : 'Lcom/larus/im/internal/network/proto2/AvAudioExtra$ASRStatus$Builder;'
1640081	  Class descriptor  : 'Lcom/larus/im/internal/network/proto2/AvAudioExtra$ASRStatus;'
1642216	  Class descriptor  : 'Lcom/larus/im/internal/network/proto2/AvAudioExtra$AudioDownlinkExtra$1;'
1642301	  Class descriptor  : 'Lcom/larus/im/internal/network/proto2/AvAudioExtra$AudioDownlinkExtraOrBuilder;'
1642409	  Class descriptor  : 'Lcom/larus/im/internal/network/proto2/AvAudioExtra$AudioDownlinkExtra$Builder;'
1645890	  Class descriptor  : 'Lcom/larus/im/internal/network/proto2/AvAudioExtra$AudioDownlinkExtra;'
1649583	  Class descriptor  : 'Lcom/larus/im/internal/network/proto2/AvAudioExtra$AudioUplinkExtra$1;'
1649668	  Class descriptor  : 'Lcom/larus/im/internal/network/proto2/AvAudioExtra$AudioUplinkExtraOrBuilder;'
1649752	  Class descriptor  : 'Lcom/larus/im/internal/network/proto2/AvAudioExtra$AudioUplinkExtra$Builder;'
1653048	  Class descriptor  : 'Lcom/larus/im/internal/network/proto2/AvAudioExtra$AudioUplinkExtra;'
1656020	  Class descriptor  : 'Lcom/larus/im/internal/network/proto2/AvAudioExtra$TTSStatus$1;'
1656105	  Class descriptor  : 'Lcom/larus/im/internal/network/proto2/AvAudioExtra$TTSStatusOrBuilder;'
1656135	  Class descriptor  : 'Lcom/larus/im/internal/network/proto2/AvAudioExtra$TTSStatus$Builder;'
1658130	  Class descriptor  : 'Lcom/larus/im/internal/network/proto2/AvAudioExtra$TTSStatus;'
1659986	  Class descriptor  : 'Lcom/larus/im/internal/network/proto2/AvAudioExtra;'
1660561	  Class descriptor  : 'Lcom/larus/im/internal/network/proto2/AvAudioUplink$1;'
1660613	  Class descriptor  : 'Lcom/larus/im/internal/network/proto2/AvAudioUplink$ASRAudioInfo$1;'
1660698	  Class descriptor  : 'Lcom/larus/im/internal/network/proto2/AvAudioUplink$ASRAudioInfoOrBuilder;'
1660740	  Class descriptor  : 'Lcom/larus/im/internal/network/proto2/AvAudioUplink$ASRAudioInfo$Builder;'
1662949	  Class descriptor  : 'Lcom/larus/im/internal/network/proto2/AvAudioUplink$ASRAudioInfo;'
1665106	  Class descriptor  : 'Lcom/larus/im/internal/network/proto2/AvAudioUplink$AudioASRConfig$1;'
1665191	  Class descriptor  : 'Lcom/larus/im/internal/network/proto2/AvAudioUplink$AudioASRConfigOrBuilder;'
1665251	  Class descriptor  : 'Lcom/larus/im/internal/network/proto2/AvAudioUplink$AudioASRConfig$Builder;'
1667991	  Class descriptor  : 'Lcom/larus/im/internal/network/proto2/AvAudioUplink$AudioASRConfig;'
1670432	  Class descriptor  : 'Lcom/larus/im/internal/network/proto2/AvAudioUplink$AudioASTConfig$1;'
1670517	  Class descriptor  : 'Lcom/larus/im/internal/network/proto2/AvAudioUplink$AudioASTConfigOrBuilder;'
1670559	  Class descriptor  : 'Lcom/larus/im/internal/network/proto2/AvAudioUplink$AudioASTConfig$Builder;'
1673427	  Class descriptor  : 'Lcom/larus/im/internal/network/proto2/AvAudioUplink$AudioASTConfig;'
1675264	  Class descriptor  : 'Lcom/larus/im/internal/network/proto2/AvAudioUplink$AudioClientInterrupt$1;'
1675349	  Class descriptor  : 'Lcom/larus/im/internal/network/proto2/AvAudioUplink$AudioClientInterruptOrBuilder;'
1675409	  Class descriptor  : 'Lcom/larus/im/internal/network/proto2/AvAudioUplink$AudioClientInterrupt$Builder;'
1677939	  Class descriptor  : 'Lcom/larus/im/internal/network/proto2/AvAudioUplink$AudioClientInterrupt$ExtraDefaultEntryHolder;'
1678007	  Class descriptor  : 'Lcom/larus/im/internal/network/proto2/AvAudioUplink$AudioClientInterrupt;'
1680332	  Class descriptor  : 'Lcom/larus/im/internal/network/proto2/AvAudioUplink$AudioContinueCall$1;'
1680417	  Class descriptor  : 'Lcom/larus/im/internal/network/proto2/AvAudioUplink$AudioContinueCallOrBuilder;'
1680429	  Class descriptor  : 'Lcom/larus/im/internal/network/proto2/AvAudioUplink$AudioContinueCall$Builder;'
1682063	  Class descriptor  : 'Lcom/larus/im/internal/network/proto2/AvAudioUplink$AudioContinueCall;'
1683464	  Class descriptor  : 'Lcom/larus/im/internal/network/proto2/AvAudioUplink$AudioEndAsr$1;'
1683549	  Class descriptor  : 'Lcom/larus/im/internal/network/proto2/AvAudioUplink$AudioEndAsrOrBuilder;'
1683561	  Class descriptor  : 'Lcom/larus/im/internal/network/proto2/AvAudioUplink$AudioEndAsr$Builder;'
1685195	  Class descriptor  : 'Lcom/larus/im/internal/network/proto2/AvAudioUplink$AudioEndAsr;'
1686596	  Class descriptor  : 'Lcom/larus/im/internal/network/proto2/AvAudioUplink$AudioEnterDialogue$1;'
1686681	  Class descriptor  : 'Lcom/larus/im/internal/network/proto2/AvAudioUplink$AudioEnterDialogueOrBuilder;'
1686699	  Class descriptor  : 'Lcom/larus/im/internal/network/proto2/AvAudioUplink$AudioEnterDialogue$Builder;'
1688447	  Class descriptor  : 'Lcom/larus/im/internal/network/proto2/AvAudioUplink$AudioEnterDialogue;'
1690016	  Class descriptor  : 'Lcom/larus/im/internal/network/proto2/AvAudioUplink$AudioFinishSession$1;'
1690101	  Class descriptor  : 'Lcom/larus/im/internal/network/proto2/AvAudioUplink$AudioFinishSessionOrBuilder;'
1690149	  Class descriptor  : 'Lcom/larus/im/internal/network/proto2/AvAudioUplink$AudioFinishSession$Builder;'
1692437	  Class descriptor  : 'Lcom/larus/im/internal/network/proto2/AvAudioUplink$AudioFinishSession;'
1694777	  Class descriptor  : 'Lcom/larus/im/internal/network/proto2/AvAudioUplink$AudioInterruptType$1;'
1694853	  Class descriptor  : 'Lcom/larus/im/internal/network/proto2/AvAudioUplink$AudioInterruptType;'
1695422	  Class descriptor  : 'Lcom/larus/im/internal/network/proto2/AvAudioUplink$AudioJsonPayload$1;'
1695507	  Class descriptor  : 'Lcom/larus/im/internal/network/proto2/AvAudioUplink$AudioJsonPayloadOrBuilder;'
1695531	  Class descriptor  : 'Lcom/larus/im/internal/network/proto2/AvAudioUplink$AudioJsonPayload$Builder;'
1697412	  Class descriptor  : 'Lcom/larus/im/internal/network/proto2/AvAudioUplink$AudioJsonPayload;'
1699103	  Class descriptor  : 'Lcom/larus/im/internal/network/proto2/AvAudioUplink$AudioMuteCall$1;'
1699188	  Class descriptor  : 'Lcom/larus/im/internal/network/proto2/AvAudioUplink$AudioMuteCallOrBuilder;'
1699200	  Class descriptor  : 'Lcom/larus/im/internal/network/proto2/AvAudioUplink$AudioMuteCall$Builder;'
1700834	  Class descriptor  : 'Lcom/larus/im/internal/network/proto2/AvAudioUplink$AudioMuteCall;'
1702235	  Class descriptor  : 'Lcom/larus/im/internal/network/proto2/AvAudioUplink$AudioPauseCall$1;'
1702320	  Class descriptor  : 'Lcom/larus/im/internal/network/proto2/AvAudioUplink$AudioPauseCallOrBuilder;'
1702332	  Class descriptor  : 'Lcom/larus/im/internal/network/proto2/AvAudioUplink$AudioPauseCall$Builder;'
1703966	  Class descriptor  : 'Lcom/larus/im/internal/network/proto2/AvAudioUplink$AudioPauseCall;'
1705367	  Class descriptor  : 'Lcom/larus/im/internal/network/proto2/AvAudioUplink$AudioRoundTrace$1;'
1705452	  Class descriptor  : 'Lcom/larus/im/internal/network/proto2/AvAudioUplink$AudioRoundTraceOrBuilder;'
1705500	  Class descriptor  : 'Lcom/larus/im/internal/network/proto2/AvAudioUplink$AudioRoundTrace$Builder;'
1708490	  Class descriptor  : 'Lcom/larus/im/internal/network/proto2/AvAudioUplink$AudioRoundTrace;'
1710521	  Class descriptor  : 'Lcom/larus/im/internal/network/proto2/AvAudioUplink$AudioStartSession$1;'
1710606	  Class descriptor  : 'Lcom/larus/im/internal/network/proto2/AvAudioUplink$AudioStartSessionOrBuilder;'
1710720	  Class descriptor  : 'Lcom/larus/im/internal/network/proto2/AvAudioUplink$AudioStartSession$Builder;'
1714941	  Class descriptor  : 'Lcom/larus/im/internal/network/proto2/AvAudioUplink$AudioStartSession;'
1718330	  Class descriptor  : 'Lcom/larus/im/internal/network/proto2/AvAudioUplink$AudioTTSConfig$1;'
1718415	  Class descriptor  : 'Lcom/larus/im/internal/network/proto2/AvAudioUplink$AudioTTSConfigOrBuilder;'
1718469	  Class descriptor  : 'Lcom/larus/im/internal/network/proto2/AvAudioUplink$AudioTTSConfig$Builder;'
1721095	  Class descriptor  : 'Lcom/larus/im/internal/network/proto2/AvAudioUplink$AudioTTSConfig;'
1723374	  Class descriptor  : 'Lcom/larus/im/internal/network/proto2/AvAudioUplink$AudioTraceEndType$1;'
1723450	  Class descriptor  : 'Lcom/larus/im/internal/network/proto2/AvAudioUplink$AudioTraceEndType;'
1723979	  Class descriptor  : 'Lcom/larus/im/internal/network/proto2/AvAudioUplink$AudioTraceEvent$1;'
1724064	  Class descriptor  : 'Lcom/larus/im/internal/network/proto2/AvAudioUplink$AudioTraceEventOrBuilder;'
1724106	  Class descriptor  : 'Lcom/larus/im/internal/network/proto2/AvAudioUplink$AudioTraceEvent$Builder;'
1726220	  Class descriptor  : 'Lcom/larus/im/internal/network/proto2/AvAudioUplink$AudioTraceEvent;'
1728204	  Class descriptor  : 'Lcom/larus/im/internal/network/proto2/AvAudioUplink$AudioTraceEventType$1;'
1728280	  Class descriptor  : 'Lcom/larus/im/internal/network/proto2/AvAudioUplink$AudioTraceEventType;'
1728923	  Class descriptor  : 'Lcom/larus/im/internal/network/proto2/AvAudioUplink$AudioTriggerBot$1;'
1729008	  Class descriptor  : 'Lcom/larus/im/internal/network/proto2/AvAudioUplink$AudioTriggerBotOrBuilder;'
1729062	  Class descriptor  : 'Lcom/larus/im/internal/network/proto2/AvAudioUplink$AudioTriggerBot$Builder;'
1731512	  Class descriptor  : 'Lcom/larus/im/internal/network/proto2/AvAudioUplink$AudioTriggerBot$ExtraDefaultEntryHolder;'
1731580	  Class descriptor  : 'Lcom/larus/im/internal/network/proto2/AvAudioUplink$AudioTriggerBot;'
1733839	  Class descriptor  : 'Lcom/larus/im/internal/network/proto2/AvAudioUplink$AudioUnmuteCall$1;'
1733924	  Class descriptor  : 'Lcom/larus/im/internal/network/proto2/AvAudioUplink$AudioUnmuteCallOrBuilder;'
1733936	  Class descriptor  : 'Lcom/larus/im/internal/network/proto2/AvAudioUplink$AudioUnmuteCall$Builder;'
1735570	  Class descriptor  : 'Lcom/larus/im/internal/network/proto2/AvAudioUplink$AudioUnmuteCall;'
1736971	  Class descriptor  : 'Lcom/larus/im/internal/network/proto2/AvAudioUplink$AudioUpdateUIContext$1;'
1737056	  Class descriptor  : 'Lcom/larus/im/internal/network/proto2/AvAudioUplink$AudioUpdateUIContextOrBuilder;'
1737080	  Class descriptor  : 'Lcom/larus/im/internal/network/proto2/AvAudioUplink$AudioUpdateUIContext$Builder;'
1738961	  Class descriptor  : 'Lcom/larus/im/internal/network/proto2/AvAudioUplink$AudioUpdateUIContext;'
1740653	  Class descriptor  : 'Lcom/larus/im/internal/network/proto2/AvAudioUplink$AudioUplinkBody$1;'
1740738	  Class descriptor  : 'Lcom/larus/im/internal/network/proto2/AvAudioUplink$AudioUplinkBodyOrBuilder;'
1740882	  Class descriptor  : 'Lcom/larus/im/internal/network/proto2/AvAudioUplink$AudioUplinkBody$Builder;'
1745452	  Class descriptor  : 'Lcom/larus/im/internal/network/proto2/AvAudioUplink$AudioUplinkBody;'
1749734	  Class descriptor  : 'Lcom/larus/im/internal/network/proto2/AvAudioUplink$AudioUplinkPayload$1;'
1749819	  Class descriptor  : 'Lcom/larus/im/internal/network/proto2/AvAudioUplink$AudioUplinkPayloadOrBuilder;'
1750065	  Class descriptor  : 'Lcom/larus/im/internal/network/proto2/AvAudioUplink$AudioUplinkPayload$Builder;'
1758218	  Class descriptor  : 'Lcom/larus/im/internal/network/proto2/AvAudioUplink$AudioUplinkPayload;'
1763531	  Class descriptor  : 'Lcom/larus/im/internal/network/proto2/AvAudioUplink$ChannelConfig$1;'
1763616	  Class descriptor  : 'Lcom/larus/im/internal/network/proto2/AvAudioUplink$ChannelConfigOrBuilder;'
1763664	  Class descriptor  : 'Lcom/larus/im/internal/network/proto2/AvAudioUplink$ChannelConfig$Builder;'
1766005	  Class descriptor  : 'Lcom/larus/im/internal/network/proto2/AvAudioUplink$ChannelConfig;'
1768297	  Class descriptor  : 'Lcom/larus/im/internal/network/proto2/AvAudioUplink$ChatConfig$1;'
1768382	  Class descriptor  : 'Lcom/larus/im/internal/network/proto2/AvAudioUplink$ChatConfigOrBuilder;'
1768694	  Class descriptor  : 'Lcom/larus/im/internal/network/proto2/AvAudioUplink$ChatConfig$Builder;'
1776125	  Class descriptor  : 'Lcom/larus/im/internal/network/proto2/AvAudioUplink$ChatConfig$CustomVariablesDefaultEntryHolder;'
1776193	  Class descriptor  : 'Lcom/larus/im/internal/network/proto2/AvAudioUplink$ChatConfig$ExtraDefaultEntryHolder;'
1776261	  Class descriptor  : 'Lcom/larus/im/internal/network/proto2/AvAudioUplink$ChatConfig;'
1784316	  Class descriptor  : 'Lcom/larus/im/internal/network/proto2/AvAudioUplink$TTSAudioInfo$1;'
1784401	  Class descriptor  : 'Lcom/larus/im/internal/network/proto2/AvAudioUplink$TTSAudioInfoOrBuilder;'
1784437	  Class descriptor  : 'Lcom/larus/im/internal/network/proto2/AvAudioUplink$TTSAudioInfo$Builder;'
1786540	  Class descriptor  : 'Lcom/larus/im/internal/network/proto2/AvAudioUplink$TTSAudioInfo;'
1788550	  Class descriptor  : 'Lcom/larus/im/internal/network/proto2/AvAudioUplink;'
1791234	  Class descriptor  : 'Lcom/larus/im/internal/network/proto2/AvAudioWs$1;'
1791286	  Class descriptor  : 'Lcom/larus/im/internal/network/proto2/AvAudioWs$AudioData$1;'
1791371	  Class descriptor  : 'Lcom/larus/im/internal/network/proto2/AvAudioWs$AudioDataOrBuilder;'
1791395	  Class descriptor  : 'Lcom/larus/im/internal/network/proto2/AvAudioWs$AudioData$Builder;'
1793295	  Class descriptor  : 'Lcom/larus/im/internal/network/proto2/AvAudioWs$AudioData;'
1795043	  Class descriptor  : 'Lcom/larus/im/internal/network/proto2/AvAudioWs$InvokeRequest$1;'
1795128	  Class descriptor  : 'Lcom/larus/im/internal/network/proto2/AvAudioWs$InvokeRequestOrBuilder;'
1795224	  Class descriptor  : 'Lcom/larus/im/internal/network/proto2/AvAudioWs$InvokeRequest$Builder;'
1798651	  Class descriptor  : 'Lcom/larus/im/internal/network/proto2/AvAudioWs$InvokeRequest;'
1801874	  Class descriptor  : 'Lcom/larus/im/internal/network/proto2/AvAudioWs$InvokeResponse$1;'
1801959	  Class descriptor  : 'Lcom/larus/im/internal/network/proto2/AvAudioWs$InvokeResponseOrBuilder;'
1802043	  Class descriptor  : 'Lcom/larus/im/internal/network/proto2/AvAudioWs$InvokeResponse$Builder;'
1805232	  Class descriptor  : 'Lcom/larus/im/internal/network/proto2/AvAudioWs$InvokeResponse;'
1808172	  Class descriptor  : 'Lcom/larus/im/internal/network/proto2/AvAudioWs$MsgType$1;'
1808248	  Class descriptor  : 'Lcom/larus/im/internal/network/proto2/AvAudioWs$MsgType;'
1808817	  Class descriptor  : 'Lcom/larus/im/internal/network/proto2/AvAudioWs;'
1809271	  Class descriptor  : 'Lcom/larus/im/internal/network/proto2/AvCmd$1;'
1809323	  Class descriptor  : 'Lcom/larus/im/internal/network/proto2/AvCmd$AVCMD$1;'
1809399	  Class descriptor  : 'Lcom/larus/im/internal/network/proto2/AvCmd$AVCMD;'
1810486	  Class descriptor  : 'Lcom/larus/im/internal/network/proto2/AvCmd$ChatReplyType$1;'
1810562	  Class descriptor  : 'Lcom/larus/im/internal/network/proto2/AvCmd$ChatReplyType;'
1811131	  Class descriptor  : 'Lcom/larus/im/internal/network/proto2/AvCmd$ChildReplyType$1;'
1811207	  Class descriptor  : 'Lcom/larus/im/internal/network/proto2/AvCmd$ChildReplyType;'
1811776	  Class descriptor  : 'Lcom/larus/im/internal/network/proto2/AvCmd$CommandEventType$1;'
1811852	  Class descriptor  : 'Lcom/larus/im/internal/network/proto2/AvCmd$CommandEventType;'
1817155	  Class descriptor  : 'Lcom/larus/im/internal/network/proto2/AvCmd$ReplyEndType$1;'
1817231	  Class descriptor  : 'Lcom/larus/im/internal/network/proto2/AvCmd$ReplyEndType;'
1817800	  Class descriptor  : 'Lcom/larus/im/internal/network/proto2/AvCmd$ReplyStage$1;'
1817876	  Class descriptor  : 'Lcom/larus/im/internal/network/proto2/AvCmd$ReplyStage;'
1818446	  Class descriptor  : 'Lcom/larus/im/internal/network/proto2/AvCmd;'
1818593	  Class descriptor  : 'Lcom/larus/im/internal/network/proto2/AvDownlink$1;'
1818645	  Class descriptor  : 'Lcom/larus/im/internal/network/proto2/AvDownlink$CommandDownlinkBody$1;'
1818730	  Class descriptor  : 'Lcom/larus/im/internal/network/proto2/AvDownlink$CommandDownlinkBodyOrBuilder;'
1818778	  Class descriptor  : 'Lcom/larus/im/internal/network/proto2/AvDownlink$CommandDownlinkBody$Builder;'
1821067	  Class descriptor  : 'Lcom/larus/im/internal/network/proto2/AvDownlink$CommandDownlinkBody;'
1823285	  Class descriptor  : 'Lcom/larus/im/internal/network/proto2/AvDownlink$DownlinkBody$1;'
1823370	  Class descriptor  : 'Lcom/larus/im/internal/network/proto2/AvDownlink$DownlinkBodyOrBuilder;'
1823466	  Class descriptor  : 'Lcom/larus/im/internal/network/proto2/AvDownlink$DownlinkBody$Builder;'
1827357	  Class descriptor  : 'Lcom/larus/im/internal/network/proto2/AvDownlink$DownlinkBody;'
1830272	  Class descriptor  : 'Lcom/larus/im/internal/network/proto2/AvDownlink$DownlinkMessage$1;'
1830357	  Class descriptor  : 'Lcom/larus/im/internal/network/proto2/AvDownlink$DownlinkMessageOrBuilder;'
1830453	  Class descriptor  : 'Lcom/larus/im/internal/network/proto2/AvDownlink$DownlinkMessage$Builder;'
1833739	  Class descriptor  : 'Lcom/larus/im/internal/network/proto2/AvDownlink$DownlinkMessage;'
1836795	  Class descriptor  : 'Lcom/larus/im/internal/network/proto2/AvDownlink;'
1837308	  Class descriptor  : 'Lcom/larus/im/internal/network/proto2/AvFile$1;'
1837360	  Class descriptor  : 'Lcom/larus/im/internal/network/proto2/AvFile$FileBizInfo$1;'
1837445	  Class descriptor  : 'Lcom/larus/im/internal/network/proto2/AvFile$FileBizInfoOrBuilder;'
1837481	  Class descriptor  : 'Lcom/larus/im/internal/network/proto2/AvFile$FileBizInfo$Builder;'
1839548	  Class descriptor  : 'Lcom/larus/im/internal/network/proto2/AvFile$FileBizInfo;'
1841447	  Class descriptor  : 'Lcom/larus/im/internal/network/proto2/AvFile$FileBizType$1;'
1841523	  Class descriptor  : 'Lcom/larus/im/internal/network/proto2/AvFile$FileBizType;'
1842090	  Class descriptor  : 'Lcom/larus/im/internal/network/proto2/AvFile$FileData$1;'
1842175	  Class descriptor  : 'Lcom/larus/im/internal/network/proto2/AvFile$FileDataOrBuilder;'
1842289	  Class descriptor  : 'Lcom/larus/im/internal/network/proto2/AvFile$FileData$Builder;'
1846356	  Class descriptor  : 'Lcom/larus/im/internal/network/proto2/AvFile$FileData;'
1849798	  Class descriptor  : 'Lcom/larus/im/internal/network/proto2/AvFile$FileDownlinkBody$1;'
1849883	  Class descriptor  : 'Lcom/larus/im/internal/network/proto2/AvFile$FileDownlinkBodyOrBuilder;'
1849979	  Class descriptor  : 'Lcom/larus/im/internal/network/proto2/AvFile$FileDownlinkBody$Builder;'
1853918	  Class descriptor  : 'Lcom/larus/im/internal/network/proto2/AvFile$FileDownlinkBody$ExtDefaultEntryHolder;'
1853986	  Class descriptor  : 'Lcom/larus/im/internal/network/proto2/AvFile$FileDownlinkBody;'
1856985	  Class descriptor  : 'Lcom/larus/im/internal/network/proto2/AvFile$FileResult$1;'
1857070	  Class descriptor  : 'Lcom/larus/im/internal/network/proto2/AvFile$FileResultOrBuilder;'
1857136	  Class descriptor  : 'Lcom/larus/im/internal/network/proto2/AvFile$FileResult$Builder;'
1860000	  Class descriptor  : 'Lcom/larus/im/internal/network/proto2/AvFile$FileResult;'
1862561	  Class descriptor  : 'Lcom/larus/im/internal/network/proto2/AvFile$FileResultBizInfo$1;'
1862646	  Class descriptor  : 'Lcom/larus/im/internal/network/proto2/AvFile$FileResultBizInfoOrBuilder;'
1862682	  Class descriptor  : 'Lcom/larus/im/internal/network/proto2/AvFile$FileResultBizInfo$Builder;'
1864749	  Class descriptor  : 'Lcom/larus/im/internal/network/proto2/AvFile$FileResultBizInfo;'
1866648	  Class descriptor  : 'Lcom/larus/im/internal/network/proto2/AvFile$FileType$1;'
1866724	  Class descriptor  : 'Lcom/larus/im/internal/network/proto2/AvFile$FileType;'
1867293	  Class descriptor  : 'Lcom/larus/im/internal/network/proto2/AvFile$FileUplinkBody$1;'
1867378	  Class descriptor  : 'Lcom/larus/im/internal/network/proto2/AvFile$FileUplinkBodyOrBuilder;'
1867420	  Class descriptor  : 'Lcom/larus/im/internal/network/proto2/AvFile$FileUplinkBody$Builder;'
1870288	  Class descriptor  : 'Lcom/larus/im/internal/network/proto2/AvFile$FileUplinkBody;'
1872127	  Class descriptor  : 'Lcom/larus/im/internal/network/proto2/AvFile$ImageBaseInfo$1;'
1872212	  Class descriptor  : 'Lcom/larus/im/internal/network/proto2/AvFile$ImageBaseInfoOrBuilder;'
1872248	  Class descriptor  : 'Lcom/larus/im/internal/network/proto2/AvFile$ImageBaseInfo$Builder;'
1874290	  Class descriptor  : 'Lcom/larus/im/internal/network/proto2/AvFile$ImageBaseInfo;'
1876223	  Class descriptor  : 'Lcom/larus/im/internal/network/proto2/AvFile$ImageFormat$1;'
1876299	  Class descriptor  : 'Lcom/larus/im/internal/network/proto2/AvFile$ImageFormat;'
1876868	  Class descriptor  : 'Lcom/larus/im/internal/network/proto2/AvFile$OcrInfo$1;'
1876953	  Class descriptor  : 'Lcom/larus/im/internal/network/proto2/AvFile$OcrInfoOrBuilder;'
1876995	  Class descriptor  : 'Lcom/larus/im/internal/network/proto2/AvFile$OcrInfo$Builder;'
1879204	  Class descriptor  : 'Lcom/larus/im/internal/network/proto2/AvFile$OcrInfo;'
1881361	  Class descriptor  : 'Lcom/larus/im/internal/network/proto2/AvFile;'
1882352	  Class descriptor  : 'Lcom/larus/im/internal/network/proto2/AvUplink$1;'
1882404	  Class descriptor  : 'Lcom/larus/im/internal/network/proto2/AvUplink$CommandUplinkBody$1;'
1882489	  Class descriptor  : 'Lcom/larus/im/internal/network/proto2/AvUplink$CommandUplinkBodyOrBuilder;'
1882531	  Class descriptor  : 'Lcom/larus/im/internal/network/proto2/AvUplink$CommandUplinkBody$Builder;'
1884712	  Class descriptor  : 'Lcom/larus/im/internal/network/proto2/AvUplink$CommandUplinkBody;'
1886775	  Class descriptor  : 'Lcom/larus/im/internal/network/proto2/AvUplink$ModalType$1;'
1886851	  Class descriptor  : 'Lcom/larus/im/internal/network/proto2/AvUplink$ModalType;'
1887420	  Class descriptor  : 'Lcom/larus/im/internal/network/proto2/AvUplink$UplinkBody$1;'
1887505	  Class descriptor  : 'Lcom/larus/im/internal/network/proto2/AvUplink$UplinkBodyOrBuilder;'
1887589	  Class descriptor  : 'Lcom/larus/im/internal/network/proto2/AvUplink$UplinkBody$Builder;'
1891233	  Class descriptor  : 'Lcom/larus/im/internal/network/proto2/AvUplink$UplinkBody;'
1893861	  Class descriptor  : 'Lcom/larus/im/internal/network/proto2/AvUplink$UplinkMessage$1;'
1893946	  Class descriptor  : 'Lcom/larus/im/internal/network/proto2/AvUplink$UplinkMessageOrBuilder;'
1894036	  Class descriptor  : 'Lcom/larus/im/internal/network/proto2/AvUplink$UplinkMessage$Builder;'
1897208	  Class descriptor  : 'Lcom/larus/im/internal/network/proto2/AvUplink$UplinkMessage;'
1900101	  Class descriptor  : 'Lcom/larus/im/internal/network/proto2/AvUplink$VideoSourceType$1;'
1900177	  Class descriptor  : 'Lcom/larus/im/internal/network/proto2/AvUplink$VideoSourceType;'
1900748	  Class descriptor  : 'Lcom/larus/im/internal/network/proto2/AvUplink$VideoSwitchModal$1;'
1900833	  Class descriptor  : 'Lcom/larus/im/internal/network/proto2/AvUplink$VideoSwitchModalOrBuilder;'
1900887	  Class descriptor  : 'Lcom/larus/im/internal/network/proto2/AvUplink$VideoSwitchModal$Builder;'
1903394	  Class descriptor  : 'Lcom/larus/im/internal/network/proto2/AvUplink$VideoSwitchModal;'
1905520	  Class descriptor  : 'Lcom/larus/im/internal/network/proto2/AvUplink$VideoUplinkBody$1;'
1905605	  Class descriptor  : 'Lcom/larus/im/internal/network/proto2/AvUplink$VideoUplinkBodyOrBuilder;'
1905635	  Class descriptor  : 'Lcom/larus/im/internal/network/proto2/AvUplink$VideoUplinkBody$Builder;'
1907776	  Class descriptor  : 'Lcom/larus/im/internal/network/proto2/AvUplink$VideoUplinkBody;'
1909488	  Class descriptor  : 'Lcom/larus/im/internal/network/proto2/AvUplink;'
1910163	  Class descriptor  : 'Lcom/larus/im/internal/network/proto2/AvVideoDownlink$1;'
1910215	  Class descriptor  : 'Lcom/larus/im/internal/network/proto2/AvVideoDownlink$VideoDialogMsg$1;'
1910300	  Class descriptor  : 'Lcom/larus/im/internal/network/proto2/AvVideoDownlink$VideoDialogMsgOrBuilder;'
1910324	  Class descriptor  : 'Lcom/larus/im/internal/network/proto2/AvVideoDownlink$VideoDialogMsg$Builder;'
1912205	  Class descriptor  : 'Lcom/larus/im/internal/network/proto2/AvVideoDownlink$VideoDialogMsg;'
1913898	  Class descriptor  : 'Lcom/larus/im/internal/network/proto2/AvVideoDownlink$VideoDownlinkBody$1;'
1913983	  Class descriptor  : 'Lcom/larus/im/internal/network/proto2/AvVideoDownlink$VideoDownlinkBodyOrBuilder;'
1914031	  Class descriptor  : 'Lcom/larus/im/internal/network/proto2/AvVideoDownlink$VideoDownlinkBody$Builder;'
1916673	  Class descriptor  : 'Lcom/larus/im/internal/network/proto2/AvVideoDownlink$VideoDownlinkBody;'
1918689	  Class descriptor  : 'Lcom/larus/im/internal/network/proto2/AvVideoDownlink$VideoModalSwitched$1;'
1918774	  Class descriptor  : 'Lcom/larus/im/internal/network/proto2/AvVideoDownlink$VideoModalSwitchedOrBuilder;'
1918792	  Class descriptor  : 'Lcom/larus/im/internal/network/proto2/AvVideoDownlink$VideoModalSwitched$Builder;'
1920540	  Class descriptor  : 'Lcom/larus/im/internal/network/proto2/AvVideoDownlink$VideoModalSwitched;'
1922109	  Class descriptor  : 'Lcom/larus/im/internal/network/proto2/AvVideoDownlink$VideoSessionStarted$1;'
1922194	  Class descriptor  : 'Lcom/larus/im/internal/network/proto2/AvVideoDownlink$VideoSessionStartedOrBuilder;'
1922248	  Class descriptor  : 'Lcom/larus/im/internal/network/proto2/AvVideoDownlink$VideoSessionStarted$Builder;'
1924755	  Class descriptor  : 'Lcom/larus/im/internal/network/proto2/AvVideoDownlink$VideoSessionStarted;'
1926875	  Class descriptor  : 'Lcom/larus/im/internal/network/proto2/AvVideoDownlink$VideoSourceStatus$1;'
1926951	  Class descriptor  : 'Lcom/larus/im/internal/network/proto2/AvVideoDownlink$VideoSourceStatus;'
1927522	  Class descriptor  : 'Lcom/larus/im/internal/network/proto2/AvVideoDownlink;'
1928040	  Class descriptor  : 'Lcom/larus/im/internal/network/sse/SseChunkParser$ReadChunkException;'
1928292	  Class descriptor  : 'Lcom/larus/im/internal/network/sse/SseChunkParser$parseStream$1;'
1928368	  Class descriptor  : 'Lcom/larus/im/internal/network/sse/SseChunkParser$parseStream$chunkRet$1;'
1928544	  Class descriptor  : 'Lcom/larus/im/internal/network/sse/SseChunkParser;'
1929397	  Class descriptor  : 'Lcom/larus/im/internal/network/sse/SseHandler$a;'
1929408	  Class descriptor  : 'Lcom/larus/im/internal/network/sse/SseHandler$receiveStream$2;'
1930014	  Class descriptor  : 'Lcom/larus/im/internal/network/sse/SseHandler$startChunkPull$1;'
1931218	  Class descriptor  : 'Lcom/larus/im/internal/network/sse/SseHandler;'
1931461	  Class descriptor  : 'Lcom/larus/im/internal/network/sse/SseStatus;'
1931769	  Class descriptor  : 'Lcom/larus/im/internal/network/sse/a;'
1931792	  Class descriptor  : 'Lcom/larus/im/internal/network/sse/b$a;'
1932102	  Class descriptor  : 'Lcom/larus/im/internal/network/sse/b;'
1932133	  Class descriptor  : 'Lcom/larus/im/internal/network/sse/c;'
1932281	  Class descriptor  : 'Lcom/larus/im/internal/network/sse/d;'
1932702	  Class descriptor  : 'Lcom/larus/im/internal/network/stragery/MessageDownlinkStrategy$onReceive$1;'
1932890	  Class descriptor  : 'Lcom/larus/im/internal/network/stragery/MessageDownlinkStrategy$pendingFetchChain$1;'
1933107	  Class descriptor  : 'Lcom/larus/im/internal/network/stragery/MessageDownlinkStrategy;'
1933275	  Class descriptor  : 'Lcom/larus/im/internal/network/stragery/a;'
1933356	  Class descriptor  : 'Lcom/larus/im/internal/network/stragery/b;'
1933445	  Class descriptor  : 'Lcom/larus/im/internal/network/stragery/c;'
1933585	  Class descriptor  : 'Lcom/larus/im/internal/network/stragery/d;'
1933645	  Class descriptor  : 'Lcom/larus/im/internal/network/stragery/e;'
1933705	  Class descriptor  : 'Lcom/larus/im/internal/network/stragery/f;'
1934204	  Class descriptor  : 'Lcom/larus/im/internal/network/stragery/uplink/BaseUplinkStrategy$a$a;'
1934246	  Class descriptor  : 'Lcom/larus/im/internal/network/stragery/uplink/BaseUplinkStrategy$a;'
1934257	  Class descriptor  : 'Lcom/larus/im/internal/network/stragery/uplink/BaseUplinkStrategy$c;'
1934523	  Class descriptor  : 'Lcom/larus/im/internal/network/stragery/uplink/BaseUplinkStrategy$d;'
1934751	  Class descriptor  : 'Lcom/larus/im/internal/network/stragery/uplink/BaseUplinkStrategy$wsReceiveListener$1;'
1934849	  Class descriptor  : 'Lcom/larus/im/internal/network/stragery/uplink/BaseUplinkStrategy;'
1935027	  Class descriptor  : 'Lcom/larus/im/internal/network/stragery/uplink/MessageSseUplinkStrategy$a;'
1935038	  Class descriptor  : 'Lcom/larus/im/internal/network/stragery/uplink/MessageSseUplinkStrategy$send$2$2;'
1935645	  Class descriptor  : 'Lcom/larus/im/internal/network/stragery/uplink/MessageSseUplinkStrategy$send$2$info$1$1;'
1935836	  Class descriptor  : 'Lcom/larus/im/internal/network/stragery/uplink/MessageSseUplinkStrategy$send$2$info$1$2;'
1936027	  Class descriptor  : 'Lcom/larus/im/internal/network/stragery/uplink/MessageSseUplinkStrategy$send$2$info$1$3;'
1936215	  Class descriptor  : 'Lcom/larus/im/internal/network/stragery/uplink/MessageSseUplinkStrategy$send$2;'
1938128	  Class descriptor  : 'Lcom/larus/im/internal/network/stragery/uplink/MessageSseUplinkStrategy;'
1938384	  Class descriptor  : 'Lcom/larus/im/internal/network/stragery/uplink/MessageUplinkStrategy$a;'
1938395	  Class descriptor  : 'Lcom/larus/im/internal/network/stragery/uplink/MessageUplinkStrategy$onReceiveAck$1;'
1938717	  Class descriptor  : 'Lcom/larus/im/internal/network/stragery/uplink/MessageUplinkStrategy$pendingRetry$1;'
1939575	  Class descriptor  : 'Lcom/larus/im/internal/network/stragery/uplink/MessageUplinkStrategy$send$2$info$1$a;'
1939652	  Class descriptor  : 'Lcom/larus/im/internal/network/stragery/uplink/MessageUplinkStrategy$send$2$info$1;'
1939921	  Class descriptor  : 'Lcom/larus/im/internal/network/stragery/uplink/MessageUplinkStrategy$send$2;'
1941013	  Class descriptor  : 'Lcom/larus/im/internal/network/stragery/uplink/MessageUplinkStrategy$tryGetAnswerMsgByChain$2;'
1941633	  Class descriptor  : 'Lcom/larus/im/internal/network/stragery/uplink/MessageUplinkStrategy;'
1941951	  Class descriptor  : 'Lcom/larus/im/internal/network/stragery/uplink/a;'
1942035	  Class descriptor  : 'Lcom/larus/im/internal/network/stragery/uplink/b;'
1942099	  Class descriptor  : 'Lcom/larus/im/internal/network/stragery/uplink/c;'
1942151	  Class descriptor  : 'Lcom/larus/im/internal/network/stragery/uplink/d;'
1942222	  Class descriptor  : 'Lcom/larus/im/internal/network/stragery/uplink/e;'
1942274	  Class descriptor  : 'Lcom/larus/im/internal/network/stragery/uplink/f;'
1942396	  Class descriptor  : 'Lcom/larus/im/internal/o;'
1942465	  Class descriptor  : 'Lcom/larus/im/internal/p;'
1942533	  Class descriptor  : 'Lcom/larus/im/internal/protocol/FlowIllegalNetworkException;'
1942969	  Class descriptor  : 'Lcom/larus/im/internal/protocol/bean/AckNextAction$a;'
1943382	  Class descriptor  : 'Lcom/larus/im/internal/protocol/bean/AckNextAction$b;'
1943429	  Class descriptor  : 'Lcom/larus/im/internal/protocol/bean/AckNextAction;'
1944030	  Class descriptor  : 'Lcom/larus/im/internal/protocol/bean/AckNextActionType$a;'
1944089	  Class descriptor  : 'Lcom/larus/im/internal/protocol/bean/AckNextActionType;'
1944440	  Class descriptor  : 'Lcom/larus/im/internal/protocol/bean/ActionBarRichText$a;'
1944833	  Class descriptor  : 'Lcom/larus/im/internal/protocol/bean/ActionBarRichText$b;'
1944880	  Class descriptor  : 'Lcom/larus/im/internal/protocol/bean/ActionBarRichText;'
1945378	  Class descriptor  : 'Lcom/larus/im/internal/protocol/bean/ActionIcon$a;'
1945839	  Class descriptor  : 'Lcom/larus/im/internal/protocol/bean/ActionIcon$b;'
1945886	  Class descriptor  : 'Lcom/larus/im/internal/protocol/bean/ActionIcon;'
1946517	  Class descriptor  : 'Lcom/larus/im/internal/protocol/bean/AddParticipantScene$a;'
1946576	  Class descriptor  : 'Lcom/larus/im/internal/protocol/bean/AddParticipantScene;'
1946957	  Class descriptor  : 'Lcom/larus/im/internal/protocol/bean/AudioText$a;'
1947418	  Class descriptor  : 'Lcom/larus/im/internal/protocol/bean/AudioText$b;'
1947465	  Class descriptor  : 'Lcom/larus/im/internal/protocol/bean/AudioText;'
1948096	  Class descriptor  : 'Lcom/larus/im/internal/protocol/bean/AudioTextContent$a;'
1948495	  Class descriptor  : 'Lcom/larus/im/internal/protocol/bean/AudioTextContent$b;'
1948542	  Class descriptor  : 'Lcom/larus/im/internal/protocol/bean/AudioTextContent;'
1949047	  Class descriptor  : 'Lcom/larus/im/internal/protocol/bean/BatchGetConversationInfoDownlinkBody$a;'
1949424	  Class descriptor  : 'Lcom/larus/im/internal/protocol/bean/BatchGetConversationInfoDownlinkBody$b;'
1949471	  Class descriptor  : 'Lcom/larus/im/internal/protocol/bean/BatchGetConversationInfoDownlinkBody;'
1949954	  Class descriptor  : 'Lcom/larus/im/internal/protocol/bean/BatchGetConversationInfoUplinkBody$a;'
1950331	  Class descriptor  : 'Lcom/larus/im/internal/protocol/bean/BatchGetConversationInfoUplinkBody$b;'
1950378	  Class descriptor  : 'Lcom/larus/im/internal/protocol/bean/BatchGetConversationInfoUplinkBody;'
1950861	  Class descriptor  : 'Lcom/larus/im/internal/protocol/bean/BatchGetConversationParticipantsDownlinkBody$a;'
1951238	  Class descriptor  : 'Lcom/larus/im/internal/protocol/bean/BatchGetConversationParticipantsDownlinkBody$b;'
1951285	  Class descriptor  : 'Lcom/larus/im/internal/protocol/bean/BatchGetConversationParticipantsDownlinkBody;'
1951768	  Class descriptor  : 'Lcom/larus/im/internal/protocol/bean/BatchGetConversationParticipantsUplinkBody$a;'
1952145	  Class descriptor  : 'Lcom/larus/im/internal/protocol/bean/BatchGetConversationParticipantsUplinkBody$b;'
1952192	  Class descriptor  : 'Lcom/larus/im/internal/protocol/bean/BatchGetConversationParticipantsUplinkBody;'
1952675	  Class descriptor  : 'Lcom/larus/im/internal/protocol/bean/BatchUpdateMsgStatusUplinkBody$a;'
1953172	  Class descriptor  : 'Lcom/larus/im/internal/protocol/bean/BatchUpdateMsgStatusUplinkBody$b;'
1953219	  Class descriptor  : 'Lcom/larus/im/internal/protocol/bean/BatchUpdateMsgStatusUplinkBody;'
1953952	  Class descriptor  : 'Lcom/larus/im/internal/protocol/bean/BizType$a;'
1954011	  Class descriptor  : 'Lcom/larus/im/internal/protocol/bean/BizType;'
1954392	  Class descriptor  : 'Lcom/larus/im/internal/protocol/bean/BotAction$a;'
1954773	  Class descriptor  : 'Lcom/larus/im/internal/protocol/bean/BotAction$b;'
1954820	  Class descriptor  : 'Lcom/larus/im/internal/protocol/bean/BotAction;'
1955314	  Class descriptor  : 'Lcom/larus/im/internal/protocol/bean/BotActionType$a;'
1955373	  Class descriptor  : 'Lcom/larus/im/internal/protocol/bean/BotActionType;'
1955724	  Class descriptor  : 'Lcom/larus/im/internal/protocol/bean/BotConf$a;'
1956185	  Class descriptor  : 'Lcom/larus/im/internal/protocol/bean/BotConf$b;'
1956232	  Class descriptor  : 'Lcom/larus/im/internal/protocol/bean/BotConf;'
1956863	  Class descriptor  : 'Lcom/larus/im/internal/protocol/bean/BotConversationContentType$a;'
1956922	  Class descriptor  : 'Lcom/larus/im/internal/protocol/bean/BotConversationContentType;'
1957273	  Class descriptor  : 'Lcom/larus/im/internal/protocol/bean/BotConversationType$a;'
1957332	  Class descriptor  : 'Lcom/larus/im/internal/protocol/bean/BotConversationType;'
1957773	  Class descriptor  : 'Lcom/larus/im/internal/protocol/bean/BotReplyLoadingUpdateNotify$a;'
1958520	  Class descriptor  : 'Lcom/larus/im/internal/protocol/bean/BotReplyLoadingUpdateNotify$b;'
1958567	  Class descriptor  : 'Lcom/larus/im/internal/protocol/bean/BotReplyLoadingUpdateNotify;'
1959922	  Class descriptor  : 'Lcom/larus/im/internal/protocol/bean/BotShareInfo$a;'
1960373	  Class descriptor  : 'Lcom/larus/im/internal/protocol/bean/BotShareInfo$b;'
1960420	  Class descriptor  : 'Lcom/larus/im/internal/protocol/bean/BotShareInfo;'
1961045	  Class descriptor  : 'Lcom/larus/im/internal/protocol/bean/BotStats$a;'
1961437	  Class descriptor  : 'Lcom/larus/im/internal/protocol/bean/BotStats$b;'
1961484	  Class descriptor  : 'Lcom/larus/im/internal/protocol/bean/BotStats;'
1961990	  Class descriptor  : 'Lcom/larus/im/internal/protocol/bean/BreakStreamMsgUplinkBody$a;'
1962623	  Class descriptor  : 'Lcom/larus/im/internal/protocol/bean/BreakStreamMsgUplinkBody$b;'
1962670	  Class descriptor  : 'Lcom/larus/im/internal/protocol/bean/BreakStreamMsgUplinkBody;'
1963714	  Class descriptor  : 'Lcom/larus/im/internal/protocol/bean/Cell$a;'
1964363	  Class descriptor  : 'Lcom/larus/im/internal/protocol/bean/Cell$b;'
1964410	  Class descriptor  : 'Lcom/larus/im/internal/protocol/bean/Cell;'
1965449	  Class descriptor  : 'Lcom/larus/im/internal/protocol/bean/ChunkUpdateDownlinkBody$a;'
1965785	  Class descriptor  : 'Lcom/larus/im/internal/protocol/bean/ChunkUpdateDownlinkBody$b;'
1965832	  Class descriptor  : 'Lcom/larus/im/internal/protocol/bean/ChunkUpdateDownlinkBody;'
1966208	  Class descriptor  : 'Lcom/larus/im/internal/protocol/bean/ClientControlParamStruct$a;'
1966240	  Class descriptor  : 'Lcom/larus/im/internal/protocol/bean/ClientControlParamStruct;'
1966506	  Class descriptor  : 'Lcom/larus/im/internal/protocol/bean/ClientControllerParam$a;'
1967019	  Class descriptor  : 'Lcom/larus/im/internal/protocol/bean/ClientControllerParam$b;'
1967066	  Class descriptor  : 'Lcom/larus/im/internal/protocol/bean/ClientControllerParam;'
1967814	  Class descriptor  : 'Lcom/larus/im/internal/protocol/bean/CommonCmdNotify$a;'
1968275	  Class descriptor  : 'Lcom/larus/im/internal/protocol/bean/CommonCmdNotify$b;'
1968322	  Class descriptor  : 'Lcom/larus/im/internal/protocol/bean/CommonCmdNotify;'
1968953	  Class descriptor  : 'Lcom/larus/im/internal/protocol/bean/ConsistencyUplinkBody$a;'
1969289	  Class descriptor  : 'Lcom/larus/im/internal/protocol/bean/ConsistencyUplinkBody$b;'
1969336	  Class descriptor  : 'Lcom/larus/im/internal/protocol/bean/ConsistencyUplinkBody;'
1969719	  Class descriptor  : 'Lcom/larus/im/internal/protocol/bean/ContentDistType$a;'
1969778	  Class descriptor  : 'Lcom/larus/im/internal/protocol/bean/ContentDistType;'
1970129	  Class descriptor  : 'Lcom/larus/im/internal/protocol/bean/ContentStatus$a;'
1970188	  Class descriptor  : 'Lcom/larus/im/internal/protocol/bean/ContentStatus;'
1970704	  Class descriptor  : 'Lcom/larus/im/internal/protocol/bean/ConvOperateType$a;'
1970763	  Class descriptor  : 'Lcom/larus/im/internal/protocol/bean/ConvOperateType;'
1971144	  Class descriptor  : 'Lcom/larus/im/internal/protocol/bean/ConversationInfo$a;'
1974553	  Class descriptor  : 'Lcom/larus/im/internal/protocol/bean/ConversationInfo$b;'
1974600	  Class descriptor  : 'Lcom/larus/im/internal/protocol/bean/ConversationInfo;'
1981159	  Class descriptor  : 'Lcom/larus/im/internal/protocol/bean/ConversationInfoDeltaUpdateField$a;'
1981218	  Class descriptor  : 'Lcom/larus/im/internal/protocol/bean/ConversationInfoDeltaUpdateField;'
1981569	  Class descriptor  : 'Lcom/larus/im/internal/protocol/bean/ConversationPage$a;'
1982240	  Class descriptor  : 'Lcom/larus/im/internal/protocol/bean/ConversationPage$b;'
1982287	  Class descriptor  : 'Lcom/larus/im/internal/protocol/bean/ConversationPage;'
1983548	  Class descriptor  : 'Lcom/larus/im/internal/protocol/bean/ConversationParticipantList$a;'
1983988	  Class descriptor  : 'Lcom/larus/im/internal/protocol/bean/ConversationParticipantList$b;'
1984035	  Class descriptor  : 'Lcom/larus/im/internal/protocol/bean/ConversationParticipantList;'
1984647	  Class descriptor  : 'Lcom/larus/im/internal/protocol/bean/ConversationPenaltyType$a;'
1984706	  Class descriptor  : 'Lcom/larus/im/internal/protocol/bean/ConversationPenaltyType;'
1985057	  Class descriptor  : 'Lcom/larus/im/internal/protocol/bean/ConversationRecentMessage$a;'
1986149	  Class descriptor  : 'Lcom/larus/im/internal/protocol/bean/ConversationRecentMessage$b;'
1986196	  Class descriptor  : 'Lcom/larus/im/internal/protocol/bean/ConversationRecentMessage;'
1988460	  Class descriptor  : 'Lcom/larus/im/internal/protocol/bean/ConversationStatus$a;'
1988519	  Class descriptor  : 'Lcom/larus/im/internal/protocol/bean/ConversationStatus;'
1988993	  Class descriptor  : 'Lcom/larus/im/internal/protocol/bean/ConversationType$a;'
1989052	  Class descriptor  : 'Lcom/larus/im/internal/protocol/bean/ConversationType;'
1989463	  Class descriptor  : 'Lcom/larus/im/internal/protocol/bean/CreatorInfo$a;'
1989930	  Class descriptor  : 'Lcom/larus/im/internal/protocol/bean/CreatorInfo$b;'
1989977	  Class descriptor  : 'Lcom/larus/im/internal/protocol/bean/CreatorInfo;'
1990608	  Class descriptor  : 'Lcom/larus/im/internal/protocol/bean/DeleteMode$a;'
1990667	  Class descriptor  : 'Lcom/larus/im/internal/protocol/bean/DeleteMode;'
1991048	  Class descriptor  : 'Lcom/larus/im/internal/protocol/bean/DeleteUserConversationUplinkBody$a;'
1991617	  Class descriptor  : 'Lcom/larus/im/internal/protocol/bean/DeleteUserConversationUplinkBody$b;'
1991664	  Class descriptor  : 'Lcom/larus/im/internal/protocol/bean/DeleteUserConversationUplinkBody;'
1992570	  Class descriptor  : 'Lcom/larus/im/internal/protocol/bean/DownlinkBody$a;'
1993989	  Class descriptor  : 'Lcom/larus/im/internal/protocol/bean/DownlinkBody$b;'
1994036	  Class descriptor  : 'Lcom/larus/im/internal/protocol/bean/DownlinkBody;'
1996238	  Class descriptor  : 'Lcom/larus/im/internal/protocol/bean/DownlinkMessage$a;'
1997030	  Class descriptor  : 'Lcom/larus/im/internal/protocol/bean/DownlinkMessage$b;'
1997077	  Class descriptor  : 'Lcom/larus/im/internal/protocol/bean/DownlinkMessage;'
1998539	  Class descriptor  : 'Lcom/larus/im/internal/protocol/bean/FetchChunkMessageDownlinkBody$a;'
1999909	  Class descriptor  : 'Lcom/larus/im/internal/protocol/bean/FetchChunkMessageDownlinkBody$b;'
1999956	  Class descriptor  : 'Lcom/larus/im/internal/protocol/bean/FetchChunkMessageDownlinkBody;'
2002597	  Class descriptor  : 'Lcom/larus/im/internal/protocol/bean/FetchChunkMessageUplinkBody$a;'
2003048	  Class descriptor  : 'Lcom/larus/im/internal/protocol/bean/FetchChunkMessageUplinkBody$b;'
2003095	  Class descriptor  : 'Lcom/larus/im/internal/protocol/bean/FetchChunkMessageUplinkBody;'
2003716	  Class descriptor  : 'Lcom/larus/im/internal/protocol/bean/FetchType$a;'
2003775	  Class descriptor  : 'Lcom/larus/im/internal/protocol/bean/FetchType;'
2004186	  Class descriptor  : 'Lcom/larus/im/internal/protocol/bean/FieldEnum$a;'
2004245	  Class descriptor  : 'Lcom/larus/im/internal/protocol/bean/FieldEnum;'
2004716	  Class descriptor  : 'Lcom/larus/im/internal/protocol/bean/GeneralInteractionAskNotifyDownlinkBody$a;'
2005626	  Class descriptor  : 'Lcom/larus/im/internal/protocol/bean/GeneralInteractionAskNotifyDownlinkBody$b;'
2005673	  Class descriptor  : 'Lcom/larus/im/internal/protocol/bean/GeneralInteractionAskNotifyDownlinkBody;'
2007304	  Class descriptor  : 'Lcom/larus/im/internal/protocol/bean/GeneralInteractionAskOperation$a;'
2007363	  Class descriptor  : 'Lcom/larus/im/internal/protocol/bean/GeneralInteractionAskOperation;'
2007744	  Class descriptor  : 'Lcom/larus/im/internal/protocol/bean/GetConversationInfoDownlinkBody$a;'
2008080	  Class descriptor  : 'Lcom/larus/im/internal/protocol/bean/GetConversationInfoDownlinkBody$b;'
2008127	  Class descriptor  : 'Lcom/larus/im/internal/protocol/bean/GetConversationInfoDownlinkBody;'
2008510	  Class descriptor  : 'Lcom/larus/im/internal/protocol/bean/GetConversationInfoUplinkBody$a;'
2009070	  Class descriptor  : 'Lcom/larus/im/internal/protocol/bean/GetConversationInfoUplinkBody$b;'
2009117	  Class descriptor  : 'Lcom/larus/im/internal/protocol/bean/GetConversationInfoUplinkBody;'
2009978	  Class descriptor  : 'Lcom/larus/im/internal/protocol/bean/GetConversationParticipantDownlinkBody$a;'
2010505	  Class descriptor  : 'Lcom/larus/im/internal/protocol/bean/GetConversationParticipantDownlinkBody$b;'
2010552	  Class descriptor  : 'Lcom/larus/im/internal/protocol/bean/GetConversationParticipantDownlinkBody;'
2011397	  Class descriptor  : 'Lcom/larus/im/internal/protocol/bean/GetConversationParticipantUplinkBody$a;'
2011880	  Class descriptor  : 'Lcom/larus/im/internal/protocol/bean/GetConversationParticipantUplinkBody$b;'
2011927	  Class descriptor  : 'Lcom/larus/im/internal/protocol/bean/GetConversationParticipantUplinkBody;'
2012651	  Class descriptor  : 'Lcom/larus/im/internal/protocol/bean/IDList$a;'
2013028	  Class descriptor  : 'Lcom/larus/im/internal/protocol/bean/IDList$b;'
2013075	  Class descriptor  : 'Lcom/larus/im/internal/protocol/bean/IDList;'
2013550	  Class descriptor  : 'Lcom/larus/im/internal/protocol/bean/IMCMD$a;'
2013609	  Class descriptor  : 'Lcom/larus/im/internal/protocol/bean/IMCMD;'
2016643	  Class descriptor  : 'Lcom/larus/im/internal/protocol/bean/Icon$a;'
2017036	  Class descriptor  : 'Lcom/larus/im/internal/protocol/bean/Icon$b;'
2017083	  Class descriptor  : 'Lcom/larus/im/internal/protocol/bean/Icon;'
2017588	  Class descriptor  : 'Lcom/larus/im/internal/protocol/bean/Image$a;'
2018117	  Class descriptor  : 'Lcom/larus/im/internal/protocol/bean/Image$b;'
2018164	  Class descriptor  : 'Lcom/larus/im/internal/protocol/bean/Image;'
2018918	  Class descriptor  : 'Lcom/larus/im/internal/protocol/bean/ImageContent$a;'
2019358	  Class descriptor  : 'Lcom/larus/im/internal/protocol/bean/ImageContent$b;'
2019405	  Class descriptor  : 'Lcom/larus/im/internal/protocol/bean/ImageContent;'
2020017	  Class descriptor  : 'Lcom/larus/im/internal/protocol/bean/ImageObj$a;'
2020453	  Class descriptor  : 'Lcom/larus/im/internal/protocol/bean/ImageObj$b;'
2020500	  Class descriptor  : 'Lcom/larus/im/internal/protocol/bean/ImageObj;'
2021111	  Class descriptor  : 'Lcom/larus/im/internal/protocol/bean/InterruptInfo$a;'
2021510	  Class descriptor  : 'Lcom/larus/im/internal/protocol/bean/InterruptInfo$b;'
2021557	  Class descriptor  : 'Lcom/larus/im/internal/protocol/bean/InterruptInfo;'
2022055	  Class descriptor  : 'Lcom/larus/im/internal/protocol/bean/KeyValuePair$a;'
2022448	  Class descriptor  : 'Lcom/larus/im/internal/protocol/bean/KeyValuePair$b;'
2022495	  Class descriptor  : 'Lcom/larus/im/internal/protocol/bean/KeyValuePair;'
2023000	  Class descriptor  : 'Lcom/larus/im/internal/protocol/bean/MentionInfoTag$a;'
2023483	  Class descriptor  : 'Lcom/larus/im/internal/protocol/bean/MentionInfoTag$b;'
2023530	  Class descriptor  : 'Lcom/larus/im/internal/protocol/bean/MentionInfoTag;'
2024254	  Class descriptor  : 'Lcom/larus/im/internal/protocol/bean/MessageAction$a;'
2024854	  Class descriptor  : 'Lcom/larus/im/internal/protocol/bean/MessageAction$b;'
2024901	  Class descriptor  : 'Lcom/larus/im/internal/protocol/bean/MessageAction;'
2025825	  Class descriptor  : 'Lcom/larus/im/internal/protocol/bean/MessageBody$a;'
2030223	  Class descriptor  : 'Lcom/larus/im/internal/protocol/bean/MessageBody$b;'
2030270	  Class descriptor  : 'Lcom/larus/im/internal/protocol/bean/MessageBody;'
2036752	  Class descriptor  : 'Lcom/larus/im/internal/protocol/bean/MessageDirection$a;'
2036811	  Class descriptor  : 'Lcom/larus/im/internal/protocol/bean/MessageDirection;'
2037222	  Class descriptor  : 'Lcom/larus/im/internal/protocol/bean/MessageListReport$a;'
2037920	  Class descriptor  : 'Lcom/larus/im/internal/protocol/bean/MessageListReport$b;'
2037967	  Class descriptor  : 'Lcom/larus/im/internal/protocol/bean/MessageListReport;'
2039149	  Class descriptor  : 'Lcom/larus/im/internal/protocol/bean/MessageReportInfo$a;'
2039548	  Class descriptor  : 'Lcom/larus/im/internal/protocol/bean/MessageReportInfo$b;'
2039595	  Class descriptor  : 'Lcom/larus/im/internal/protocol/bean/MessageReportInfo;'
2040100	  Class descriptor  : 'Lcom/larus/im/internal/protocol/bean/MessageStatus$a;'
2040159	  Class descriptor  : 'Lcom/larus/im/internal/protocol/bean/MessageStatus;'
2040700	  Class descriptor  : 'Lcom/larus/im/internal/protocol/bean/MessageStatusLite$a;'
2041260	  Class descriptor  : 'Lcom/larus/im/internal/protocol/bean/MessageStatusLite$b;'
2041307	  Class descriptor  : 'Lcom/larus/im/internal/protocol/bean/MessageStatusLite;'
2042209	  Class descriptor  : 'Lcom/larus/im/internal/protocol/bean/MessageTag$a;'
2042268	  Class descriptor  : 'Lcom/larus/im/internal/protocol/bean/MessageTag;'
2042835	  Class descriptor  : 'Lcom/larus/im/internal/protocol/bean/MixedTokens$a;'
2043171	  Class descriptor  : 'Lcom/larus/im/internal/protocol/bean/MixedTokens$b;'
2043218	  Class descriptor  : 'Lcom/larus/im/internal/protocol/bean/MixedTokens;'
2043601	  Class descriptor  : 'Lcom/larus/im/internal/protocol/bean/Model$a;'
2044107	  Class descriptor  : 'Lcom/larus/im/internal/protocol/bean/Model$b;'
2044154	  Class descriptor  : 'Lcom/larus/im/internal/protocol/bean/Model;'
2044942	  Class descriptor  : 'Lcom/larus/im/internal/protocol/bean/MsgHintEnum$a;'
2045001	  Class descriptor  : 'Lcom/larus/im/internal/protocol/bean/MsgHintEnum;'
2045382	  Class descriptor  : 'Lcom/larus/im/internal/protocol/bean/MsgHintInfo$a;'
2045763	  Class descriptor  : 'Lcom/larus/im/internal/protocol/bean/MsgHintInfo$b;'
2045810	  Class descriptor  : 'Lcom/larus/im/internal/protocol/bean/MsgHintInfo;'
2046304	  Class descriptor  : 'Lcom/larus/im/internal/protocol/bean/MsgTemplate$a;'
2046811	  Class descriptor  : 'Lcom/larus/im/internal/protocol/bean/MsgTemplate$b;'
2046858	  Class descriptor  : 'Lcom/larus/im/internal/protocol/bean/MsgTemplate;'
2047648	  Class descriptor  : 'Lcom/larus/im/internal/protocol/bean/Music$a;'
2048416	  Class descriptor  : 'Lcom/larus/im/internal/protocol/bean/Music$b;'
2048463	  Class descriptor  : 'Lcom/larus/im/internal/protocol/bean/Music;'
2049790	  Class descriptor  : 'Lcom/larus/im/internal/protocol/bean/MusicContent$a;'
2050167	  Class descriptor  : 'Lcom/larus/im/internal/protocol/bean/MusicContent$b;'
2050214	  Class descriptor  : 'Lcom/larus/im/internal/protocol/bean/MusicContent;'
2050697	  Class descriptor  : 'Lcom/larus/im/internal/protocol/bean/NewMessageBatchNotify$a;'
2051236	  Class descriptor  : 'Lcom/larus/im/internal/protocol/bean/NewMessageBatchNotify$b;'
2051283	  Class descriptor  : 'Lcom/larus/im/internal/protocol/bean/NewMessageBatchNotify;'
2052181	  Class descriptor  : 'Lcom/larus/im/internal/protocol/bean/NewMessageBatchNotifyItem$a;'
2052638	  Class descriptor  : 'Lcom/larus/im/internal/protocol/bean/NewMessageBatchNotifyItem$b;'
2052685	  Class descriptor  : 'Lcom/larus/im/internal/protocol/bean/NewMessageBatchNotifyItem;'
2053306	  Class descriptor  : 'Lcom/larus/im/internal/protocol/bean/NewMessageNotify$a;'
2053950	  Class descriptor  : 'Lcom/larus/im/internal/protocol/bean/NewMessageNotify$b;'
2053997	  Class descriptor  : 'Lcom/larus/im/internal/protocol/bean/NewMessageNotify;'
2055171	  Class descriptor  : 'Lcom/larus/im/internal/protocol/bean/Onboarding$a;'
2055846	  Class descriptor  : 'Lcom/larus/im/internal/protocol/bean/Onboarding$b;'
2055893	  Class descriptor  : 'Lcom/larus/im/internal/protocol/bean/Onboarding;'
2056987	  Class descriptor  : 'Lcom/larus/im/internal/protocol/bean/PageType$a;'
2057046	  Class descriptor  : 'Lcom/larus/im/internal/protocol/bean/PageType;'
2057487	  Class descriptor  : 'Lcom/larus/im/internal/protocol/bean/Participant$a;'
2058459	  Class descriptor  : 'Lcom/larus/im/internal/protocol/bean/Participant$b;'
2058506	  Class descriptor  : 'Lcom/larus/im/internal/protocol/bean/Participant;'
2060392	  Class descriptor  : 'Lcom/larus/im/internal/protocol/bean/ParticipantRole$a;'
2060451	  Class descriptor  : 'Lcom/larus/im/internal/protocol/bean/ParticipantRole;'
2060901	  Class descriptor  : 'Lcom/larus/im/internal/protocol/bean/ParticipantStatus$a;'
2060960	  Class descriptor  : 'Lcom/larus/im/internal/protocol/bean/ParticipantStatus;'
2061341	  Class descriptor  : 'Lcom/larus/im/internal/protocol/bean/PenaltyChangeType$a;'
2061400	  Class descriptor  : 'Lcom/larus/im/internal/protocol/bean/PenaltyChangeType;'
2061781	  Class descriptor  : 'Lcom/larus/im/internal/protocol/bean/PrivateStatus$a;'
2061840	  Class descriptor  : 'Lcom/larus/im/internal/protocol/bean/PrivateStatus;'
2062221	  Class descriptor  : 'Lcom/larus/im/internal/protocol/bean/PullCMDChainDownlinkBody$a;'
2062643	  Class descriptor  : 'Lcom/larus/im/internal/protocol/bean/PullCMDChainDownlinkBody$b;'
2062690	  Class descriptor  : 'Lcom/larus/im/internal/protocol/bean/PullCMDChainDownlinkBody;'
2063352	  Class descriptor  : 'Lcom/larus/im/internal/protocol/bean/PullSingleChainDownlinkBody$a;'
2064000	  Class descriptor  : 'Lcom/larus/im/internal/protocol/bean/PullSingleChainDownlinkBody$b;'
2064047	  Class descriptor  : 'Lcom/larus/im/internal/protocol/bean/PullSingleChainDownlinkBody;'
2065148	  Class descriptor  : 'Lcom/larus/im/internal/protocol/bean/PullSingleChainUplinkBody$a;'
2065785	  Class descriptor  : 'Lcom/larus/im/internal/protocol/bean/PullSingleChainUplinkBody$b;'
2065832	  Class descriptor  : 'Lcom/larus/im/internal/protocol/bean/PullSingleChainUplinkBody;'
2066987	  Class descriptor  : 'Lcom/larus/im/internal/protocol/bean/ReferenceInfo$a;'
2067645	  Class descriptor  : 'Lcom/larus/im/internal/protocol/bean/ReferenceInfo$b;'
2067692	  Class descriptor  : 'Lcom/larus/im/internal/protocol/bean/ReferenceInfo;'
2068737	  Class descriptor  : 'Lcom/larus/im/internal/protocol/bean/RegenMsgGroup$a;'
2069159	  Class descriptor  : 'Lcom/larus/im/internal/protocol/bean/RegenMsgGroup$b;'
2069206	  Class descriptor  : 'Lcom/larus/im/internal/protocol/bean/RegenMsgGroup;'
2069811	  Class descriptor  : 'Lcom/larus/im/internal/protocol/bean/RegenQuestionGroup$a;'
2070251	  Class descriptor  : 'Lcom/larus/im/internal/protocol/bean/RegenQuestionGroup$b;'
2070298	  Class descriptor  : 'Lcom/larus/im/internal/protocol/bean/RegenQuestionGroup;'
2070910	  Class descriptor  : 'Lcom/larus/im/internal/protocol/bean/RegenerateMsgUplinkBody$a;'
2072030	  Class descriptor  : 'Lcom/larus/im/internal/protocol/bean/RegenerateMsgUplinkBody$b;'
2072077	  Class descriptor  : 'Lcom/larus/im/internal/protocol/bean/RegenerateMsgUplinkBody;'
2074025	  Class descriptor  : 'Lcom/larus/im/internal/protocol/bean/ReplaceableInfoTag$a;'
2074508	  Class descriptor  : 'Lcom/larus/im/internal/protocol/bean/ReplaceableInfoTag$b;'
2074555	  Class descriptor  : 'Lcom/larus/im/internal/protocol/bean/ReplaceableInfoTag;'
2075279	  Class descriptor  : 'Lcom/larus/im/internal/protocol/bean/SceneType$a;'
2075338	  Class descriptor  : 'Lcom/larus/im/internal/protocol/bean/SceneType;'
2075689	  Class descriptor  : 'Lcom/larus/im/internal/protocol/bean/SendMessageAckDownlinkBody$a;'
2076744	  Class descriptor  : 'Lcom/larus/im/internal/protocol/bean/SendMessageAckDownlinkBody$b;'
2076791	  Class descriptor  : 'Lcom/larus/im/internal/protocol/bean/SendMessageAckDownlinkBody;'
2078532	  Class descriptor  : 'Lcom/larus/im/internal/protocol/bean/SendMessageListAckDownlinkBody$a;'
2079045	  Class descriptor  : 'Lcom/larus/im/internal/protocol/bean/SendMessageListAckDownlinkBody$b;'
2079092	  Class descriptor  : 'Lcom/larus/im/internal/protocol/bean/SendMessageListAckDownlinkBody;'
2079835	  Class descriptor  : 'Lcom/larus/im/internal/protocol/bean/SendMessageListUplinkBody$a;'
2080348	  Class descriptor  : 'Lcom/larus/im/internal/protocol/bean/SendMessageListUplinkBody$b;'
2080395	  Class descriptor  : 'Lcom/larus/im/internal/protocol/bean/SendMessageListUplinkBody;'
2081151	  Class descriptor  : 'Lcom/larus/im/internal/protocol/bean/SendMessageUplinkBody$a;'
2083763	  Class descriptor  : 'Lcom/larus/im/internal/protocol/bean/SendMessageUplinkBody$b;'
2083810	  Class descriptor  : 'Lcom/larus/im/internal/protocol/bean/SendMessageUplinkBody;'
2087964	  Class descriptor  : 'Lcom/larus/im/internal/protocol/bean/StatusCode$a;'
2088023	  Class descriptor  : 'Lcom/larus/im/internal/protocol/bean/StatusCode;'
2089015	  Class descriptor  : 'Lcom/larus/im/internal/protocol/bean/SubMessageV2Body$a;'
2089582	  Class descriptor  : 'Lcom/larus/im/internal/protocol/bean/SubMessageV2Body$b;'
2089629	  Class descriptor  : 'Lcom/larus/im/internal/protocol/bean/SubMessageV2Body;'
2090477	  Class descriptor  : 'Lcom/larus/im/internal/protocol/bean/SuggestQuestion$a;'
2090813	  Class descriptor  : 'Lcom/larus/im/internal/protocol/bean/SuggestQuestion$b;'
2090860	  Class descriptor  : 'Lcom/larus/im/internal/protocol/bean/SuggestQuestion;'
2091243	  Class descriptor  : 'Lcom/larus/im/internal/protocol/bean/SystemContent$a;'
2091683	  Class descriptor  : 'Lcom/larus/im/internal/protocol/bean/SystemContent$b;'
2091730	  Class descriptor  : 'Lcom/larus/im/internal/protocol/bean/SystemContent;'
2092342	  Class descriptor  : 'Lcom/larus/im/internal/protocol/bean/TagEnum$a;'
2092401	  Class descriptor  : 'Lcom/larus/im/internal/protocol/bean/TagEnum;'
2092812	  Class descriptor  : 'Lcom/larus/im/internal/protocol/bean/TextContent$a;'
2093252	  Class descriptor  : 'Lcom/larus/im/internal/protocol/bean/TextContent$b;'
2093299	  Class descriptor  : 'Lcom/larus/im/internal/protocol/bean/TextContent;'
2093911	  Class descriptor  : 'Lcom/larus/im/internal/protocol/bean/TextTagInfo$a;'
2094292	  Class descriptor  : 'Lcom/larus/im/internal/protocol/bean/TextTagInfo$b;'
2094339	  Class descriptor  : 'Lcom/larus/im/internal/protocol/bean/TextTagInfo;'
2094833	  Class descriptor  : 'Lcom/larus/im/internal/protocol/bean/TriggerBotType$a;'
2094892	  Class descriptor  : 'Lcom/larus/im/internal/protocol/bean/TriggerBotType;'
2095273	  Class descriptor  : 'Lcom/larus/im/internal/protocol/bean/UpdateConversationParticipantType$a;'
2095332	  Class descriptor  : 'Lcom/larus/im/internal/protocol/bean/UpdateConversationParticipantType;'
2095743	  Class descriptor  : 'Lcom/larus/im/internal/protocol/bean/UpdateMsgField$a;'
2095802	  Class descriptor  : 'Lcom/larus/im/internal/protocol/bean/UpdateMsgField;'
2096213	  Class descriptor  : 'Lcom/larus/im/internal/protocol/bean/UplinkBody$a;'
2097518	  Class descriptor  : 'Lcom/larus/im/internal/protocol/bean/UplinkBody$b;'
2097565	  Class descriptor  : 'Lcom/larus/im/internal/protocol/bean/UplinkBody;'
2099626	  Class descriptor  : 'Lcom/larus/im/internal/protocol/bean/UplinkMessage$a;'
2100210	  Class descriptor  : 'Lcom/larus/im/internal/protocol/bean/UplinkMessage$b;'
2100257	  Class descriptor  : 'Lcom/larus/im/internal/protocol/bean/UplinkMessage;'
2101166	  Class descriptor  : 'Lcom/larus/im/internal/protocol/bean/UplinkMessageChannel$a;'
2101225	  Class descriptor  : 'Lcom/larus/im/internal/protocol/bean/UplinkMessageChannel;'
2101636	  Class descriptor  : 'Lcom/larus/im/internal/protocol/bean/UrlContent$a;'
2101972	  Class descriptor  : 'Lcom/larus/im/internal/protocol/bean/UrlContent$b;'
2102019	  Class descriptor  : 'Lcom/larus/im/internal/protocol/bean/UrlContent;'
2102402	  Class descriptor  : 'Lcom/larus/im/internal/protocol/bean/UserBanNotify$a;'
2102434	  Class descriptor  : 'Lcom/larus/im/internal/protocol/bean/UserBanNotify;'
2102700	  Class descriptor  : 'Lcom/larus/im/internal/protocol/bean/UserLiteInfo$a;'
2103151	  Class descriptor  : 'Lcom/larus/im/internal/protocol/bean/UserLiteInfo$b;'
2103198	  Class descriptor  : 'Lcom/larus/im/internal/protocol/bean/UserLiteInfo;'
2103819	  Class descriptor  : 'Lcom/larus/im/internal/protocol/bean/UserPenaltyType$a;'
2103878	  Class descriptor  : 'Lcom/larus/im/internal/protocol/bean/UserPenaltyType;'
2104229	  Class descriptor  : 'Lcom/larus/im/internal/protocol/bean/UserType$a;'
2104288	  Class descriptor  : 'Lcom/larus/im/internal/protocol/bean/UserType;'
2104699	  Class descriptor  : 'Lcom/larus/im/internal/protocol/bean/Video$a;'
2105560	  Class descriptor  : 'Lcom/larus/im/internal/protocol/bean/Video$b;'
2105607	  Class descriptor  : 'Lcom/larus/im/internal/protocol/bean/Video;'
2107072	  Class descriptor  : 'Lcom/larus/im/internal/protocol/bean/VideoContent$a;'
2107449	  Class descriptor  : 'Lcom/larus/im/internal/protocol/bean/VideoContent$b;'
2107496	  Class descriptor  : 'Lcom/larus/im/internal/protocol/bean/VideoContent;'
2107979	  Class descriptor  : 'Lcom/larus/im/internal/protocol/bean/VoicePreview$a;'
2108502	  Class descriptor  : 'Lcom/larus/im/internal/protocol/bean/VoicePreview$b;'
2108549	  Class descriptor  : 'Lcom/larus/im/internal/protocol/bean/VoicePreview;'
2109303	  Class descriptor  : 'Lcom/larus/im/internal/protocol/bean/VoiceType$a;'
2110866	  Class descriptor  : 'Lcom/larus/im/internal/protocol/bean/VoiceType$b;'
2110913	  Class descriptor  : 'Lcom/larus/im/internal/protocol/bean/VoiceType;'
2113541	  Class descriptor  : 'Lcom/larus/im/internal/protocol/bean/a$a;'
2114028	  Class descriptor  : 'Lcom/larus/im/internal/protocol/bean/a$b;'
2114075	  Class descriptor  : 'Lcom/larus/im/internal/protocol/bean/a;'
2114357	  Class descriptor  : 'Lcom/larus/im/internal/protocol/bean/b$a;'
2114985	  Class descriptor  : 'Lcom/larus/im/internal/protocol/bean/b$b;'
2115032	  Class descriptor  : 'Lcom/larus/im/internal/protocol/bean/b;'
2115646	  Class descriptor  : 'Lcom/larus/im/internal/protocol/bean/c$a;'
2116216	  Class descriptor  : 'Lcom/larus/im/internal/protocol/bean/c$b;'
2116263	  Class descriptor  : 'Lcom/larus/im/internal/protocol/bean/c;'
2116550	  Class descriptor  : 'Lcom/larus/im/internal/protocol/model/AudioPreview$a;'
2117073	  Class descriptor  : 'Lcom/larus/im/internal/protocol/model/AudioPreview$b;'
2117120	  Class descriptor  : 'Lcom/larus/im/internal/protocol/model/AudioPreview;'
2118063	  Class descriptor  : 'Lcom/larus/im/internal/protocol/model/BatchBotListRequestBody$a;'
2118503	  Class descriptor  : 'Lcom/larus/im/internal/protocol/model/BatchBotListRequestBody$b;'
2118550	  Class descriptor  : 'Lcom/larus/im/internal/protocol/model/BatchBotListRequestBody;'
2119188	  Class descriptor  : 'Lcom/larus/im/internal/protocol/model/BotActionScene$a;'
2119628	  Class descriptor  : 'Lcom/larus/im/internal/protocol/model/BotActionScene$b;'
2119675	  Class descriptor  : 'Lcom/larus/im/internal/protocol/model/BotActionScene;'
2120292	  Class descriptor  : 'Lcom/larus/im/internal/protocol/model/BotBody$a;'
2124644	  Class descriptor  : 'Lcom/larus/im/internal/protocol/model/BotBody$b;'
2124691	  Class descriptor  : 'Lcom/larus/im/internal/protocol/model/BotBody;'
2138466	  Class descriptor  : 'Lcom/larus/im/internal/protocol/model/BotCommentInfo$a;'
2138979	  Class descriptor  : 'Lcom/larus/im/internal/protocol/model/BotCommentInfo$b;'
2139026	  Class descriptor  : 'Lcom/larus/im/internal/protocol/model/BotCommentInfo;'
2139847	  Class descriptor  : 'Lcom/larus/im/internal/protocol/model/BotCreateResultBody$a;'
2140183	  Class descriptor  : 'Lcom/larus/im/internal/protocol/model/BotCreateResultBody$b;'
2140230	  Class descriptor  : 'Lcom/larus/im/internal/protocol/model/BotCreateResultBody;'
2140513	  Class descriptor  : 'Lcom/larus/im/internal/protocol/model/BotLoadingConfig$a;'
2140849	  Class descriptor  : 'Lcom/larus/im/internal/protocol/model/BotLoadingConfig$b;'
2140896	  Class descriptor  : 'Lcom/larus/im/internal/protocol/model/BotLoadingConfig;'
2141306	  Class descriptor  : 'Lcom/larus/im/internal/protocol/model/CommonResponse$a;'
2141833	  Class descriptor  : 'Lcom/larus/im/internal/protocol/model/CommonResponse$b;'
2141892	  Class descriptor  : 'Lcom/larus/im/internal/protocol/model/CommonResponse;'
2142903	  Class descriptor  : 'Lcom/larus/im/internal/protocol/model/LikeInfo$a;'
2143432	  Class descriptor  : 'Lcom/larus/im/internal/protocol/model/LikeInfo$b;'
2143479	  Class descriptor  : 'Lcom/larus/im/internal/protocol/model/LikeInfo;'
2144421	  Class descriptor  : 'Lcom/larus/im/internal/protocol/model/a$a;'
2144972	  Class descriptor  : 'Lcom/larus/im/internal/protocol/model/a$b;'
2145019	  Class descriptor  : 'Lcom/larus/im/internal/protocol/model/a;'
2145598	  Class descriptor  : 'Lcom/larus/im/internal/q$a;'
2145609	  Class descriptor  : 'Lcom/larus/im/internal/q;'
2145971	  Class descriptor  : 'Lcom/larus/im/internal/r;'
2146023	  Class descriptor  : 'Lcom/larus/im/internal/research/DeepResourceChunkReceiver$dispatch$1;'
2146221	  Class descriptor  : 'Lcom/larus/im/internal/research/DeepResourceChunkReceiver$end$1;'
2146383	  Class descriptor  : 'Lcom/larus/im/internal/research/DeepResourceChunkReceiver$end$2;'
2146536	  Class descriptor  : 'Lcom/larus/im/internal/research/DeepResourceChunkReceiver$end$3;'
2146712	  Class descriptor  : 'Lcom/larus/im/internal/research/DeepResourceChunkReceiver;'
2148206	  Class descriptor  : 'Lcom/larus/im/internal/research/GetResourceProcessor$process$1;'
2149478	  Class descriptor  : 'Lcom/larus/im/internal/research/GetResourceProcessor$tryCallbackLocal$1;'
2149643	  Class descriptor  : 'Lcom/larus/im/internal/research/a;'
2149894	  Class descriptor  : 'Lcom/larus/im/internal/research/b;'
2150595	  Class descriptor  : 'Lcom/larus/im/internal/research/c;'
2150673	  Class descriptor  : 'Lcom/larus/im/internal/research/d$a;'
2150809	  Class descriptor  : 'Lcom/larus/im/internal/research/d;'
2150931	  Class descriptor  : 'Lcom/larus/im/internal/research/model/GetReportPodcastData$a;'
2151516	  Class descriptor  : 'Lcom/larus/im/internal/research/model/GetReportPodcastData$b;'
2151563	  Class descriptor  : 'Lcom/larus/im/internal/research/model/GetReportPodcastData;'
2152580	  Class descriptor  : 'Lcom/larus/im/internal/research/model/GetResourceBlockChunkUplink$a;'
2152979	  Class descriptor  : 'Lcom/larus/im/internal/research/model/GetResourceBlockChunkUplink$b;'
2153026	  Class descriptor  : 'Lcom/larus/im/internal/research/model/GetResourceBlockChunkUplink;'
2153565	  Class descriptor  : 'Lcom/larus/im/internal/research/model/GetResourceBlockShotOptions$a;'
2153901	  Class descriptor  : 'Lcom/larus/im/internal/research/model/GetResourceBlockShotOptions$b;'
2153948	  Class descriptor  : 'Lcom/larus/im/internal/research/model/GetResourceBlockShotOptions;'
2154358	  Class descriptor  : 'Lcom/larus/im/internal/research/model/GetResourceBlockShotResponse$a;'
2154967	  Class descriptor  : 'Lcom/larus/im/internal/research/model/GetResourceBlockShotResponse$b;'
2155014	  Class descriptor  : 'Lcom/larus/im/internal/research/model/GetResourceBlockShotResponse;'
2156031	  Class descriptor  : 'Lcom/larus/im/internal/research/model/ResourceBlockShotChunk$a;'
2156488	  Class descriptor  : 'Lcom/larus/im/internal/research/model/ResourceBlockShotChunk$b;'
2156535	  Class descriptor  : 'Lcom/larus/im/internal/research/model/ResourceBlockShotChunk;'
2157243	  Class descriptor  : 'Lcom/larus/im/internal/rtcsdk/MessageSendErrorCode;'
2157810	  Class descriptor  : 'Lcom/larus/im/internal/rtcsdk/MessageSendType;'
2158080	  Class descriptor  : 'Lcom/larus/im/internal/rtcsdk/impl/FlowRTCEngineManager$destroyEngine$1;'
2158364	  Class descriptor  : 'Lcom/larus/im/internal/rtcsdk/impl/FlowRTCRoomEventHandler$a;'
2158375	  Class descriptor  : 'Lcom/larus/im/internal/rtcsdk/impl/FlowRTCRoomEventHandler$onLeaveRoom$1;'
2158541	  Class descriptor  : 'Lcom/larus/im/internal/rtcsdk/impl/FlowRTCRoomEventHandler;'
2160677	  Class descriptor  : 'Lcom/larus/im/internal/rtcsdk/impl/FlowRTCRoomServiceImpl$a;'
2160688	  Class descriptor  : 'Lcom/larus/im/internal/rtcsdk/impl/FlowRTCRoomServiceImpl$leaveRoom$1;'
2160848	  Class descriptor  : 'Lnd9/s;'
2160919	  Class descriptor  : 'Lcom/larus/im/internal/rtcsdk/impl/FlowRTCRoomServiceImpl;'
2162304	  Class descriptor  : 'Lcom/larus/im/internal/rtcsdk/impl/FlowRTCServiceImpl$createRoom$service$1$1;'
2162407	  Class descriptor  : 'Lcom/larus/im/internal/rtcsdk/impl/FlowRTCServiceImpl$rtcScreenShareService$2$1;'
2162510	  Class descriptor  : 'Lcom/larus/im/internal/rtcsdk/impl/RTCAVPlayerState;'
2162724	  Class descriptor  : 'Lcom/larus/im/internal/rtcsdk/impl/a0;'
2162901	  Class descriptor  : 'Lcom/larus/im/internal/rtcsdk/impl/a1;'
2162979	  Class descriptor  : 'Lcom/larus/im/internal/rtcsdk/impl/a;'
2163291	  Class descriptor  : 'Lcom/larus/im/internal/rtcsdk/impl/b0;'
2163547	  Class descriptor  : 'Lcom/larus/im/internal/rtcsdk/impl/b1;'
2163607	  Class descriptor  : 'Lcom/larus/im/internal/rtcsdk/impl/b;'
2163844	  Class descriptor  : 'Lcom/larus/im/internal/rtcsdk/impl/c0$a;'
2163855	  Class descriptor  : 'Lnd9/t;'
2163896	  Class descriptor  : 'Lcom/larus/im/internal/rtcsdk/impl/c0;'
2164955	  Class descriptor  : 'Lcom/larus/im/internal/rtcsdk/impl/o1;'
2164978	  Class descriptor  : 'Lcom/larus/im/internal/rtcsdk/impl/c1;'
2165131	  Class descriptor  : 'Lcom/larus/im/internal/rtcsdk/impl/c;'
2165234	  Class descriptor  : 'Lcom/larus/im/internal/rtcsdk/impl/d0;'
2165294	  Class descriptor  : 'Lcom/larus/im/internal/rtcsdk/impl/s1;'
2165311	  Class descriptor  : 'Lcom/larus/im/internal/rtcsdk/impl/d1;'
2165650	  Class descriptor  : 'Lcom/larus/im/internal/rtcsdk/impl/d;'
2165715	  Class descriptor  : 'Lcom/larus/im/internal/rtcsdk/impl/e0;'
2165778	  Class descriptor  : 'Lcom/larus/im/internal/rtcsdk/impl/e1;'
2165833	  Class descriptor  : 'Lcom/larus/im/internal/rtcsdk/impl/e;'
2165957	  Class descriptor  : 'Lcom/larus/im/internal/rtcsdk/impl/f0;'
2166027	  Class descriptor  : 'Lcom/larus/im/internal/rtcsdk/impl/f1;'
2166087	  Class descriptor  : 'Lcom/larus/im/internal/rtcsdk/impl/f;'
2166265	  Class descriptor  : 'Lcom/larus/im/internal/rtcsdk/impl/g0;'
2166347	  Class descriptor  : 'Lcom/larus/im/internal/rtcsdk/impl/g1;'
2166523	  Class descriptor  : 'Lcom/larus/im/internal/rtcsdk/impl/g;'
2166585	  Class descriptor  : 'Lcom/larus/im/internal/rtcsdk/impl/h$a$a;'
2166641	  Class descriptor  : 'Lcom/larus/im/internal/rtcsdk/impl/h$a;'
2166934	  Class descriptor  : 'Lcom/larus/im/internal/rtcsdk/impl/h0;'
2167012	  Class descriptor  : 'Lcom/larus/im/internal/rtcsdk/impl/h1;'
2167152	  Class descriptor  : 'Lnd9/x;'
2167223	  Class descriptor  : 'Lcom/larus/im/internal/rtcsdk/impl/h;'
2171478	  Class descriptor  : 'Lcom/larus/im/internal/rtcsdk/impl/i0;'
2171527	  Class descriptor  : 'Lcom/larus/im/internal/rtcsdk/impl/i1;'
2171697	  Class descriptor  : 'Lcom/larus/im/internal/rtcsdk/impl/i;'
2171738	  Class descriptor  : 'Lcom/larus/im/internal/rtcsdk/impl/j0$a;'
2171749	  Class descriptor  : 'Lcom/larus/im/internal/rtcsdk/impl/j0$b;'
2173982	  Class descriptor  : 'Lnd9/u;'
2174086	  Class descriptor  : 'Lcom/larus/im/internal/rtcsdk/impl/j0;'
2176477	  Class descriptor  : 'Lcom/larus/im/internal/rtcsdk/impl/j1;'
2176602	  Class descriptor  : 'Lcom/larus/im/internal/rtcsdk/impl/j;'
2176676	  Class descriptor  : 'Lcom/larus/im/internal/rtcsdk/impl/k0;'
2176738	  Class descriptor  : 'Lcom/larus/im/internal/rtcsdk/impl/k1;'
2176871	  Class descriptor  : 'Lcom/larus/im/internal/rtcsdk/impl/k;'
2176941	  Class descriptor  : 'Lcom/larus/im/internal/rtcsdk/impl/l0;'
2177061	  Class descriptor  : 'Lcom/larus/im/internal/rtcsdk/impl/l1;'
2177247	  Class descriptor  : 'Lcom/larus/im/internal/rtcsdk/impl/l;'
2177347	  Class descriptor  : 'Lcom/larus/im/internal/rtcsdk/impl/m$a;'
2177616	  Class descriptor  : 'Lcom/larus/im/internal/rtcsdk/impl/m0;'
2177696	  Class descriptor  : 'Lcom/larus/im/internal/rtcsdk/impl/m1$a;'
2177707	  Class descriptor  : 'Lnd9/v;'
2177814	  Class descriptor  : 'Lcom/larus/im/internal/rtcsdk/impl/m1;'
2179820	  Class descriptor  : 'Lnd9/y;'
2179843	  Class descriptor  : 'Lcom/larus/im/internal/rtcsdk/impl/m;'
2181221	  Class descriptor  : 'Lcom/larus/im/internal/rtcsdk/impl/n$a;'
2181539	  Class descriptor  : 'Lcom/larus/im/internal/rtcsdk/impl/n0;'
2181605	  Class descriptor  : 'Lcom/larus/im/internal/rtcsdk/impl/n1;'
2181881	  Class descriptor  : 'Lnd9/p;'
2181910	  Class descriptor  : 'Lcom/larus/im/internal/rtcsdk/impl/n;'
2183142	  Class descriptor  : 'Lcom/larus/im/internal/rtcsdk/impl/o$a;'
2183153	  Class descriptor  : 'Lcom/larus/im/internal/rtcsdk/impl/o0;'
2183202	  Class descriptor  : 'Lcom/larus/im/internal/rtcsdk/impl/o;'
2184305	  Class descriptor  : 'Lcom/larus/im/internal/rtcsdk/impl/p0;'
2184429	  Class descriptor  : 'Lcom/larus/im/internal/rtcsdk/impl/p1;'
2184599	  Class descriptor  : 'Lcom/larus/im/internal/rtcsdk/impl/p;'
2184642	  Class descriptor  : 'Lcom/larus/im/internal/rtcsdk/impl/q0;'
2184748	  Class descriptor  : 'Lcom/larus/im/internal/rtcsdk/impl/q1;'
2185793	  Class descriptor  : 'Lcom/larus/im/internal/rtcsdk/impl/q;'
2185848	  Class descriptor  : 'Lcom/larus/im/internal/rtcsdk/impl/r0;'
2185897	  Class descriptor  : 'Lcom/larus/im/internal/rtcsdk/impl/r1$a;'
2185908	  Class descriptor  : 'Lcom/larus/im/internal/rtcsdk/impl/r1;'
2193430	  Class descriptor  : 'Lcom/larus/im/internal/rtcsdk/impl/r;'
2193485	  Class descriptor  : 'Lcom/larus/im/internal/rtcsdk/impl/s$a;'
2193496	  Class descriptor  : 'Lcom/larus/im/internal/rtcsdk/impl/s0;'
2193563	  Class descriptor  : 'Lcom/larus/im/internal/rtcsdk/impl/s1$a;'
2193599	  Class descriptor  : 'Lnd9/r;'
2193628	  Class descriptor  : 'Lcom/larus/im/internal/rtcsdk/impl/s;'
2195387	  Class descriptor  : 'Lcom/larus/im/internal/rtcsdk/impl/t0;'
2195447	  Class descriptor  : 'Lcom/larus/im/internal/rtcsdk/impl/t1;'
2195495	  Class descriptor  : 'Lcom/larus/im/internal/rtcsdk/impl/t;'
2195547	  Class descriptor  : 'Lcom/larus/im/internal/rtcsdk/impl/trace/FlowRTCAVPlayerTracer$a;'
2195558	  Class descriptor  : 'Lcom/larus/im/internal/rtcsdk/impl/trace/FlowRTCAVPlayerTracer$b$a;'
2196077	  Class descriptor  : 'Lcom/larus/im/internal/rtcsdk/impl/trace/FlowRTCAVPlayerTracer$b$b;'
2196124	  Class descriptor  : 'Lcom/larus/im/internal/rtcsdk/impl/trace/FlowRTCAVPlayerTracer$b;'
2196325	  Class descriptor  : 'Lcom/larus/im/internal/rtcsdk/impl/trace/FlowRTCAVPlayerTracer$c;'
2196465	  Class descriptor  : 'Lcom/larus/im/internal/rtcsdk/impl/trace/FlowRTCAVPlayerTracer$endTTSRound$1;'
2197692	  Class descriptor  : 'Lcom/larus/im/internal/rtcsdk/impl/trace/FlowRTCAVPlayerTracer;'
2197851	  Class descriptor  : 'Lcom/larus/im/internal/rtcsdk/impl/trace/b;'
2197910	  Class descriptor  : 'Lcom/larus/im/internal/rtcsdk/impl/trace/a;'
2198500	  Class descriptor  : 'Lcom/larus/im/internal/rtcsdk/impl/u0;'
2198606	  Class descriptor  : 'Lcom/larus/im/internal/rtcsdk/impl/u;'
2198765	  Class descriptor  : 'Lcom/larus/im/service/m;'
2198800	  Class descriptor  : 'Lcom/larus/im/internal/rtcsdk/impl/v$a;'
2199193	  Class descriptor  : 'Lcom/larus/im/internal/utils/g0;'
2199210	  Class descriptor  : 'Lcom/larus/im/internal/rtcsdk/impl/v$b;'
2199341	  Class descriptor  : 'Lcom/larus/im/internal/rtcsdk/impl/v0;'
2199385	  Class descriptor  : 'Lcom/larus/im/internal/rtcsdk/impl/v1$a;'
2199465	  Class descriptor  : 'Lcom/larus/im/internal/rtcsdk/impl/v1;'
2199693	  Class descriptor  : 'Lcom/larus/im/internal/rtcsdk/impl/v;'
2202452	  Class descriptor  : 'Lcom/larus/im/internal/rtcsdk/impl/w$a;'
2202463	  Class descriptor  : 'Lcom/larus/im/internal/rtcsdk/impl/w0;'
2202531	  Class descriptor  : 'Lcom/larus/im/internal/rtcsdk/impl/w1$a;'
2202542	  Class descriptor  : 'Lcom/larus/im/internal/rtcsdk/impl/w1;'
2202746	  Class descriptor  : 'Lcom/larus/im/internal/rtcsdk/impl/w;'
2203220	  Class descriptor  : 'Lcom/larus/im/internal/rtcsdk/impl/x0;'
2203264	  Class descriptor  : 'Lcom/larus/im/internal/rtcsdk/impl/x;'
2203477	  Class descriptor  : 'Lcom/larus/im/internal/rtcsdk/impl/y0;'
2203545	  Class descriptor  : 'Lcom/larus/im/internal/rtcsdk/impl/y;'
2203673	  Class descriptor  : 'Lcom/larus/im/internal/rtcsdk/impl/z0;'
2203751	  Class descriptor  : 'Lcom/larus/im/internal/rtcsdk/impl/z;'
2204068	  Class descriptor  : 'Lcom/larus/im/internal/rtcsdk/service/AudioEncodeType;'
2204260	  Class descriptor  : 'Lcom/larus/im/internal/rtcsdk/service/FlowRTCDataType$a;'
2204309	  Class descriptor  : 'Lcom/larus/im/internal/rtcsdk/service/FlowRTCDataType;'
2204346	  Class descriptor  : 'Lcom/larus/im/internal/rtcsdk/service/RTCAudioCaptureSource;'
2204566	  Class descriptor  : 'Lcom/larus/im/internal/rtcsdk/service/RTCServiceConnectionState$a;'
2204615	  Class descriptor  : 'Lcom/larus/im/internal/rtcsdk/service/RTCServiceConnectionState;'
2204684	  Class descriptor  : 'Lcom/larus/im/internal/s$a;'
2204876	  Class descriptor  : 'Lcom/larus/im/internal/s$b;'
2204976	  Class descriptor  : 'Lcom/larus/im/internal/s$c;'
2205084	  Class descriptor  : 'Lcom/larus/im/internal/s;'
2205443	  Class descriptor  : 'Lcom/larus/im/internal/stream/NewSsePendingHandler$a;'
2205460	  Class descriptor  : 'Lcom/larus/im/internal/stream/NewSsePendingHandler$b;'
2205590	  Class descriptor  : 'Lcom/larus/im/internal/stream/NewSsePendingHandler$c;'
2205668	  Class descriptor  : 'Lcom/larus/im/internal/stream/NewSsePendingHandler$d;'
2205816	  Class descriptor  : 'Lcom/larus/im/internal/stream/NewSsePendingHandler$globalSyncStreamObserver$1$onStreamEnd$1;'
2206035	  Class descriptor  : 'Lvd9/c;'
2206064	  Class descriptor  : 'Lcom/larus/im/internal/stream/NewSsePendingHandler$globalSyncStreamObserver$1;'
2206480	  Class descriptor  : 'Lcom/larus/im/internal/stream/NewSsePendingHandler$loop$1;'
2206775	  Class descriptor  : 'Lcom/larus/im/internal/stream/NewSsePendingHandler;'
2207632	  Class descriptor  : 'Lcom/larus/im/internal/stream/PendingHandler$a;'
2207768	  Class descriptor  : 'Lcom/larus/im/internal/stream/PendingHandler$globalStreamObserver$1$onStreamEnd$1$1;'
2207941	  Class descriptor  : 'Lcom/larus/im/internal/stream/PendingHandler$globalStreamObserver$1;'
2208674	  Class descriptor  : 'Lcom/larus/im/internal/stream/PendingHandler$handleCvsPendingMsg$1$1$1$a;'
2208757	  Class descriptor  : 'Lcom/larus/im/internal/stream/PendingHandler$handleCvsPendingMsg$1$1$1;'
2209319	  Class descriptor  : 'Lcom/larus/im/internal/stream/PendingHandler$handleCvsPendingMsg$1;'
2209511	  Class descriptor  : 'Lcom/larus/im/internal/stream/PendingHandler$isCurCvsMsgStreaming$1;'
2209587	  Class descriptor  : 'Lcom/larus/im/internal/stream/PendingHandler$isReceivedFirstPackage$1;'
2209673	  Class descriptor  : 'Lcom/larus/im/internal/stream/PendingHandler;'
2211084	  Class descriptor  : 'Lcom/larus/im/internal/stream/StreamChannel$cancel$2;'
2211672	  Class descriptor  : 'Lcom/larus/im/internal/stream/StreamChannel$interrupt$2;'
2211877	  Class descriptor  : 'Lcom/larus/im/internal/stream/StreamChannel$start$2;'
2212693	  Class descriptor  : 'Lcom/larus/im/internal/stream/StreamChannel;'
2212946	  Class descriptor  : 'Lcom/larus/im/internal/stream/StreamDispatcher$onStreamBegin$2;'
2213222	  Class descriptor  : 'Lcom/larus/im/internal/stream/StreamDispatcher$onStreamEnd$2;'
2213498	  Class descriptor  : 'Lcom/larus/im/internal/stream/StreamDispatcher$onStreamUpdate$2;'
2213774	  Class descriptor  : 'Lcom/larus/im/internal/stream/StreamDispatcher;'
2214809	  Class descriptor  : 'Lcom/larus/im/internal/stream/Typewriter$PerfScene;'
2215006	  Class descriptor  : 'Lcom/larus/im/internal/stream/Typewriter$TypewriterMode;'
2215248	  Class descriptor  : 'Lcom/larus/im/internal/stream/Typewriter$a;'
2215400	  Class descriptor  : 'Lcom/larus/im/internal/stream/Typewriter$b;'
2215564	  Class descriptor  : 'Lcom/larus/im/internal/stream/Typewriter$c;'
2215708	  Class descriptor  : 'Lcom/larus/im/internal/stream/Typewriter$loop$1;'
2215807	  Class descriptor  : 'Lcom/larus/im/internal/stream/Typewriter$start$2$1;'
2215980	  Class descriptor  : 'Lcom/larus/im/internal/stream/Typewriter$start$2;'
2217191	  Class descriptor  : 'Lcom/larus/im/internal/stream/Typewriter;'
2220515	  Class descriptor  : 'Lcom/larus/im/internal/stream/a;'
2220610	  Class descriptor  : 'Lcom/larus/im/internal/stream/b;'
2220952	  Class descriptor  : 'Lcom/larus/im/internal/stream/c;'
2221035	  Class descriptor  : 'Lcom/larus/im/internal/stream/d$a;'
2221147	  Class descriptor  : 'Lcom/larus/im/internal/stream/d;'
2225392	  Class descriptor  : 'Lcom/larus/im/internal/t;'
2225514	  Class descriptor  : 'Lcom/larus/im/internal/trace/legacy/RTCEstablishReportScene;'
2225815	  Class descriptor  : 'Lcom/larus/im/internal/trace/manager/definition/AVCommonError;'
2227973	  Class descriptor  : 'Lcom/larus/im/internal/trace/manager/definition/AVConditionType;'
2228249	  Class descriptor  : 'Lcom/larus/im/internal/trace/manager/definition/AVMediaDeviceError;'
2228630	  Class descriptor  : 'Lcom/larus/im/internal/trace/manager/definition/AVSessionState$a$a;'
2228714	  Class descriptor  : 'Lcom/larus/im/internal/trace/manager/definition/AVSessionState$a;'
2228746	  Class descriptor  : 'Lcom/larus/im/internal/trace/manager/definition/AVSessionState$b;'
2228844	  Class descriptor  : 'Lcom/larus/im/internal/trace/manager/definition/AVSessionState;'
2229543	  Class descriptor  : 'Lcom/larus/im/internal/trace/manager/definition/AVTraceModalType;'
2229785	  Class descriptor  : 'Lcom/larus/im/internal/trace/manager/definition/AVTraceStatus;'
2230049	  Class descriptor  : 'Lcom/larus/im/internal/trace/manager/definition/ConnectionErrorCode;'
2230484	  Class descriptor  : 'Lcom/larus/im/internal/trace/manager/definition/GetTokenType;'
2230784	  Class descriptor  : 'Lcom/larus/im/internal/trace/model/FlowAVConnectionPeriod;'
2230976	  Class descriptor  : 'Lcom/larus/im/internal/trace/stable/AVEventReporter$a;'
2231053	  Class descriptor  : 'Lcom/larus/im/internal/trace/stable/AVEventReporter$reportAudioEngineMetric$1;'
2231221	  Class descriptor  : 'Lcom/larus/im/internal/trace/stable/AVEventReporter$reportErrorEvent$1;'
2231383	  Class descriptor  : 'Lcom/larus/im/internal/trace/stable/AVEventReporter$reportQueryBegin$1;'
2231545	  Class descriptor  : 'Lcom/larus/im/internal/trace/stable/AVEventReporter$reportQueryEnd$1;'
2231707	  Class descriptor  : 'Lcom/larus/im/internal/trace/stable/AVEventReporter$reportQueryFirst$1;'
2231869	  Class descriptor  : 'Lcom/larus/im/internal/trace/stable/AVEventReporter$reportReplyEnd$1;'
2232031	  Class descriptor  : 'Lcom/larus/im/internal/trace/stable/AVEventReporter$reportSessionExitInner$1;'
2232384	  Class descriptor  : 'Lcom/larus/im/internal/trace/stable/AVEventReporter$reportSignalSendResultInner$1;'
2232546	  Class descriptor  : 'Lcom/larus/im/internal/trace/stable/AVEventReporter$tryReportFirstAudioInner$1;'
2232708	  Class descriptor  : 'Lcom/larus/im/internal/trace/stable/AVEventReporter$tryReportFirstAudioPlayInner$1;'
2232870	  Class descriptor  : 'Lcom/larus/im/internal/trace/stable/AVEventReporter$tryReportFirstText$1;'
2233032	  Class descriptor  : 'Lcom/larus/im/internal/trace/stable/AVEventReporter$tryReportVideoQualityOffset$1;'
2233194	  Class descriptor  : 'Lcom/larus/im/internal/trace/stable/AVEventReporter;'
2234374	  Class descriptor  : 'Lcom/larus/im/internal/trace/stable/FlowAVClockSync$startPingTask$1;'
2234569	  Class descriptor  : 'Lcom/larus/im/internal/trace/stable/FlowAVSessionStableTrace$InnerTraceMediaSessionListener$onRealStop$1;'
2234745	  Class descriptor  : 'Lcom/larus/im/internal/trace/stable/FlowAVSessionStableTrace$InnerTraceMediaSessionListener$tryLaunchTimeoutJob$1;'
2234970	  Class descriptor  : 'Lcom/larus/im/internal/trace/stable/FlowAVSessionStableTrace$InnerTraceMediaSessionListener;'
2237187	  Class descriptor  : 'Lcom/larus/im/internal/trace/stable/FlowAVSessionStableTrace$a;'
2237198	  Class descriptor  : 'Lcom/larus/im/internal/trace/stable/FlowAVSessionStableTrace$b;'
2237591	  Class descriptor  : 'Lcom/larus/im/internal/trace/stable/FlowAVSessionStableTrace$c;'
2237930	  Class descriptor  : 'Lcom/larus/im/internal/trace/stable/FlowAVSessionStableTrace$d;'
2238110	  Class descriptor  : 'Lzd9/a;'
2238175	  Class descriptor  : 'Lcom/larus/im/internal/trace/stable/FlowAVSessionStableTrace;'
2239382	  Class descriptor  : 'Lcom/larus/im/internal/trace/stable/FlowAVTraceTimer$a;'
2239471	  Class descriptor  : 'Lcom/larus/im/internal/trace/stable/FlowAVTraceTimer$launch$1;'
2239705	  Class descriptor  : 'Lcom/larus/im/internal/trace/stable/FlowAVTraceTimer;'
2239836	  Class descriptor  : 'Lcom/larus/im/internal/trace/stable/a;'
2241985	  Class descriptor  : 'Lcom/larus/im/internal/trace/stable/b;'
2242103	  Class descriptor  : 'Lcom/larus/im/internal/trace/stable/c;'
2242246	  Class descriptor  : 'Lcom/larus/im/internal/trace/stable/d;'
2242336	  Class descriptor  : 'Lcom/larus/im/internal/trace/stable/e;'
2242524	  Class descriptor  : 'Lcom/larus/im/internal/trace/stable/f;'
2242916	  Class descriptor  : 'Lcom/larus/im/internal/trace/stable/g;'
2243351	  Class descriptor  : 'Lcom/larus/im/internal/trace/stable/h;'
2243545	  Class descriptor  : 'Lcom/larus/im/internal/trace/stable/i;'
2243682	  Class descriptor  : 'Lcom/larus/im/internal/trace/stable/j;'
2244274	  Class descriptor  : 'Lcom/larus/im/internal/trace/stable/k;'
2244452	  Class descriptor  : 'Lcom/larus/im/internal/trace/stable/l;'
2244697	  Class descriptor  : 'Lcom/larus/im/internal/trace/stable/m;'
2244756	  Class descriptor  : 'Lcom/larus/im/internal/trace/stable/n$a;'
2244767	  Class descriptor  : 'Lcom/larus/im/internal/trace/stable/n;'
2244839	  Class descriptor  : 'Lcom/larus/im/internal/trace/stable/o;'
2244938	  Class descriptor  : 'Lcom/larus/im/internal/trace/stable/p;'
2245024	  Class descriptor  : 'Lcom/larus/im/internal/trace/stable/q;'
2245176	  Class descriptor  : 'Lcom/larus/im/internal/trace/stable/r;'
2245401	  Class descriptor  : 'Lcom/larus/im/internal/trace/stable/s;'
2245524	  Class descriptor  : 'Lcom/larus/im/internal/trace/stable/t;'
2245555	  Class descriptor  : 'Lcom/larus/im/internal/trace/stable/u;'
2245747	  Class descriptor  : 'Lcom/larus/im/internal/tracking/FlowImReceiveTracing$a;'
2245810	  Class descriptor  : 'Lcom/larus/im/internal/tracking/FlowImReceiveTracing$onReceiveReplyContentChunk$1;'
2245882	  Class descriptor  : 'Lcom/larus/im/internal/tracking/r;'
2246055	  Class descriptor  : 'Lcom/larus/im/internal/tracking/e;'
2246565	  Class descriptor  : 'Lcom/larus/im/internal/tracking/FlowImReceiveTracing;'
2252941	  Class descriptor  : 'Lcom/larus/im/internal/tracking/FlowImTracingProxy$messageReceiveSuggest$1;'
2253168	  Class descriptor  : 'Lcom/larus/im/internal/tracking/FlowImTracingProxy$onApiRequest$1;'
2253395	  Class descriptor  : 'Lcom/larus/im/internal/tracking/FlowImTracingProxy$onChunkCancel$1;'
2253574	  Class descriptor  : 'Lcom/larus/im/internal/tracking/FlowImTracingProxy$onChunkDataIntercept$1;'
2253753	  Class descriptor  : 'Lcom/larus/im/internal/tracking/FlowImTracingProxy$onChunkError$1;'
2253932	  Class descriptor  : 'Lcom/larus/im/internal/tracking/FlowImTracingProxy$onChunkInterrupt$1;'
2254111	  Class descriptor  : 'Lcom/larus/im/internal/tracking/FlowImTracingProxy$onChunkStart$1;'
2254290	  Class descriptor  : 'Lcom/larus/im/internal/tracking/FlowImTracingProxy$onChunkStreamDone$1;'
2254469	  Class descriptor  : 'Lcom/larus/im/internal/tracking/FlowImTracingProxy$onChunkTimeout$1;'
2254648	  Class descriptor  : 'Lcom/larus/im/internal/tracking/FlowImTracingProxy$onCmdChainReport$1;'
2254890	  Class descriptor  : 'Lcom/larus/im/internal/tracking/FlowImTracingProxy$onDBOperateException$1;'
2255069	  Class descriptor  : 'Lcom/larus/im/internal/tracking/FlowImTracingProxy$onLifeCycleChange$1;'
2255248	  Class descriptor  : 'Lcom/larus/im/internal/tracking/FlowImTracingProxy$onMessageSendEnd$1;'
2255436	  Class descriptor  : 'Lcom/larus/im/internal/tracking/FlowImTracingProxy$onMessageSendStart$1;'
2255615	  Class descriptor  : 'Lcom/larus/im/internal/tracking/FlowImTracingProxy$onReceiveAllCmd$1;'
2255794	  Class descriptor  : 'Lcom/larus/im/internal/tracking/FlowImTracingProxy$onReceiveMessage$1;'
2256021	  Class descriptor  : 'Lcom/larus/im/internal/tracking/FlowImTracingProxy$onReceiveMessageError$1;'
2256259	  Class descriptor  : 'Lcom/larus/im/internal/tracking/FlowImTracingProxy$onReceiveReplyContentChunk$2;'
2256491	  Class descriptor  : 'Lcom/larus/im/internal/tracking/FlowImTracingProxy$onServerLoading$1;'
2256670	  Class descriptor  : 'Lcom/larus/im/internal/tracking/FlowImTracingProxy$onShortLinkRequest$1;'
2256849	  Class descriptor  : 'Lcom/larus/im/internal/tracking/FlowImTracingProxy$onShortLinkResponse$1;'
2257065	  Class descriptor  : 'Lcom/larus/im/internal/tracking/FlowImTracingProxy$onSingleChainReport$1;'
2257281	  Class descriptor  : 'Lcom/larus/im/internal/tracking/FlowImTracingProxy$onUplinkMessageSendEnd$1;'
2257460	  Class descriptor  : 'Lcom/larus/im/internal/tracking/FlowImTracingProxy$onUplinkMessageSendStart$1;'
2257639	  Class descriptor  : 'Lcom/larus/im/internal/tracking/FlowImTracingProxy$onWsChannelReceive$1;'
2257827	  Class descriptor  : 'Lcom/larus/im/internal/tracking/FlowImTracingProxy$onWsChannelSend$1;'
2258015	  Class descriptor  : 'Lcom/larus/im/internal/tracking/FlowImTracingProxy$onWsConnectChange$1;'
2258194	  Class descriptor  : 'Lcom/larus/im/internal/tracking/FlowImTracingProxy;'
2259551	  Class descriptor  : 'Lcom/larus/im/internal/tracking/FlowServerLoadingTracing$reportServerLoading$1;'
2260082	  Class descriptor  : 'Lcom/larus/im/internal/tracking/MessageSuggestFrom;'
2260274	  Class descriptor  : 'Lcom/larus/im/internal/tracking/ReceiveMessageFrom;'
2260510	  Class descriptor  : 'Lcom/larus/im/internal/tracking/ResultStatus;'
2260768	  Class descriptor  : 'Lcom/larus/im/internal/tracking/TypeWriterRecorder$AbnormalBehavior;'
2261069	  Class descriptor  : 'Lcom/larus/im/internal/tracking/TypeWriterRecorder$PerfStage$a;'
2261200	  Class descriptor  : 'Lcom/larus/im/internal/tracking/TypeWriterRecorder$PerfStage;'
2261490	  Class descriptor  : 'Lcom/larus/im/internal/tracking/TypeWriterRecorder$a;'
2261670	  Class descriptor  : 'Lcom/larus/im/internal/tracking/TypeWriterRecorder$b;'
2261811	  Class descriptor  : 'Lcom/larus/im/internal/tracking/TypeWriterRecorder$c;'
2262031	  Class descriptor  : 'Lcom/larus/im/internal/tracking/TypeWriterRecorder$d;'
2262965	  Class descriptor  : 'Lcom/larus/im/internal/tracking/TypeWriterRecorder$e;'
2263115	  Class descriptor  : 'Lcom/larus/im/internal/tracking/TypeWriterRecorder$f;'
2263537	  Class descriptor  : 'Lcom/larus/im/internal/tracking/TypeWriterRecorder$g;'
2263593	  Class descriptor  : 'Lcom/larus/im/internal/tracking/TypeWriterRecorder;'
2268404	  Class descriptor  : 'Lcom/larus/im/internal/tracking/a0$a;'
2268415	  Class descriptor  : 'Lcom/larus/im/internal/tracking/a0;'
2268750	  Class descriptor  : 'Lcom/larus/im/internal/tracking/a;'
2269095	  Class descriptor  : 'Lcom/larus/im/internal/tracking/b;'
2269688	  Class descriptor  : 'Lcom/larus/im/internal/tracking/c;'
2271739	  Class descriptor  : 'Lcom/larus/im/internal/tracking/d;'
2271770	  Class descriptor  : 'Lcom/larus/im/internal/tracking/f;'
2272085	  Class descriptor  : 'Lcom/larus/im/internal/tracking/g$a;'
2272096	  Class descriptor  : 'Lcom/larus/im/internal/tracking/g;'
2273640	  Class descriptor  : 'Lcom/larus/im/internal/tracking/h;'
2273993	  Class descriptor  : 'Lcom/larus/im/internal/tracking/i;'
2275171	  Class descriptor  : 'Lcom/larus/im/internal/tracking/j;'
2275957	  Class descriptor  : 'Lcom/larus/im/internal/tracking/k;'
2276996	  Class descriptor  : 'Lcom/larus/im/internal/utils/LifecycleManager$a;'
2277013	  Class descriptor  : 'Lcom/larus/im/internal/tracking/l;'
2277066	  Class descriptor  : 'Lcom/larus/im/internal/tracking/m;'
2277215	  Class descriptor  : 'Lcom/larus/im/internal/tracking/n$a;'
2277362	  Class descriptor  : 'Lcom/larus/im/internal/tracking/n;'
2277806	  Class descriptor  : 'Lcom/larus/im/internal/tracking/network/NetworkTrackCenter$CoroutineTimeoutScheduler$schedule$job$1;'
2277992	  Class descriptor  : 'Lcom/larus/im/internal/tracking/network/NetworkTrackCenter$close$1;'
2278192	  Class descriptor  : 'Lcom/larus/im/internal/tracking/network/NetworkTrackCenter$consumeCommands$1;'
2278267	  Class descriptor  : 'Lcom/larus/im/internal/tracking/network/NetworkTrackCenter$consumerJob$1;'
2278440	  Class descriptor  : 'Lcom/larus/im/internal/tracking/network/NetworkTrackColdStartStep;'
2278654	  Class descriptor  : 'Lcom/larus/im/internal/tracking/network/NetworkTrackOutcome;'
2278890	  Class descriptor  : 'Lcom/larus/im/internal/tracking/network/NetworkTrackTransport;'
2279116	  Class descriptor  : 'Lcom/larus/im/internal/tracking/network/a0;'
2279436	  Class descriptor  : 'Lcom/larus/im/internal/tracking/network/q;'
2279453	  Class descriptor  : 'Lcom/larus/im/internal/tracking/network/a;'
2279558	  Class descriptor  : 'Lcom/larus/im/internal/tracking/network/b0;'
2279575	  Class descriptor  : 'Lcom/larus/im/internal/tracking/network/v;'
2279592	  Class descriptor  : 'Lcom/larus/im/internal/tracking/network/b;'
2279951	  Class descriptor  : 'Lcom/larus/im/internal/tracking/network/c0;'
2280022	  Class descriptor  : 'Lcom/larus/im/internal/tracking/network/c;'
2280569	  Class descriptor  : 'Lcom/larus/im/internal/tracking/network/d0$a;'
2280580	  Class descriptor  : 'Lcom/larus/im/internal/tracking/network/d0$b;'
2281116	  Class descriptor  : 'Lcom/larus/im/internal/tracking/network/d0;'
2282728	  Class descriptor  : 'Lcom/larus/im/internal/tracking/network/d;'
2282745	  Class descriptor  : 'Lcom/larus/im/internal/tracking/network/e0;'
2282911	  Class descriptor  : 'Lcom/larus/im/internal/tracking/network/e;'
2282989	  Class descriptor  : 'Lcom/larus/im/internal/tracking/network/u;'
2283000	  Class descriptor  : 'Lcom/larus/im/internal/tracking/network/f;'
2283028	  Class descriptor  : 'Lcom/larus/im/internal/tracking/network/r;'
2283039	  Class descriptor  : 'Lcom/larus/im/internal/tracking/network/g;'
2283067	  Class descriptor  : 'Lcom/larus/im/internal/tracking/network/h;'
2283164	  Class descriptor  : 'Lcom/larus/im/internal/tracking/network/i;'
2283337	  Class descriptor  : 'Lcom/larus/im/internal/tracking/network/p;'
2283354	  Class descriptor  : 'Lcom/larus/im/internal/tracking/network/j;'
2283484	  Class descriptor  : 'Lcom/larus/im/internal/tracking/network/k$a;'
2283710	  Class descriptor  : 'Lcom/larus/im/internal/tracking/network/k$b;'
2283721	  Class descriptor  : 'Lcom/larus/im/internal/tracking/network/k$b$a;'
2283795	  Class descriptor  : 'Lcom/larus/im/internal/tracking/network/k$b$b;'
2284019	  Class descriptor  : 'Lcom/larus/im/internal/tracking/network/k$b$c;'
2284132	  Class descriptor  : 'Lcom/larus/im/internal/tracking/network/k$b$d;'
2284249	  Class descriptor  : 'Lcom/larus/im/internal/tracking/network/k$b$e;'
2284362	  Class descriptor  : 'Lcom/larus/im/internal/tracking/network/k$b$f;'
2284535	  Class descriptor  : 'Lcom/larus/im/internal/tracking/network/k$b$g;'
2284678	  Class descriptor  : 'Lcom/larus/im/internal/tracking/network/k$b$h;'
2284851	  Class descriptor  : 'Lcom/larus/im/internal/tracking/network/k$b$i;'
2285017	  Class descriptor  : 'Lcom/larus/im/internal/tracking/network/k$c;'
2285133	  Class descriptor  : 'Lcom/larus/im/internal/tracking/network/k$d;'
2285240	  Class descriptor  : 'Lcom/larus/im/internal/tracking/network/k$e;'
2285595	  Class descriptor  : 'Lcom/larus/im/internal/tracking/network/k$f;'
2285743	  Class descriptor  : 'Lcom/larus/im/internal/tracking/network/k$g;'
2285792	  Class descriptor  : 'Lcom/larus/im/internal/tracking/network/k;'
2289143	  Class descriptor  : 'Lcom/larus/im/internal/tracking/network/l;'
2289573	  Class descriptor  : 'Lcom/larus/im/internal/tracking/network/m;'
2289642	  Class descriptor  : 'Lcom/larus/im/internal/tracking/network/n;'
2289802	  Class descriptor  : 'Lcom/larus/im/internal/tracking/network/o;'
2289858	  Class descriptor  : 'Lcom/larus/im/internal/tracking/network/s;'
2290137	  Class descriptor  : 'Lcom/larus/im/internal/tracking/network/t;'
2290196	  Class descriptor  : 'Lcom/larus/im/internal/tracking/network/w;'
2290369	  Class descriptor  : 'Lcom/larus/im/internal/tracking/network/x;'
2290638	  Class descriptor  : 'Lcom/larus/im/internal/tracking/network/y$a;'
2290649	  Class descriptor  : 'Lcom/larus/im/internal/tracking/network/y;'
2290973	  Class descriptor  : 'Lcom/larus/im/internal/tracking/network/z;'
2291148	  Class descriptor  : 'Lcom/larus/im/internal/tracking/o;'
2291224	  Class descriptor  : 'Lcom/larus/im/internal/tracking/p;'
2291300	  Class descriptor  : 'Lcom/larus/im/internal/tracking/q$a;'
2293046	  Class descriptor  : 'Lcom/larus/im/internal/tracking/q$b;'
2293093	  Class descriptor  : 'Lcom/larus/im/internal/tracking/q;'
2295847	  Class descriptor  : 'Lcom/larus/im/internal/tracking/s;'
2295915	  Class descriptor  : 'Lcom/larus/im/internal/tracking/t;'
2295970	  Class descriptor  : 'Lcom/larus/im/internal/tracking/u$a;'
2296939	  Class descriptor  : 'Lcom/larus/im/internal/tracking/u$b;'
2296986	  Class descriptor  : 'Lcom/larus/im/internal/tracking/u;'
2298333	  Class descriptor  : 'Lcom/larus/im/internal/tracking/v$a;'
2298477	  Class descriptor  : 'Lcom/larus/im/internal/tracking/v;'
2298759	  Class descriptor  : 'Lcom/larus/im/internal/tracking/w$a;'
2298846	  Class descriptor  : 'Lcom/larus/im/internal/tracking/w;'
2299334	  Class descriptor  : 'Lcom/larus/im/internal/tracking/x;'
2299394	  Class descriptor  : 'Lcom/larus/im/internal/tracking/y;'
2299454	  Class descriptor  : 'Lcom/larus/im/internal/tracking/z;'
2299516	  Class descriptor  : 'Lcom/larus/im/internal/u;'
2299568	  Class descriptor  : 'Lcom/larus/im/internal/utils/EnumIntTypeAdapter$a;'
2299579	  Class descriptor  : 'Lcom/larus/im/internal/utils/EnumIntTypeAdapter;'
2299695	  Class descriptor  : 'Lcom/larus/im/internal/utils/LifecycleManager;'
2299777	  Class descriptor  : 'Lcom/larus/im/internal/utils/MaxSizeHashMap$delegateMap$1;'
2300037	  Class descriptor  : 'Lcom/larus/im/internal/utils/RTCUtils$enqueueDidCacheWrite$1$1;'
2300367	  Class descriptor  : 'Lcom/larus/im/internal/utils/TimerUtils$a;'
2300456	  Class descriptor  : 'Lcom/larus/im/internal/utils/TimerUtils$launch$1;'
2300690	  Class descriptor  : 'Lcom/larus/im/internal/utils/TimerUtils;'
2300834	  Class descriptor  : 'Lcom/larus/im/internal/utils/a0;'
2300934	  Class descriptor  : 'Lcom/larus/im/internal/utils/a;'
2300965	  Class descriptor  : 'Lcom/larus/im/internal/utils/b0;'
2301051	  Class descriptor  : 'Lcom/larus/im/internal/utils/c$a;'
2301062	  Class descriptor  : 'Lcom/larus/im/internal/utils/c0;'
2301176	  Class descriptor  : 'Lcom/larus/im/internal/utils/c;'
2301911	  Class descriptor  : 'Lcom/larus/im/internal/utils/d0$a;'
2301922	  Class descriptor  : 'Lcom/larus/im/internal/utils/m;'
2301951	  Class descriptor  : 'Lcom/larus/im/internal/utils/d0;'
2302226	  Class descriptor  : 'Lcom/larus/im/internal/utils/d;'
2302347	  Class descriptor  : 'Lcom/larus/im/internal/utils/e0;'
2302429	  Class descriptor  : 'Lcom/larus/im/internal/utils/e;'
2302763	  Class descriptor  : 'Lcom/larus/im/internal/utils/f0;'
2302810	  Class descriptor  : 'Lcom/larus/im/internal/utils/f;'
2302935	  Class descriptor  : 'Lcom/larus/im/internal/utils/g;'
2303322	  Class descriptor  : 'Lcom/larus/im/internal/utils/h0;'
2303380	  Class descriptor  : 'Lcom/larus/im/internal/utils/h;'
2303516	  Class descriptor  : 'Lcom/larus/im/internal/utils/i$a;'
2303784	  Class descriptor  : 'Lcom/larus/im/internal/utils/i0;'
2303840	  Class descriptor  : 'Lcom/larus/im/internal/utils/i;'
2304101	  Class descriptor  : 'Lcom/larus/im/internal/utils/j0;'
2304445	  Class descriptor  : 'Lcom/larus/im/internal/utils/j;'
2304528	  Class descriptor  : 'Lcom/larus/im/internal/utils/k0;'
2304583	  Class descriptor  : 'Lcom/larus/im/internal/utils/k;'
2305366	  Class descriptor  : 'Lcom/larus/im/internal/utils/l0;'
2305713	  Class descriptor  : 'Lcom/larus/im/internal/utils/l;'
2306781	  Class descriptor  : 'Lcom/larus/im/internal/utils/n;'
2306998	  Class descriptor  : 'Lcom/larus/im/internal/utils/o;'
2307110	  Class descriptor  : 'Lcom/larus/im/internal/utils/p;'
2307141	  Class descriptor  : 'Lcom/larus/im/internal/utils/q;'
2307190	  Class descriptor  : 'Lcom/larus/im/internal/utils/r;'
2307221	  Class descriptor  : 'Lcom/larus/im/internal/utils/s;'
2307464	  Class descriptor  : 'Lcom/larus/im/internal/utils/u;'
2307575	  Class descriptor  : 'Lcom/larus/im/internal/utils/v$a$a;'
2307586	  Class descriptor  : 'Lcom/larus/im/internal/utils/v$a;'
2307746	  Class descriptor  : 'Lcom/larus/im/internal/utils/v;'
2308960	  Class descriptor  : 'Lcom/larus/im/internal/utils/w;'
2309012	  Class descriptor  : 'Lcom/larus/im/internal/utils/x;'
2309264	  Class descriptor  : 'Lcom/larus/im/internal/utils/y;'
2309307	  Class descriptor  : 'Lcom/larus/im/internal/utils/z;'
2309437	  Class descriptor  : 'Lcom/larus/im/internal/v;'
2309769	  Class descriptor  : 'Lcom/larus/im/internal/w;'
2309884	  Class descriptor  : 'Lcom/larus/im/network/FrontierConnection$tryWaitLastChannelClose$1$1$1;'
2310085	  Class descriptor  : 'Lcom/larus/im/network/FrontierConnection$tryWaitLastChannelClose$1;'
2310354	  Class descriptor  : 'Lcom/larus/im/network/FrontierMonitor$a;'
2310365	  Class descriptor  : 'Lcom/larus/im/network/FrontierMonitor$performLifeReport$2;'
2310524	  Class descriptor  : 'Lcom/larus/im/network/FrontierMonitor;'
2310792	  Class descriptor  : 'Lcom/larus/im/network/a;'
2310882	  Class descriptor  : 'Lcom/larus/im/network/b;'
2310942	  Class descriptor  : 'Lcom/larus/im/network/c;'
2311207	  Class descriptor  : 'Lcom/larus/im/network/d$a;'
2311218	  Class descriptor  : 'Lcom/larus/im/network/d$b;'
2311281	  Class descriptor  : 'Lcom/larus/im/network/d$c;'
2311364	  Class descriptor  : 'Lfe9/g;'
2311387	  Class descriptor  : 'Lcom/larus/im/network/d;'
2313135	  Class descriptor  : 'Lcom/larus/im/network/e;'
2313691	  Class descriptor  : 'Lcom/larus/im/network/f$a;'
2313702	  Class descriptor  : 'Lcom/larus/im/network/f;'
2316097	  Class descriptor  : 'Lcom/larus/im/observer/MessageListState$a;'
2316129	  Class descriptor  : 'Lcom/larus/im/observer/MessageListState;'
2316407	  Class descriptor  : 'Lcom/larus/im/service/AIJobObserver;'
2316430	  Class descriptor  : 'Lcom/larus/im/service/BotChangeType$a;'
2316462	  Class descriptor  : 'Lcom/larus/im/service/BotChangeType;'
2316718	  Class descriptor  : 'Lcom/larus/im/service/FlowRTCEnginePool$execTask$1;'
2316876	  Class descriptor  : 'Lcom/larus/im/service/FlowRTCEnginePoolObtainResult;'
2317118	  Class descriptor  : 'Lcom/larus/im/service/FlowRTCEnginePoolTracer$a;'
2317129	  Class descriptor  : 'Lcom/larus/im/service/FlowRTCEnginePoolTracer$traceEnginePool$1;'
2317291	  Class descriptor  : 'Lcom/larus/im/service/FlowRTCEnginePoolTracer;'
2317837	  Class descriptor  : 'Lcom/larus/im/service/IMessageService$RegenDirection;'
2318029	  Class descriptor  : 'Lcom/larus/im/service/IMessageService$a;'
2318145	  Class descriptor  : 'Lcom/larus/im/service/IMessageService$loadFullMessage$1;'
2318318	  Class descriptor  : 'Lcom/larus/im/service/ServerStreamConfig$a;'
2319178	  Class descriptor  : 'Lcom/larus/im/service/ServerStreamConfig$b;'
2319225	  Class descriptor  : 'Lcom/larus/im/service/ServerStreamConfig;'
2320873	  Class descriptor  : 'Lcom/larus/im/service/StreamSettings$TypewriterGradient$a;'
2321293	  Class descriptor  : 'Lcom/larus/im/service/StreamSettings$TypewriterGradient$b;'
2321340	  Class descriptor  : 'Lcom/larus/im/service/StreamSettings$TypewriterGradient;'
2322082	  Class descriptor  : 'Lcom/larus/im/service/StreamSettings;'
2322963	  Class descriptor  : 'Lcom/larus/im/service/a0$a;'
2322995	  Class descriptor  : 'Lcom/larus/im/service/a0;'
2323018	  Class descriptor  : 'Lcom/larus/im/service/a;'
2323282	  Class descriptor  : 'Lcom/larus/im/service/audio/AudioSessionType;'
2323548	  Class descriptor  : 'Lcom/larus/im/service/audio/AvAecOutputType$a;'
2323648	  Class descriptor  : 'Lcom/larus/im/service/audio/AvAecOutputType;'
2323904	  Class descriptor  : 'Lcom/larus/im/service/audio/AvAecType;'
2324168	  Class descriptor  : 'Lcom/larus/im/service/audio/AvAudioKitMode;'
2324444	  Class descriptor  : 'Lcom/larus/im/service/audio/AvConnectionType$a;'
2324476	  Class descriptor  : 'Lcom/larus/im/service/audio/AvConnectionType;'
2324710	  Class descriptor  : 'Lcom/larus/im/service/audio/DataType;'
2324902	  Class descriptor  : 'Lcom/larus/im/service/audio/ILLMVideoPixelFormat$a;'
2324934	  Class descriptor  : 'Lcom/larus/im/service/audio/ILLMVideoPixelFormat;'
2325168	  Class descriptor  : 'Lcom/larus/im/service/audio/ILLMVideoStreamIndex$a;'
2325200	  Class descriptor  : 'Lcom/larus/im/service/audio/ILLMVideoStreamIndex;'
2325458	  Class descriptor  : 'Lcom/larus/im/service/audio/MediaSession$a;'
2325469	  Class descriptor  : 'Lcom/larus/im/service/audio/MediaSession$b;'
2325518	  Class descriptor  : 'Lcom/larus/im/service/audio/MediaSession$c;'
2325654	  Class descriptor  : 'Lcom/larus/im/service/audio/MediaSession$d;'
2325909	  Class descriptor  : 'Lcom/larus/im/service/audio/MediaSession$onSessionConnected$1;'
2326082	  Class descriptor  : 'Lcom/larus/im/service/audio/ModalType;'
2326296	  Class descriptor  : 'Lcom/larus/im/service/audio/RemoteVideoStreamType$a;'
2326355	  Class descriptor  : 'Lcom/larus/im/service/audio/RemoteVideoStreamType;'
2326631	  Class descriptor  : 'Lcom/larus/im/service/audio/a0;'
2326680	  Class descriptor  : 'Lcom/larus/im/service/audio/a1$a;'
2327971	  Class descriptor  : 'Lcom/larus/im/service/audio/a1$b;'
2328018	  Class descriptor  : 'Lcom/larus/im/service/audio/a1;'
2328901	  Class descriptor  : 'Lcom/larus/im/service/audio/a;'
2328961	  Class descriptor  : 'Lcom/larus/im/service/audio/autotest/DataType;'
2329153	  Class descriptor  : 'Lcom/larus/im/service/audio/autotest/SaveEncodeType$a;'
2329185	  Class descriptor  : 'Lcom/larus/im/service/audio/autotest/SaveEncodeType;'
2329419	  Class descriptor  : 'Lcom/larus/im/service/audio/b0;'
2329468	  Class descriptor  : 'Lcom/larus/im/service/audio/b1;'
2329528	  Class descriptor  : 'Lcom/larus/im/service/audio/b;'
2329588	  Class descriptor  : 'Lcom/larus/im/service/audio/c$a;'
2330654	  Class descriptor  : 'Lcom/larus/im/service/audio/c$b;'
2330701	  Class descriptor  : 'Lcom/larus/im/service/audio/c0;'
2330750	  Class descriptor  : 'Lcom/larus/im/service/audio/c1;'
2330861	  Class descriptor  : 'Lcom/larus/im/service/audio/c;'
2331465	  Class descriptor  : 'Lcom/larus/im/service/audio/cmd/ReplyEndType;'
2331679	  Class descriptor  : 'Lcom/larus/im/service/audio/cmd/ReplyStage;'
2331893	  Class descriptor  : 'Lcom/larus/im/service/audio/cmd/ReplyType;'
2332107	  Class descriptor  : 'Lcom/larus/im/service/audio/cmd/TargetVideoSourceType;'
2332321	  Class descriptor  : 'Lcom/larus/im/service/audio/cmd/TriggerMode;'
2333993	  Class descriptor  : 'Lcom/larus/im/service/audio/d0;'
2334039	  Class descriptor  : 'Lcom/larus/im/service/audio/d1;'
2334337	  Class descriptor  : 'Lcom/larus/im/service/audio/d;'
2334354	  Class descriptor  : 'Lcom/larus/im/service/audio/e0;'
2334431	  Class descriptor  : 'Lcom/larus/im/service/audio/e;'
2334448	  Class descriptor  : 'Lcom/larus/im/service/audio/event/FileBizType;'
2334640	  Class descriptor  : 'Lcom/larus/im/service/audio/event/FlowLLMAiProactiveEvent$a;'
2334978	  Class descriptor  : 'Lcom/larus/im/service/audio/event/FlowLLMAiProactiveEvent$b;'
2335025	  Class descriptor  : 'Lcom/larus/im/service/audio/x0$a;'
2335036	  Class descriptor  : 'Lcom/larus/im/service/audio/event/FlowLLMAiProactiveEvent;'
2335332	  Class descriptor  : 'Lcom/larus/im/service/audio/f0;'
2335418	  Class descriptor  : 'Lcom/larus/im/service/audio/f;'
2335597	  Class descriptor  : 'Lcom/larus/im/service/audio/g0;'
2335659	  Class descriptor  : 'Lcom/larus/im/service/audio/g;'
2335815	  Class descriptor  : 'Lcom/larus/im/service/audio/h0;'
2335888	  Class descriptor  : 'Lcom/larus/im/service/audio/h;'
2336004	  Class descriptor  : 'Lcom/larus/im/service/audio/i0;'
2336053	  Class descriptor  : 'Lcom/larus/im/service/audio/i;'
2336169	  Class descriptor  : 'Lcom/larus/im/service/audio/j0;'
2336255	  Class descriptor  : 'Lcom/larus/im/service/audio/j;'
2336916	  Class descriptor  : 'Lcom/larus/im/service/audio/k0;'
2336993	  Class descriptor  : 'Lcom/larus/im/service/audio/kmp/FlowAVVideoBufferType;'
2337257	  Class descriptor  : 'Lcom/larus/im/service/audio/kmp/FlowAVVideoPixelFormat;'
2337527	  Class descriptor  : 'Lcom/larus/im/service/audio/l0;'
2337624	  Class descriptor  : 'Lcom/larus/im/service/audio/l;'
2337665	  Class descriptor  : 'Lcom/larus/im/service/audio/m0;'
2337742	  Class descriptor  : 'Lcom/larus/im/service/audio/m;'
2337777	  Class descriptor  : 'Lcom/larus/im/service/audio/n0;'
2337874	  Class descriptor  : 'Lcom/larus/im/service/audio/n;'
2337922	  Class descriptor  : 'Lcom/larus/im/service/audio/o0;'
2337999	  Class descriptor  : 'Lcom/larus/im/service/audio/o;'
2338070	  Class descriptor  : 'Lcom/larus/im/service/audio/p0;'
2338156	  Class descriptor  : 'Lcom/larus/im/service/audio/p;'
2338191	  Class descriptor  : 'Lcom/larus/im/service/audio/q0;'
2338253	  Class descriptor  : 'Lcom/larus/im/service/audio/q;'
2338270	  Class descriptor  : 'Lcom/larus/im/service/audio/r0;'
2338329	  Class descriptor  : 'Lcom/larus/im/service/audio/s0;'
2338408	  Class descriptor  : 'Lcom/larus/im/service/audio/t0;'
2338468	  Class descriptor  : 'Lcom/larus/im/service/audio/u0;'
2338523	  Class descriptor  : 'Lcom/larus/im/service/audio/u;'
2338540	  Class descriptor  : 'Lcom/larus/im/service/audio/v0$a;'
2340485	  Class descriptor  : 'Lcom/larus/im/service/audio/v0$b;'
2340532	  Class descriptor  : 'Lcom/larus/im/service/audio/v0;'
2341869	  Class descriptor  : 'Lcom/larus/im/service/audio/vlm/EncodedVideoCodecType;'
2342105	  Class descriptor  : 'Lcom/larus/im/service/audio/vlm/EncodedVideoFrameType;'
2342297	  Class descriptor  : 'Lcom/larus/im/service/audio/vlm/VideoFrameBufferType;'
2342489	  Class descriptor  : 'Lcom/larus/im/service/audio/w0;'
2342652	  Class descriptor  : 'Lcom/larus/im/service/audio/y;'
2342729	  Class descriptor  : 'Lcom/larus/im/service/audio/z0;'
2342783	  Class descriptor  : 'Lcom/larus/im/service/audio/z;'
2342832	  Class descriptor  : 'Lcom/larus/im/service/b0;'
2342849	  Class descriptor  : 'Lcom/larus/im/service/b;'
2343245	  Class descriptor  : 'Lcom/larus/im/service/c$a;'
2343256	  Class descriptor  : 'Lcom/larus/im/service/c0;'
2343273	  Class descriptor  : 'Lcom/larus/im/service/d$a;'
2343959	  Class descriptor  : 'Lcom/larus/im/service/d$b;'
2344006	  Class descriptor  : 'Lcom/larus/im/service/z;'
2344023	  Class descriptor  : 'Lcom/larus/im/service/d0;'
2344041	  Class descriptor  : 'Lcom/larus/im/service/d;'
2344385	  Class descriptor  : 'Lcom/larus/im/service/e0;'
2344402	  Class descriptor  : 'Lcom/larus/im/service/e;'
2344419	  Class descriptor  : 'Lcom/larus/im/service/f0;'
2344436	  Class descriptor  : 'Lcom/larus/im/service/f;'
2344546	  Class descriptor  : 'Lcom/larus/im/service/g$a;'
2344557	  Class descriptor  : 'Lcom/larus/im/service/g0;'
2344818	  Class descriptor  : 'Lcom/larus/im/service/g;'
2345017	  Class descriptor  : 'Lcom/larus/im/service/h0$a$a;'
2346050	  Class descriptor  : 'Lcom/larus/im/service/h0$a$b;'
2346097	  Class descriptor  : 'Lcom/larus/im/service/h0$a;'
2346354	  Class descriptor  : 'Lcom/larus/im/service/h0;'
2346385	  Class descriptor  : 'Lcom/larus/im/service/h;'
2346568	  Class descriptor  : 'Lcom/larus/im/service/i;'
2346624	  Class descriptor  : 'Lcom/larus/im/service/j;'
2347118	  Class descriptor  : 'Lcom/larus/im/service/k$a;'
2347129	  Class descriptor  : 'Lcom/larus/im/service/k$b;'
2347524	  Class descriptor  : 'Lcom/larus/im/service/k$c;'
2347613	  Class descriptor  : 'Lcom/larus/im/service/t;'
2347645	  Class descriptor  : 'Lcom/larus/im/service/k;'
2350215	  Class descriptor  : 'Lcom/larus/im/service/l;'
2350267	  Class descriptor  : 'Lcom/larus/im/service/n;'
2350453	  Class descriptor  : 'Lcom/larus/im/service/o$a;'
2350525	  Class descriptor  : 'Lcom/larus/im/service/r$a;'
2350825	  Class descriptor  : 'Lcom/larus/im/service/s$a;'
2350903	  Class descriptor  : 'Lcom/larus/im/service/t$a;'
2350974	  Class descriptor  : 'Lcom/larus/im/service/u;'
2351026	  Class descriptor  : 'Lcom/larus/im/service/v$a;'
2351131	  Class descriptor  : 'Lcom/larus/im/service/w;'
2351183	  Class descriptor  : 'Lcom/larus/im/service/x$a;'
2351288	  Class descriptor  : 'Lcom/larus/im/service/y;'
2351305	  Class descriptor  : 'Lcom/larus/im/trace/FrontierStatusMonitor$2$onAppBackground$1;'
2351514	  Class descriptor  : 'Lcom/larus/im/trace/FrontierStatusMonitor$2$onAppForeground$1$1;'
2351691	  Class descriptor  : 'Lcom/larus/im/trace/FrontierStatusMonitor$2$onAppForeground$1;'
2351874	  Class descriptor  : 'Lcom/larus/im/trace/FrontierStatusMonitor$2;'
2351999	  Class descriptor  : 'Lcom/larus/im/trace/FrontierStatusMonitor$a;'
2352162	  Class descriptor  : 'Lcom/larus/im/trace/FrontierStatusMonitor$loop$1;'
2352664	  Class descriptor  : 'Lcom/larus/im/trace/FrontierStatusMonitor$tryDisconnect$1;'
2352911	  Class descriptor  : 'Lcom/larus/im/trace/FrontierStatusMonitor;'
2353479	  Class descriptor  : 'Lcom/larus/im/trace/a;'
2353514	  Class descriptor  : 'Lcom/larus/im/trace/b;'
2353566	  Class descriptor  : 'Lcom/larus/im/ws/FlowWsConnectionState;'
2353824	  Class descriptor  : 'Lcom/larus/image/databinding/LarusAddCreationDialogBinding;'
2353909	  Class descriptor  : 'Lcom/larus/image/databinding/LarusImageDetailLayoutBinding;'
2354072	  Class descriptor  : 'Lcom/larus/image/databinding/LarusLayoutBigImageAibeautifyBinding;'
2354149	  Class descriptor  : 'Lcom/larus/image/databinding/LarusLayoutBigImageExtraBinding;'
2354177	  Class descriptor  : 'Lcom/larus/image/databinding/LarusLayoutBottomCreationEditAreaBinding;'
2354318	  Class descriptor  : 'Lcom/larus/image/databinding/LarusLayoutCommonDownLoadBinding;'
2354403	  Class descriptor  : 'Lcom/larus/image/databinding/LarusLayoutCommonTemplateBinding;'
2354480	  Class descriptor  : 'Lcom/larus/image/databinding/LarusLayoutCreationLoadingFgBinding;'
2354508	  Class descriptor  : 'Lcom/larus/image/databinding/LarusLayoutCreationSideBarBinding;'
2354577	  Class descriptor  : 'Lcom/larus/image/databinding/LarusLayoutDoraAblumBigImageExtraBinding;'
2354605	  Class descriptor  : 'Lcom/larus/image/databinding/LarusLayoutItemLeftEditAreaBinding;'
2354690	  Class descriptor  : 'Lcom/larus/image/loader/BaseExpireProcessor$isInDiskCache$2;'
2354938	  Class descriptor  : 'Lcom/larus/image/loader/BaseExpireProcessor$process$1;'
2355408	  Class descriptor  : 'Lcom/larus/image/loader/BaseExpireProcessor;'
2355860	  Class descriptor  : 'Lcom/larus/image/loader/DefaultRenewInterceptor$intercepterUrl$2;'
2356042	  Class descriptor  : 'Lcom/larus/image/loader/DefaultRenewInterceptor;'
2356372	  Class descriptor  : 'Lcom/larus/image/loader/ImageLoaderKt$a;'
2356436	  Class descriptor  : 'Lcom/larus/image/loader/ImageLoaderKt$b;'
2356583	  Class descriptor  : 'Lcom/larus/image/loader/ImageLoaderKt$buildImageRequest$1;'
2356645	  Class descriptor  : 'Lcom/larus/image/loader/b;'
2356662	  Class descriptor  : 'Lcom/larus/image/loader/ImageLoaderKt$c;'
2356835	  Class descriptor  : 'Lcom/larus/image/loader/ImageLoaderKt$fetchDecodedCloseableImage$1;'
2356915	  Class descriptor  : 'Lcom/larus/image/loader/ImageLoaderKt$fetchDecodedImage$1;'
2356995	  Class descriptor  : 'Lcom/larus/image/loader/ImageLoaderKt$fetchDecodedImage$2;'
2357247	  Class descriptor  : 'Lcom/larus/image/loader/ImageLoaderKt$fetchDecodedImageNewInstance$1;'
2357332	  Class descriptor  : 'Lcom/larus/image/loader/ImageLoaderKt$fetchDecodedImageNewInstance$2$1;'
2357562	  Class descriptor  : 'Lcom/larus/image/loader/ImageLoaderKt$fetchDecodedImageNewInstance$2;'
2357838	  Class descriptor  : 'Lcom/larus/image/loader/ImageLoaderKt$getImageUri$1;'
2357904	  Class descriptor  : 'Lcom/larus/image/loader/ImageLoaderKt$prefetchToBitmapCache$1;'
2357988	  Class descriptor  : 'Lcom/larus/image/loader/ImageLoaderKt$prefetchToDiskCache$1;'
2358072	  Class descriptor  : 'Lcom/larus/image/loader/ImageLoaderKt;'
2361610	  Class descriptor  : 'Lcom/larus/image/loader/ImageUrlProvider$a;'
2361658	  Class descriptor  : 'Lcom/larus/image/loader/ImageUrlProvider$getRenewUrl$1;'
2361734	  Class descriptor  : 'Lcom/larus/image/loader/ImageUrlProvider;'
2362730	  Class descriptor  : 'Lcom/larus/image/loader/ImageUrlStorage$add$1;'
2363001	  Class descriptor  : 'Lcom/larus/image/loader/ImageUrlStorage$addDirectly$1;'
2363169	  Class descriptor  : 'Lcom/larus/image/loader/ImageUrlStorage$checkPending$1;'
2363379	  Class descriptor  : 'Lcom/larus/image/loader/ImageUrlStorage$clear$1;'
2363602	  Class descriptor  : 'Lcom/larus/image/loader/ImageUrlStorage$clearAndWait$2;'
2363763	  Class descriptor  : 'Lcom/larus/image/loader/ImageUrlStorage$get$2;'
2364074	  Class descriptor  : 'Lcom/larus/image/loader/ImageUrlStorage$remove$1;'
2364313	  Class descriptor  : 'Lcom/larus/image/loader/ImageUrlStorage;'
2365146	  Class descriptor  : 'Lcom/larus/image/loader/ResourceUrlExpireHandleUtil$getRenewUrl$1;'
2365214	  Class descriptor  : 'Lcom/larus/image/loader/ResourceUrlExpireHandleUtil;'
2365751	  Class descriptor  : 'Lcom/larus/image/loader/a0;'
2365995	  Class descriptor  : 'Lcom/larus/image/loader/a;'
2366057	  Class descriptor  : 'Lcom/larus/image/loader/b0;'
2366973	  Class descriptor  : 'Lcom/larus/image/loader/c;'
2367082	  Class descriptor  : 'Lcom/larus/image/loader/d;'
2367130	  Class descriptor  : 'Lcom/larus/image/loader/e;'
2367293	  Class descriptor  : 'Lcom/larus/image/loader/f;'
2367478	  Class descriptor  : 'Lcom/larus/image/loader/g;'
2367567	  Class descriptor  : 'Lcom/larus/image/loader/h;'
2367622	  Class descriptor  : 'Lcom/larus/image/loader/i;'
2367765	  Class descriptor  : 'Lcom/larus/image/loader/j;'
2367921	  Class descriptor  : 'Lcom/larus/image/loader/k;'
2367972	  Class descriptor  : 'Lcom/larus/image/loader/l;'
2368141	  Class descriptor  : 'Lcom/larus/image/loader/m$a;'
2368152	  Class descriptor  : 'Lcom/larus/image/loader/m;'
2368661	  Class descriptor  : 'Lcom/larus/image/loader/n;'
2368715	  Class descriptor  : 'Lcom/larus/image/loader/o;'
2368807	  Class descriptor  : 'Lcom/larus/image/loader/p;'
2368915	  Class descriptor  : 'Lcom/larus/image/loader/q;'
2369005	  Class descriptor  : 'Lcom/larus/image/loader/s;'
2369075	  Class descriptor  : 'Lcom/larus/image/loader/t;'
2369138	  Class descriptor  : 'Lcom/larus/image/loader/u;'
2369205	  Class descriptor  : 'Lcom/larus/image/loader/v;'
2369279	  Class descriptor  : 'Lcom/larus/image/loader/w;'
2369612	  Class descriptor  : 'Lcom/larus/image/loader/x;'
2369827	  Class descriptor  : 'Lcom/larus/image/loader/y;'
2369962	  Class descriptor  : 'Lcom/larus/image/loader/z;'
2370026	  Class descriptor  : 'Lcom/larus/init/IAbTestInitiator;'
2370049	  Class descriptor  : 'Lcom/larus/init/IAppLogInitiator;'
2370066	  Class descriptor  : 'Lcom/larus/init/IImageInitiator;'
2370083	  Class descriptor  : 'Lcom/larus/init/task/AbTestInitiator$a;'
2370094	  Class descriptor  : 'Lcom/larus/init/task/AbTestInitiator$b;'
2370311	  Class descriptor  : 'Lcom/larus/init/task/AbTestInitiator$c;'
2370359	  Class descriptor  : 'Lcom/larus/init/task/AbTestInitiator$d;'
2370640	  Class descriptor  : 'Lcom/larus/init/task/AbTestInitiator$e;'
2370686	  Class descriptor  : 'Lcom/larus/init/task/AbTestInitiator;'
2371031	  Class descriptor  : 'Lcom/larus/init/task/AppLogInitiator;'
2371719	  Class descriptor  : 'Lcom/larus/init/task/ImageInitiator;'
2374082	  Class descriptor  : 'Lje9/i;'
2374118	  Class descriptor  : 'Lcom/larus/init/task/IniPreLoadWebProviderTask;'
2374399	  Class descriptor  : 'Lcom/larus/init/task/InitALogTask$a;'
2374480	  Class descriptor  : 'Lcom/larus/init/task/InitALogTask;'
2374854	  Class descriptor  : 'Lcom/larus/init/task/InitAbTestExposureTask$triggerGlobalExposure$1;'
2375068	  Class descriptor  : 'Lcom/larus/init/task/InitAbTestExposureTask;'
2375177	  Class descriptor  : 'Lcom/larus/init/task/InitAbTestSdkTask$a;'
2375188	  Class descriptor  : 'Lcom/larus/init/task/InitAbTestSdkTask;'
2375380	  Class descriptor  : 'Lcom/larus/init/task/InitAccessibilityAsyncTask$a;'
2375391	  Class descriptor  : 'Lcom/larus/init/task/InitAccessibilityAsyncTask;'
2375659	  Class descriptor  : 'Lcom/larus/init/task/InitAccountTask$a;'
2376165	  Class descriptor  : 'Lcom/larus/init/task/InitAccountTask$b;'
2376512	  Class descriptor  : 'Lcom/larus/init/task/InitAccountTask$c;'
2376777	  Class descriptor  : 'Lcom/larus/init/task/InitAccountTask$d;'
2377041	  Class descriptor  : 'Lcom/larus/init/task/InitAccountTask$e;'
2377423	  Class descriptor  : 'Lcom/larus/init/task/InitAccountTask;'
2377983	  Class descriptor  : 'Lcom/larus/init/task/InitApmTask;'
2378145	  Class descriptor  : 'Lcom/larus/init/task/InitAppLog$a;'
2378248	  Class descriptor  : 'Lcom/larus/init/task/InitAppLog;'
2378961	  Class descriptor  : 'Lcom/larus/init/task/InitAppsflyerAsync;'
2379272	  Class descriptor  : 'Lcom/larus/init/task/InitAudioAutotestService$a;'
2379283	  Class descriptor  : 'Lcom/larus/init/task/InitAudioAutotestService;'
2379556	  Class descriptor  : 'Lcom/larus/init/task/InitAzerothTask$a;'
2379645	  Class descriptor  : 'Lcom/larus/init/task/InitAzerothTask;'
2379837	  Class descriptor  : 'Lcom/larus/init/task/InitBTMTask;'
2379999	  Class descriptor  : 'Lcom/larus/init/task/InitCJPayTask;'
2380189	  Class descriptor  : 'Lcom/larus/init/task/InitCodeCovTask;'
2380379	  Class descriptor  : 'Lcom/larus/init/task/InitCommonVenuePocketPreloadTask$a;'
2380390	  Class descriptor  : 'Lcom/larus/init/task/InitCommonVenuePocketPreloadTask;'
2380776	  Class descriptor  : 'Lcom/larus/init/task/InitCommunityFetchTask;'
2380917	  Class descriptor  : 'Lcom/larus/init/task/InitComponentArchTask$a;'
2380928	  Class descriptor  : 'Lcom/larus/init/task/InitComponentArchTask$b;'
2381112	  Class descriptor  : 'Lcom/larus/init/task/InitComponentArchTask;'
2381505	  Class descriptor  : 'Lcom/larus/init/task/InitComposeResourceContextTask;'
2381658	  Class descriptor  : 'Lcom/larus/init/task/InitDarkModeTask;'
2381896	  Class descriptor  : 'Lcom/larus/init/task/InitDbxThemeTask;'
2382043	  Class descriptor  : 'Lcom/larus/init/task/InitDebugService;'
2382249	  Class descriptor  : 'Lcom/larus/init/task/InitDecorViewDebugTask$a;'
2382585	  Class descriptor  : 'Lcom/larus/init/task/InitDecorViewDebugTask;'
2382899	  Class descriptor  : 'Lcom/larus/init/task/InitDocSdkTask;'
2383273	  Class descriptor  : 'Lcom/larus/init/task/InitDoraImmediatelyTask$a;'
2383284	  Class descriptor  : 'Lcom/larus/init/task/InitDoraImmediatelyTask;'
2383684	  Class descriptor  : 'Lcom/larus/init/task/InitDoraTask$a;'
2383695	  Class descriptor  : 'Lcom/larus/init/task/InitDoraTask;'
2384245	  Class descriptor  : 'Lcom/larus/init/task/InitFileAccessMonitorTask$a;'
2384256	  Class descriptor  : 'Lcom/larus/init/task/InitFileAccessMonitorTask;'
2384460	  Class descriptor  : 'Lcom/larus/init/task/InitFlowClientExperimentTask$a;'
2384572	  Class descriptor  : 'Lcom/larus/init/task/InitFlowClientExperimentTask;'
2385658	  Class descriptor  : 'Lcom/larus/init/task/InitFlowIMSDKTask$a;'
2385669	  Class descriptor  : 'Lcom/larus/init/task/InitFlowIMSDKTask$b$a;'
2386946	  Class descriptor  : 'Lcom/larus/init/task/InitFlowIMSDKTask$b;'
2387087	  Class descriptor  : 'Lcom/larus/init/task/InitFlowIMSDKTask$c;'
2387135	  Class descriptor  : 'Lcom/larus/init/task/InitFlowIMSDKTask$d;'
2387354	  Class descriptor  : 'Lcom/larus/init/task/InitFlowIMSDKTask$e;'
2387498	  Class descriptor  : 'Lcom/larus/init/task/InitFlowIMSDKTask;'
2387979	  Class descriptor  : 'Lcom/larus/init/task/InitHonorThermalFeedShowTask;'
2388246	  Class descriptor  : 'Lcom/larus/init/task/InitHotPatchTask;'
2388408	  Class descriptor  : 'Lcom/larus/init/task/InitImDataPreloadManagerTask;'
2388556	  Class descriptor  : 'Lcom/larus/init/task/InitImageTask;'
2388718	  Class descriptor  : 'Lcom/larus/init/task/InitKmpLaunchTask;'
2388957	  Class descriptor  : 'Lcom/larus/init/task/InitKmpSpiTask;'
2389967	  Class descriptor  : 'Lcom/larus/init/task/InitLoadRemoteHotPatchTask$a;'
2390064	  Class descriptor  : 'Lcom/larus/init/task/InitLoadRemoteHotPatchTask;'
2390303	  Class descriptor  : 'Lcom/larus/init/task/InitLottieAdapterTask$a;'
2390314	  Class descriptor  : 'Lcom/larus/init/task/InitLottieAdapterTask;'
2390478	  Class descriptor  : 'Lcom/larus/init/task/InitLuckyDogTask$a;'
2390489	  Class descriptor  : 'Lcom/larus/init/task/InitLuckyDogTask;'
2390767	  Class descriptor  : 'Lcom/larus/init/task/InitMarkdownRenderWatcherTask;'
2391031	  Class descriptor  : 'Lcom/larus/init/task/InitMarkdownTask;'
2391273	  Class descriptor  : 'Lcom/larus/init/task/InitMinimizeBtmTask;'
2391435	  Class descriptor  : 'Lcom/larus/init/task/InitMsSdkServiceTask;'
2391606	  Class descriptor  : 'Lcom/larus/init/task/InitMultiTaskManagementTask;'
2391768	  Class descriptor  : 'Lcom/larus/init/task/InitMusicAppletTask$a;'
2391779	  Class descriptor  : 'Lcom/larus/init/task/InitMusicAppletTask;'
2391973	  Class descriptor  : 'Lcom/larus/init/task/InitNitaAsyncTask;'
2392590	  Class descriptor  : 'Lcom/larus/init/task/InitNpthAsyncTask;'
2392920	  Class descriptor  : 'Lcom/larus/init/task/InitNpthGwpAsanTask;'
2393171	  Class descriptor  : 'Lcom/larus/init/task/InitNpthLifecycleRecorderTask;'
2393478	  Class descriptor  : 'Lcom/larus/init/task/InitObservePollingConfigTask$a;'
2393489	  Class descriptor  : 'Lcom/larus/init/task/firstframe/m;'
2393501	  Class descriptor  : 'Lcom/larus/init/task/InitObservePollingConfigTask;'
2393683	  Class descriptor  : 'Lcom/larus/init/task/InitOfficeSdkLaunchTask$a;'
2393694	  Class descriptor  : 'Lcom/larus/init/task/InitOfficeSdkLaunchTask;'
2394210	  Class descriptor  : 'Lcom/larus/init/task/InitOfficeSdkOnFeedTask$a;'
2394221	  Class descriptor  : 'Lcom/larus/init/task/InitOfficeSdkOnFeedTask;'
2394569	  Class descriptor  : 'Lcom/larus/init/task/InitOfficeSdkTask$a;'
2394580	  Class descriptor  : 'Lcom/larus/init/task/InitOfficeSdkTask$b;'
2394682	  Class descriptor  : 'Lcom/larus/init/task/InitOfficeSdkTask$c;'
2394784	  Class descriptor  : 'Lcom/larus/init/task/InitOfficeSdkTask;'
2395424	  Class descriptor  : 'Lcom/larus/init/task/InitOthersTask;'
2395596	  Class descriptor  : 'Lcom/larus/init/task/InitPadTask;'
2395751	  Class descriptor  : 'Lcom/larus/init/task/InitPocketPreFreshTask$a;'
2395762	  Class descriptor  : 'Lcom/larus/init/task/InitPocketPreFreshTask;'
2396067	  Class descriptor  : 'Lcom/larus/init/task/InitPollingConfigTask;'
2396207	  Class descriptor  : 'Lcom/larus/init/task/InitPreInstallTask;'
2396427	  Class descriptor  : 'Lcom/larus/init/task/InitPreLaunchInfoTask;'
2396603	  Class descriptor  : 'Lcom/larus/init/task/InitPreloadLoginPageTask;'
2396735	  Class descriptor  : 'Lcom/larus/init/task/InitPushTask;'
2396955	  Class descriptor  : 'Lcom/larus/init/task/InitSettingsTask;'
2397235	  Class descriptor  : 'Lcom/larus/init/task/InitShareSdkAfterFeedTask;'
2397376	  Class descriptor  : 'Lcom/larus/init/task/InitShortVideoTask$a;'
2397387	  Class descriptor  : 'Lcom/larus/init/task/InitShortVideoTask;'
2397558	  Class descriptor  : 'Lcom/larus/init/task/InitSmartRouterTask$a;'
2397569	  Class descriptor  : 'Lcom/larus/init/task/InitSmartRouterTask;'
2398877	  Class descriptor  : 'Lcom/larus/init/task/InitStartLocationFeedShowTask;'
2399106	  Class descriptor  : 'Lcom/larus/init/task/InitStartPushFeedShowTask;'
2399268	  Class descriptor  : 'Lcom/larus/init/task/InitTTProtectorTask;'
2399409	  Class descriptor  : 'Lcom/larus/init/task/InitTTWebViewTask$a;'
2399420	  Class descriptor  : 'Lcom/larus/init/task/InitTTWebViewTask;'
2399646	  Class descriptor  : 'Lcom/larus/init/task/InitTimoKitAsyncTask;'
2399815	  Class descriptor  : 'Lcom/larus/init/task/InitTimonUpcTask;'
2399991	  Class descriptor  : 'Lcom/larus/init/task/InitTraceSpanTask$a;'
2400145	  Class descriptor  : 'Lcom/larus/init/task/InitTraceSpanTask$b;'
2400213	  Class descriptor  : 'Lcom/larus/init/task/InitTraceSpanTask;'
2400535	  Class descriptor  : 'Lcom/larus/init/task/InitTtnetTask$a;'
2400546	  Class descriptor  : 'Lcom/larus/init/task/InitTtnetTask$b;'
2400706	  Class descriptor  : 'Lcom/larus/init/task/InitTtnetTask;'
2401260	  Class descriptor  : 'Lcom/larus/init/task/InitVeSdkTask$a;'
2401271	  Class descriptor  : 'Lcom/larus/init/task/InitVeSdkTask$executeInit$1;'
2401578	  Class descriptor  : 'Lcom/larus/init/task/InitVeSdkTask;'
2401895	  Class descriptor  : 'Lcom/larus/init/task/InitWarmStartTask;'
2402053	  Class descriptor  : 'Lcom/larus/init/task/InitWebTask;'
2402264	  Class descriptor  : 'Lcom/larus/init/task/InitWebViewFixMainProcessTask;'
2402413	  Class descriptor  : 'Lcom/larus/init/task/InitWebViewFixOtherProcessTask;'
2402562	  Class descriptor  : 'Lcom/larus/init/task/InitWhiteListCheckerTask;'
2402730	  Class descriptor  : 'Lcom/larus/init/task/InitZLinkAfterFeedShowTask;'
2402892	  Class descriptor  : 'Lcom/larus/init/task/InitZlinkService;'
2403101	  Class descriptor  : 'Lcom/larus/init/task/QueuedWorkHelper$ProxyFinisher;'
2403350	  Class descriptor  : 'Lcom/larus/init/task/QueuedWorkHelper$a;'
2403361	  Class descriptor  : 'Lcom/larus/init/task/QueuedWorkHelper$b;'
2403975	  Class descriptor  : 'Lcom/larus/init/task/QueuedWorkHelper;'
2404660	  Class descriptor  : 'Lcom/larus/init/task/a0;'
2404839	  Class descriptor  : 'Lcom/larus/init/task/a;'
2404920	  Class descriptor  : 'Lcom/larus/init/task/accountsdk/FlowAccountSaasApi;'
2404949	  Class descriptor  : 'Lcom/larus/init/task/accountsdk/a$a;'
2404998	  Class descriptor  : 'Lcom/larus/init/task/accountsdk/a;'
2405990	  Class descriptor  : 'Lcom/larus/init/task/accountsdk/b;'
2406098	  Class descriptor  : 'Lcom/larus/init/task/accountsdk/c;'
2406268	  Class descriptor  : 'Lcom/larus/init/task/accountsdk/d$a;'
2406502	  Class descriptor  : 'Lcom/larus/init/task/accountsdk/d;'
2406642	  Class descriptor  : 'Lcom/larus/init/task/accountsdk/e;'
2406892	  Class descriptor  : 'Lcom/larus/init/task/accountsdk/f;'
2406968	  Class descriptor  : 'Lcom/larus/init/task/accountsdk/g;'
2407854	  Class descriptor  : 'Lcom/larus/init/task/accountsdk/h;'
2407962	  Class descriptor  : 'Lcom/larus/init/task/accountsdk/i;'
2408061	  Class descriptor  : 'Lcom/larus/init/task/accountsdk/j;'
2408144	  Class descriptor  : 'Lcom/larus/init/task/anr/AnrDispatchBoost$DelegateInternalHandler;'
2409345	  Class descriptor  : 'Lcom/larus/init/task/anr/AnrDispatchBoost;'
2409360	  Class descriptor  : 'Lcom/larus/init/task/anr/InitAnrOptTask$a;'
2409748	  Class descriptor  : 'Lcom/larus/init/task/anr/InitAnrOptTask;'
2410472	  Class descriptor  : 'Lcom/larus/init/task/anr/InitAnrTrackTask;'
2410773	  Class descriptor  : 'Lcom/larus/init/task/anr/InitColdBootSettingsUpdateTask;'
2410981	  Class descriptor  : 'Lcom/larus/init/task/anr/InitInputAnrOptTask$a;'
2410992	  Class descriptor  : 'Lcom/larus/init/task/anr/InitInputAnrOptTask;'
2411527	  Class descriptor  : 'Lcom/larus/init/task/anr/InitYoungGCOptTask;'
2412210	  Class descriptor  : 'Lcom/larus/init/task/anr/a;'
2412379	  Class descriptor  : 'Lcom/larus/init/task/anr/b;'
2412777	  Class descriptor  : 'Lcom/larus/init/task/anr/c;'
2412965	  Class descriptor  : 'Lcom/larus/init/task/anr/d;'
2413126	  Class descriptor  : 'Lcom/larus/init/task/anr/e;'
2413192	  Class descriptor  : 'Lcom/larus/init/task/anr/f;'
2413305	  Class descriptor  : 'Lcom/larus/init/task/b0;'
2413368	  Class descriptor  : 'Lcom/larus/init/task/b;'
2413567	  Class descriptor  : 'Lcom/larus/init/task/base/TaskDurationCollector$AppInitStage;'
2413831	  Class descriptor  : 'Lcom/larus/init/task/base/TaskDurationCollector$a;'
2413894	  Class descriptor  : 'Lcom/larus/init/task/base/TaskDurationCollector$b;'
2414036	  Class descriptor  : 'Lcom/larus/init/task/base/TaskDurationCollector;'
2414781	  Class descriptor  : 'Lcom/larus/init/task/base/a;'
2414983	  Class descriptor  : 'Lcom/larus/init/task/bootprotector/BootProtectorDependencyImpl;'
2415968	  Class descriptor  : 'Lcom/larus/init/task/bootprotector/InitBootProtectorBizCallbackTask;'
2416197	  Class descriptor  : 'Lcom/larus/init/task/bootprotector/InitBootProtectorCheckingTask;'
2416413	  Class descriptor  : 'Lcom/larus/init/task/bootprotector/InitUrgentCmdTask;'
2417048	  Class descriptor  : 'Lcom/larus/init/task/c0;'
2417111	  Class descriptor  : 'Lcom/larus/init/task/c;'
2417139	  Class descriptor  : 'Lcom/larus/init/task/d0;'
2417215	  Class descriptor  : 'Lcom/larus/init/task/d;'
2417243	  Class descriptor  : 'Lcom/larus/init/task/delay/InitByteSyncTask;'
2417405	  Class descriptor  : 'Lcom/larus/init/task/delay/InitECommerceDelayTask;'
2417704	  Class descriptor  : 'Lcom/larus/init/task/delay/InitInfraDelayTask$runDeferredAppletInit$1;'
2417858	  Class descriptor  : 'Lcom/larus/init/task/delay/InitInfraDelayTask;'
2418771	  Class descriptor  : 'Lcom/larus/init/task/delay/InitLoadPluginsInDelayTask;'
2418918	  Class descriptor  : 'Lcom/larus/init/task/delay/InitLocalLifeTask;'
2419142	  Class descriptor  : 'Lcom/larus/init/task/delay/InitPraiseDialogTask;'
2419304	  Class descriptor  : 'Lcom/larus/init/task/delay/InitRealtimeCallPreloadDelayTask$runInternal$1$1$1$a;'
2419514	  Class descriptor  : 'Lcom/larus/init/task/delay/InitRealtimeCallPreloadDelayTask$runInternal$1$1$1;'
2419771	  Class descriptor  : 'Lcom/larus/init/task/delay/InitRealtimeCallPreloadDelayTask;'
2420139	  Class descriptor  : 'Lcom/larus/init/task/delay/InitStoreDoraDataTask$a;'
2420150	  Class descriptor  : 'Lcom/larus/init/task/delay/InitStoreDoraDataTask;'
2421210	  Class descriptor  : 'Lcom/larus/init/task/delay/a;'
2421299	  Class descriptor  : 'Lcom/larus/init/task/delay/b;'
2421330	  Class descriptor  : 'Lcom/larus/init/task/e0;'
2421445	  Class descriptor  : 'Lcom/larus/init/task/e;'
2421559	  Class descriptor  : 'Lcom/larus/init/task/experiment/FlowClientExperimentSettingsRuntime$array$1;'
2421670	  Class descriptor  : 'Lcom/larus/init/task/experiment/FlowClientExperimentSettingsRuntime$bool$1;'
2421781	  Class descriptor  : 'Lcom/larus/init/task/experiment/FlowClientExperimentSettingsRuntime$dict$1;'
2421892	  Class descriptor  : 'Lcom/larus/init/task/experiment/FlowClientExperimentSettingsRuntime$double$1;'
2422003	  Class descriptor  : 'Lcom/larus/init/task/experiment/FlowClientExperimentSettingsRuntime$int$1;'
2422114	  Class descriptor  : 'Lcom/larus/init/task/experiment/FlowClientExperimentSettingsRuntime$long$1;'
2422225	  Class descriptor  : 'Lcom/larus/init/task/experiment/FlowClientExperimentSettingsRuntime$string$1;'
2422336	  Class descriptor  : 'Lcom/larus/init/task/experiment/FlowClientExperimentSettingsRuntime;'
2423379	  Class descriptor  : 'Lcom/larus/init/task/experiment/a;'
2423507	  Class descriptor  : 'Lcom/larus/init/task/f0;'
2423585	  Class descriptor  : 'Lcom/larus/init/task/f;'
2423645	  Class descriptor  : 'Lcom/larus/init/task/feed/InitAVLinkRtcTask$a;'
2423656	  Class descriptor  : 'Lcom/larus/init/task/feed/InitAVLinkRtcTask$requestAudioLaunchAndInitRtc$1$1;'
2423747	  Class descriptor  : 'Lcom/larus/init/task/feed/InitAVLinkRtcTask;'
2423968	  Class descriptor  : 'Lcom/larus/init/task/feed/InitAVLinkVeTask$a;'
2423979	  Class descriptor  : 'Lcom/larus/init/task/feed/InitAVLinkVeTask;'
2424217	  Class descriptor  : 'Lcom/larus/init/task/feed/InitAppDiskTask;'
2424580	  Class descriptor  : 'Lcom/larus/init/task/feed/InitBizPreloadTask$a;'
2424591	  Class descriptor  : 'Lcom/larus/init/task/feed/InitBizPreloadTask$preloadActionBarCacheAndImages$1;'
2424805	  Class descriptor  : 'Lcom/larus/init/task/feed/InitBizPreloadTask$preloadActionBarImages$1;'
2424893	  Class descriptor  : 'Lcom/larus/init/task/feed/InitBizPreloadTask;'
2425751	  Class descriptor  : 'Lcom/larus/init/task/feed/InitCasePreFetch;'
2425916	  Class descriptor  : 'Lcom/larus/init/task/feed/InitDelayRequestTask;'
2426367	  Class descriptor  : 'Lcom/larus/init/task/feed/InitDeviceFormFactorHeaderTask;'
2426883	  Class descriptor  : 'Lcom/larus/init/task/feed/InitECommerceFeedShowTask$a;'
2426966	  Class descriptor  : 'Lcom/larus/init/task/feed/InitECommerceFeedShowTask;'
2427278	  Class descriptor  : 'Lcom/larus/init/task/feed/InitEffectPlatformTask;'
2427494	  Class descriptor  : 'Lcom/larus/init/task/feed/InitInfraReportTask$a;'
2427505	  Class descriptor  : 'Lcom/larus/init/task/feed/InitInfraReportTask;'
2427784	  Class descriptor  : 'Lcom/larus/init/task/feed/InitLoadPluginsInFeedShowTask;'
2427931	  Class descriptor  : 'Lcom/larus/init/task/feed/InitPerfDegradeTriggerTask$a;'
2427942	  Class descriptor  : 'Lcom/larus/init/task/feed/InitPerfDegradeTriggerTask$b$a;'
2427998	  Class descriptor  : 'Lcom/larus/init/task/feed/InitPerfDegradeTriggerTask$b;'
2428029	  Class descriptor  : 'Lcom/larus/init/task/feed/InitPerfDegradeTriggerTask;'
2428403	  Class descriptor  : 'Lcom/larus/init/task/feed/InitPushBannerPullFeedShowTask$a;'
2428414	  Class descriptor  : 'Lcom/larus/init/task/feed/InitPushBannerPullFeedShowTask;'
2428774	  Class descriptor  : 'Lcom/larus/init/task/feed/InitReachFeedShowTask$a;'
2428785	  Class descriptor  : 'Lcom/larus/init/task/feed/InitReachFeedShowTask;'
2429034	  Class descriptor  : 'Lcom/larus/init/task/feed/InitSecurityAOPTask$a;'
2429045	  Class descriptor  : 'Lcom/larus/init/task/feed/InitSecurityAOPTask;'
2429243	  Class descriptor  : 'Lcom/larus/init/task/feed/a;'
2429335	  Class descriptor  : 'Lcom/larus/init/task/feed/b;'
2429407	  Class descriptor  : 'Lcom/larus/init/task/feed/c;'
2429479	  Class descriptor  : 'Lcom/larus/init/task/feed/d;'
2429599	  Class descriptor  : 'Lcom/larus/init/task/feed/e;'
2429666	  Class descriptor  : 'Lcom/larus/init/task/feed/f;'
2429886	  Class descriptor  : 'Lcom/larus/init/task/feed/g;'
2429956	  Class descriptor  : 'Lcom/larus/init/task/feed/h;'
2430008	  Class descriptor  : 'Lcom/larus/init/task/feed/i;'
2430118	  Class descriptor  : 'Lcom/larus/init/task/feed/j;'
2430704	  Class descriptor  : 'Lcom/larus/init/task/feed/k;'
2430914	  Class descriptor  : 'Lcom/larus/init/task/feed/l;'
2430986	  Class descriptor  : 'Lcom/larus/init/task/feed/m;'
2431056	  Class descriptor  : 'Lcom/larus/init/task/feed/n;'
2431738	  Class descriptor  : 'Lcom/larus/init/task/feed/o;'
2431819	  Class descriptor  : 'Lcom/larus/init/task/feed/p$a;'
2432027	  Class descriptor  : 'Lcom/larus/init/task/feed/p;'
2432080	  Class descriptor  : 'Lcom/larus/init/task/feed/q$a$a;'
2432129	  Class descriptor  : 'Lcom/larus/init/task/feed/q$a;'
2432478	  Class descriptor  : 'Lcom/larus/init/task/feed/q;'
2432550	  Class descriptor  : 'Lcom/larus/init/task/firstframe/FirstFrameTaskInfo;'
2432874	  Class descriptor  : 'Lcom/larus/init/task/firstframe/FirstFrameTaskPriority$a;'
2432923	  Class descriptor  : 'Lcom/larus/init/task/firstframe/FirstFrameTaskPriority;'
2432971	  Class descriptor  : 'Lcom/larus/init/task/firstframe/FirstFrameTaskThread$a;'
2433020	  Class descriptor  : 'Lcom/larus/init/task/firstframe/FirstFrameTaskThread;'
2433062	  Class descriptor  : 'Lcom/larus/init/task/firstframe/InitDouyinAuthHeartBeatTask$a;'
2433221	  Class descriptor  : 'Lcom/larus/init/task/firstframe/InitDouyinAuthHeartBeatTask;'
2433441	  Class descriptor  : 'Lcom/larus/init/task/firstframe/InitKmpBootFinishTask;'
2433663	  Class descriptor  : 'Lcom/larus/init/task/firstframe/InitLazyAccountRiskTask;'
2433793	  Class descriptor  : 'Lcom/larus/init/task/firstframe/InitLazyInitAudioTask$a;'
2433804	  Class descriptor  : 'Lcom/larus/init/task/firstframe/InitLazyInitAudioTask$observeSplitAudioLaunch$2;'
2434176	  Class descriptor  : 'Lcom/larus/init/task/firstframe/InitLazyInitAudioTask;'
2434860	  Class descriptor  : 'Lcom/larus/init/task/firstframe/InitLazyInitAutoPhoneLoginTask;'
2435204	  Class descriptor  : 'Lcom/larus/init/task/firstframe/InitLazyInitBrowserConfigTask;'
2435354	  Class descriptor  : 'Lcom/larus/init/task/firstframe/InitLazyLoadPluginsInFirstFrameTask;'
2435484	  Class descriptor  : 'Lcom/larus/init/task/firstframe/InitLazyMigrateLocalUserSettingsTask;'
2435608	  Class descriptor  : 'Lcom/larus/init/task/firstframe/InitLazyOnResumedTask$a;'
2435619	  Class descriptor  : 'Lvd9/e;'
2435642	  Class descriptor  : 'Lcom/larus/init/task/firstframe/InitLazyOnResumedTask$b;'
2435755	  Class descriptor  : 'Lcom/larus/init/task/firstframe/InitLazyOnResumedTask$tryInitLaunchInfoObserver$1$1;'
2436083	  Class descriptor  : 'Lcom/larus/init/task/firstframe/InitLazyOnResumedTask$updateRedBadge$1;'
2436456	  Class descriptor  : 'Lcom/larus/init/task/firstframe/InitLazyOnResumedTask;'
2436626	  Class descriptor  : 'Lcom/larus/init/task/firstframe/InitLazyReqAwemeFeedTask$a;'
2436637	  Class descriptor  : 'Lcom/larus/init/task/firstframe/InitLazyReqAwemeFeedTask$runInternal$1;'
2436823	  Class descriptor  : 'Lcom/larus/init/task/firstframe/InitLazyReqAwemeFeedTask;'
2437112	  Class descriptor  : 'Lcom/larus/init/task/firstframe/InitLazyStartIvyKitTask;'
2437325	  Class descriptor  : 'Lcom/larus/init/task/firstframe/InitLazyStartLaunchInfoTask$a;'
2437440	  Class descriptor  : 'Lcom/larus/init/task/firstframe/InitLazyStartLaunchInfoTask;'
2437618	  Class descriptor  : 'Lcom/larus/init/task/firstframe/InitLazyStartVideoTask;'
2437835	  Class descriptor  : 'Lcom/larus/init/task/firstframe/InitLazyVibrateTask;'
2437974	  Class descriptor  : 'Lcom/larus/init/task/firstframe/InitNexPulseDialogTask$a;'
2437985	  Class descriptor  : 'Lcom/larus/init/task/firstframe/InitNexPulseDialogTask;'
2438265	  Class descriptor  : 'Lcom/larus/init/task/firstframe/InitPrewarmAICreationAppletTask$a;'
2438276	  Class descriptor  : 'Lcom/larus/init/task/firstframe/InitPrewarmAICreationAppletTask;'
2438443	  Class descriptor  : 'Lcom/larus/init/task/firstframe/a0;'
2438535	  Class descriptor  : 'Lcom/larus/init/task/firstframe/a;'
2438653	  Class descriptor  : 'Lcom/larus/init/task/firstframe/b;'
2438731	  Class descriptor  : 'Lcom/larus/init/task/firstframe/c;'
2438788	  Class descriptor  : 'Lcom/larus/init/task/firstframe/d;'
2438845	  Class descriptor  : 'Lcom/larus/init/task/firstframe/e;'
2438901	  Class descriptor  : 'Lcom/larus/init/task/firstframe/f;'
2438951	  Class descriptor  : 'Lcom/larus/init/task/firstframe/g;'
2439356	  Class descriptor  : 'Lcom/larus/init/task/firstframe/h;'
2439422	  Class descriptor  : 'Lcom/larus/init/task/firstframe/i;'
2439488	  Class descriptor  : 'Lse9/i;'
2439693	  Class descriptor  : 'Lcom/larus/init/task/firstframe/j;'
2439783	  Class descriptor  : 'Lcom/larus/init/task/firstframe/jato/InitJatoTask;'
2439932	  Class descriptor  : 'Lcom/larus/init/task/firstframe/jato/a$a;'
2440017	  Class descriptor  : 'Lcom/larus/init/task/firstframe/jato/a;'
2441246	  Class descriptor  : 'Lcom/larus/init/task/firstframe/k;'
2441348	  Class descriptor  : 'Lcom/larus/init/task/firstframe/l;'
2441585	  Class descriptor  : 'Lcom/larus/init/task/firstframe/n;'
2441658	  Class descriptor  : 'Lcom/larus/init/task/firstframe/o;'
2441778	  Class descriptor  : 'Lcom/larus/init/task/firstframe/p;'
2441843	  Class descriptor  : 'Lcom/larus/init/task/firstframe/q;'
2442028	  Class descriptor  : 'Lcom/larus/init/task/firstframe/r;'
2442167	  Class descriptor  : 'Lcom/larus/init/task/firstframe/s;'
2442251	  Class descriptor  : 'Lcom/larus/ivykit/plugin/a;'
2442268	  Class descriptor  : 'Lcom/larus/init/task/firstframe/t;'
2442370	  Class descriptor  : 'Lcom/larus/init/task/firstframe/u;'
2442469	  Class descriptor  : 'Lcom/larus/init/task/firstframe/v;'
2442568	  Class descriptor  : 'Lcom/larus/init/task/firstframe/w;'
2442643	  Class descriptor  : 'Lcom/larus/init/task/firstframe/x;'
2443011	  Class descriptor  : 'Lcom/larus/init/task/firstframe/y;'
2443113	  Class descriptor  : 'Lcom/larus/init/task/firstframe/z;'
2443197	  Class descriptor  : 'Lcom/larus/init/task/g0$a;'
2443282	  Class descriptor  : 'Lcom/larus/init/task/g0$b;'
2443778	  Class descriptor  : 'Lcom/larus/init/task/g0;'
2444021	  Class descriptor  : 'Lcom/larus/init/task/g;'
2444081	  Class descriptor  : 'Lcom/larus/init/task/h0;'
2444133	  Class descriptor  : 'Lcom/larus/init/task/h;'
2444193	  Class descriptor  : 'Lcom/larus/init/task/heapexpand/InitHeapExpandOptTask$a;'
2444204	  Class descriptor  : 'Lcom/larus/init/task/heapexpand/InitHeapExpandOptTask;'
2446010	  Class descriptor  : 'Lcom/larus/init/task/i0;'
2446458	  Class descriptor  : 'Lcom/larus/init/task/i;'
2446518	  Class descriptor  : 'Lcom/larus/init/task/idle/InitIvyKitInitializerIdleTask;'
2446683	  Class descriptor  : 'Lcom/larus/init/task/idle/InitLoadPluginsInIdleTask;'
2446850	  Class descriptor  : 'Lcom/larus/init/task/idle/InitOfficeSdkIdleTask$a;'
2446861	  Class descriptor  : 'Lcom/larus/init/task/idle/InitOfficeSdkIdleTask$b;'
2446950	  Class descriptor  : 'Lcom/larus/init/task/idle/InitOfficeSdkIdleTask;'
2447267	  Class descriptor  : 'Lcom/larus/init/task/imsdk/IApi$a;'
2447405	  Class descriptor  : 'Lcom/larus/init/task/imsdk/IApi$b;'
2447574	  Class descriptor  : 'Lcom/larus/init/task/imsdk/IApi;'
2447642	  Class descriptor  : 'Lcom/larus/init/task/imsdk/InitMoltenFlowTask;'
2447834	  Class descriptor  : 'Lcom/larus/init/task/imsdk/NetworkDependImpl$1;'
2448085	  Class descriptor  : 'Lcom/larus/init/task/imsdk/NetworkDependImpl$a;'
2448200	  Class descriptor  : 'Lcom/larus/init/task/imsdk/NetworkDependImpl$initBackgroundListener$1$onAppBackground$1;'
2448452	  Class descriptor  : 'Lcom/larus/init/task/imsdk/NetworkDependImpl$initBackgroundListener$1;'
2448880	  Class descriptor  : 'Lcom/larus/init/task/imsdk/NetworkDependImpl;'
2449732	  Class descriptor  : 'Lcom/larus/init/task/imsdk/a$a;'
2449781	  Class descriptor  : 'Lcom/larus/init/task/imsdk/a0;'
2450008	  Class descriptor  : 'Lcom/larus/init/task/imsdk/a;'
2450135	  Class descriptor  : 'Lcom/larus/init/task/imsdk/b0;'
2450287	  Class descriptor  : 'Lcom/larus/init/task/imsdk/b;'
2450393	  Class descriptor  : 'Lcom/larus/init/task/imsdk/c0;'
2450479	  Class descriptor  : 'Lcom/larus/init/task/imsdk/c;'
2450900	  Class descriptor  : 'Lcom/larus/init/task/imsdk/d0;'
2450986	  Class descriptor  : 'Lcom/larus/init/task/imsdk/d;'
2451122	  Class descriptor  : 'Lcom/larus/init/task/imsdk/e0;'
2451191	  Class descriptor  : 'Lcom/larus/init/task/imsdk/e;'
2451587	  Class descriptor  : 'Lcom/larus/init/task/imsdk/f0;'
2451639	  Class descriptor  : 'Lcom/larus/init/task/imsdk/f;'
2451738	  Class descriptor  : 'Lcom/larus/init/task/imsdk/g$a;'
2451846	  Class descriptor  : 'Lcom/larus/init/task/imsdk/g0;'
2451960	  Class descriptor  : 'Lcom/larus/init/task/imsdk/g;'
2453333	  Class descriptor  : 'Lcom/larus/init/task/imsdk/h0;'
2453394	  Class descriptor  : 'Lcom/larus/init/task/imsdk/h;'
2453825	  Class descriptor  : 'Lcom/larus/init/task/imsdk/i0;'
2453953	  Class descriptor  : 'Lcom/larus/init/task/imsdk/i;'
2454080	  Class descriptor  : 'Lcom/larus/init/task/imsdk/j$a;'
2454169	  Class descriptor  : 'Lcom/larus/init/task/imsdk/j$b;'
2454286	  Class descriptor  : 'Lcom/larus/init/task/imsdk/j0$a;'
2454318	  Class descriptor  : 'Lcom/larus/init/task/imsdk/j0$b$a;'
2454329	  Class descriptor  : 'Lcom/larus/init/task/imsdk/j0$b;'
2454503	  Class descriptor  : 'Lcom/larus/init/task/imsdk/j0;'
2459255	  Class descriptor  : 'Lcom/larus/init/task/imsdk/j;'
2459847	  Class descriptor  : 'Lcom/larus/init/task/imsdk/k0;'
2461647	  Class descriptor  : 'Lcom/larus/init/task/imsdk/k;'
2461708	  Class descriptor  : 'Lcom/larus/init/task/imsdk/l0;'
2462337	  Class descriptor  : 'Lcom/larus/init/task/imsdk/l;'
2462398	  Class descriptor  : 'Lcom/larus/init/task/imsdk/m0;'
2462481	  Class descriptor  : 'Lcom/larus/init/task/imsdk/m;'
2463565	  Class descriptor  : 'Lcom/larus/init/task/imsdk/n0;'
2463893	  Class descriptor  : 'Lcom/larus/init/task/imsdk/n;'
2463980	  Class descriptor  : 'Lfe9/h;'
2463997	  Class descriptor  : 'Lcom/larus/init/task/imsdk/o0;'
2464247	  Class descriptor  : 'Lcom/larus/init/task/imsdk/o;'
2464306	  Class descriptor  : 'Lcom/larus/init/task/imsdk/p0;'
2464369	  Class descriptor  : 'Lcom/larus/init/task/imsdk/p;'
2464616	  Class descriptor  : 'Lcom/larus/init/task/imsdk/q0;'
2464692	  Class descriptor  : 'Lcom/larus/init/task/imsdk/q;'
2464975	  Class descriptor  : 'Lcom/larus/init/task/imsdk/r$a$a;'
2464986	  Class descriptor  : 'Lcom/larus/init/task/imsdk/r$a;'
2465178	  Class descriptor  : 'Lcom/larus/init/task/imsdk/r$b;'
2465419	  Class descriptor  : 'Lvd9/a;'
2465436	  Class descriptor  : 'Lcom/larus/init/task/imsdk/r$c;'
2466195	  Class descriptor  : 'Lfe9/d;'
2466224	  Class descriptor  : 'Lcom/larus/init/task/imsdk/r0;'
2466471	  Class descriptor  : 'Lcom/larus/init/task/imsdk/r;'
2466823	  Class descriptor  : 'Lcom/larus/init/task/imsdk/s;'
2466995	  Class descriptor  : 'Lcom/larus/init/task/imsdk/t;'
2467077	  Class descriptor  : 'Lcom/larus/init/task/imsdk/u;'
2467159	  Class descriptor  : 'Lcom/larus/init/task/imsdk/v;'
2467235	  Class descriptor  : 'Lcom/larus/init/task/imsdk/w;'
2467317	  Class descriptor  : 'Lcom/larus/init/task/imsdk/x;'
2467399	  Class descriptor  : 'Lcom/larus/init/task/imsdk/y;'
2467830	  Class descriptor  : 'Lcom/larus/init/task/imsdk/z;'
2468657	  Class descriptor  : 'Lcom/larus/init/task/j0;'
2468734	  Class descriptor  : 'Lcom/larus/init/task/j;'
2468794	  Class descriptor  : 'Lcom/larus/init/task/k0;'
2468870	  Class descriptor  : 'Lcom/larus/init/task/k;'
2469213	  Class descriptor  : 'Lcom/larus/init/task/keva/InitKevaPreloadTask;'
2469367	  Class descriptor  : 'Lcom/larus/init/task/l0;'
2471043	  Class descriptor  : 'Lcom/larus/init/task/l;'
2471607	  Class descriptor  : 'Lcom/larus/init/task/m0;'
2471683	  Class descriptor  : 'Lcom/larus/init/task/m;'
2472366	  Class descriptor  : 'Lcom/larus/init/task/n$a;'
2472472	  Class descriptor  : 'Lcom/larus/init/task/n0;'
2472688	  Class descriptor  : 'Lcom/larus/init/task/n;'
2472922	  Class descriptor  : 'Lcom/larus/init/task/o0;'
2473026	  Class descriptor  : 'Lcom/larus/init/task/o;'
2473260	  Class descriptor  : 'Lcom/larus/init/task/p0;'
2473317	  Class descriptor  : 'Lcom/larus/init/task/p;'
2473380	  Class descriptor  : 'Lcom/larus/init/task/publishtest/IPublishDrillService;'
2473397	  Class descriptor  : 'Lcom/larus/init/task/publishtest/InitPublishTestSupportTask$a;'
2473408	  Class descriptor  : 'Lcom/larus/init/task/publishtest/InitPublishTestSupportTask;'
2473695	  Class descriptor  : 'Lcom/larus/init/task/publishtest/PublishDrillServiceImpl$a;'
2473706	  Class descriptor  : 'Lcom/larus/init/task/publishtest/PublishDrillServiceImpl;'
2474538	  Class descriptor  : 'Lcom/larus/init/task/q0;'
2474621	  Class descriptor  : 'Lcom/larus/init/task/q;'
2474695	  Class descriptor  : 'Lcom/larus/init/task/r0;'
2474780	  Class descriptor  : 'Lcom/larus/init/task/r;'
2474899	  Class descriptor  : 'Lcom/larus/init/task/s0;'
2474974	  Class descriptor  : 'Lcom/larus/init/task/s;'
2475042	  Class descriptor  : 'Lcom/larus/init/task/speech/InitSpeechAecModelTask$downloadCollection$1$onSuccess$1$1;'
2475210	  Class descriptor  : 'Lcom/larus/init/task/speech/InitSpeechAecModelTask$runInternal$1;'
2475751	  Class descriptor  : 'Lcom/larus/init/task/speech/InitSpeechAecModelTask;'
2476856	  Class descriptor  : 'Lcom/larus/init/task/speech/a;'
2477246	  Class descriptor  : 'Lcom/larus/init/task/t0;'
2477295	  Class descriptor  : 'Lcom/larus/init/task/t;'
2477323	  Class descriptor  : 'Lcom/larus/init/task/u0;'
2477529	  Class descriptor  : 'Lcom/larus/init/task/u;'
2477585	  Class descriptor  : 'Lcom/larus/init/task/util/MarkdownCrashRecovery$a;'
2477596	  Class descriptor  : 'Lcom/larus/init/task/util/MarkdownCrashRecovery;'
2478205	  Class descriptor  : 'Lcom/larus/init/task/v0;'
2478330	  Class descriptor  : 'Lcom/larus/init/task/v;'
2478593	  Class descriptor  : 'Lcom/larus/init/task/w0;'
2478725	  Class descriptor  : 'Lcom/larus/init/task/w;'
2478803	  Class descriptor  : 'Lcom/larus/init/task/x0$a;'
2478814	  Class descriptor  : 'Lcom/larus/init/task/x0;'
2478904	  Class descriptor  : 'Lcom/larus/init/task/x;'
2479101	  Class descriptor  : 'Lcom/larus/init/task/xtrace/InitDTraceTask$a;'
2479112	  Class descriptor  : 'Lcom/larus/init/task/xtrace/InitDTraceTask;'
2479621	  Class descriptor  : 'Lcom/larus/init/task/xtrace/InitXTraceTask$a;'
2479632	  Class descriptor  : 'Lcom/larus/init/task/xtrace/InitXTraceTask;'
2480543	  Class descriptor  : 'Lcom/larus/init/task/y0;'
2481285	  Class descriptor  : 'Lcom/larus/init/task/y;'
2481676	  Class descriptor  : 'Lcom/larus/init/task/z;'
2482374	  Class descriptor  : 'Lcom/larus/input/impl/databinding/LarusChatMessageModifyTitleViewBinding;'
2482402	  Class descriptor  : 'Lcom/larus/input/impl/databinding/LarusInputKeyboardIconPopupViewBinding;'
2482495	  Class descriptor  : 'Lcom/larus/input/impl/databinding/LarusItemPanelHeaderBinding;'
2482523	  Class descriptor  : 'Lcom/larus/input/impl/databinding/LarusItemPanelLoadingBinding;'
2482551	  Class descriptor  : 'Lcom/larus/input/impl/databinding/LarusItemPanelMoreBinding;'
2482579	  Class descriptor  : 'Lcom/larus/input/impl/databinding/LarusItemPanelRowBinding;'
2482607	  Class descriptor  : 'Lcom/larus/input/impl/databinding/LarusLayoutActionBarPanelBinding;'
2482692	  Class descriptor  : 'Lcom/larus/input/impl/databinding/LarusLayoutInputViewBinding;'
2482720	  Class descriptor  : 'Lcom/larus/input/impl/databinding/LarusLayoutInputViewSpringBinding;'
2482748	  Class descriptor  : 'Lcom/larus/input/impl/databinding/LarusLayoutLatestPhotoShortcutViewBinding;'
2482817	  Class descriptor  : 'Lcom/larus/input/impl/databinding/LarusWidgetAttachmentAreaBinding;'
2482845	  Class descriptor  : 'Lcom/larus/input/impl/databinding/LarusWidgetChatInputPlaceholderBinding;'
2482873	  Class descriptor  : 'Lcom/larus/input/impl/databinding/LarusWidgetInputBinding;'
2484184	  Class descriptor  : 'Lcom/larus/input/impl/databinding/LarusWidgetInputOuterBinding;'
2484341	  Class descriptor  : 'Lcom/larus/input/impl/databinding/LarusWidgetInputSpringBinding;'
2484490	  Class descriptor  : 'Lcom/larus/input/impl/databinding/LarusWidgetInputTextBinding;'
2484518	  Class descriptor  : 'Lcom/larus/instruction/impl/databinding/LarusDialogCollaboratedParamSelectorBinding;'
2484546	  Class descriptor  : 'Lcom/larus/instruction/impl/databinding/LarusDialogInstructionFeatureSelectorBinding;'
2484639	  Class descriptor  : 'Lcom/larus/instruction/impl/databinding/LarusInstructionItemActionbarDropdownSpinnerHolderBinding;'
2484667	  Class descriptor  : 'Lcom/larus/instruction/impl/databinding/LarusInstructionItemActionbarFeatureSelectorBinding;'
2484695	  Class descriptor  : 'Lcom/larus/instruction/impl/databinding/LarusInstructionItemActionbarFeatureSelectorHolderBinding;'
2484723	  Class descriptor  : 'Lcom/larus/instruction/impl/databinding/LarusInstructionLayoutActionBarEditorWidgetDropdownItemListBinding;'
2484751	  Class descriptor  : 'Lcom/larus/instruction/impl/databinding/LarusItemActionbarDropdownListBinding;'
2484985	  Class descriptor  : 'Lcom/larus/instruction/impl/databinding/LarusItemActionbarMultiReferenceImageBinding;'
2485110	  Class descriptor  : 'Lcom/larus/instruction/impl/databinding/LarusItemActionbarTextSelectorHolderBinding;'
2485257	  Class descriptor  : 'Lcom/larus/instruction/impl/databinding/LarusLayoutActionBarEditorMixSkillTabSelectorBinding;'
2485285	  Class descriptor  : 'Lcom/larus/instruction/impl/databinding/LarusLayoutActionBarEditorWidgetButtonRouterBinding;'
2485512	  Class descriptor  : 'Lcom/larus/instruction/impl/databinding/LarusLayoutActionBarEditorWidgetDropdownSelectorBinding;'
2485720	  Class descriptor  : 'Lcom/larus/instruction/impl/databinding/LarusLayoutActionBarEditorWidgetFeatureSelectorBinding;'
2485821	  Class descriptor  : 'Lcom/larus/instruction/impl/databinding/LarusLayoutActionBarEditorWidgetInputboxBinding;'
2485906	  Class descriptor  : 'Lcom/larus/instruction/impl/databinding/LarusLayoutActionBarEditorWidgetKmpCommandBinding;'
2485991	  Class descriptor  : 'Lcom/larus/instruction/impl/databinding/LarusLayoutActionBarEditorWidgetMultiSelectorBinding;'
2486233	  Class descriptor  : 'Lcom/larus/instruction/impl/databinding/LarusLayoutActionBarEditorWidgetTabSelectorBinding;'
2486441	  Class descriptor  : 'Lcom/larus/instruction/impl/databinding/LarusLayoutActionBarEditorWidgetTextSelectorBinding;'
2486649	  Class descriptor  : 'Lcom/larus/instruction/impl/databinding/LarusLayoutActionBarEditorWidgetTranslatorV2Binding;'
2486909	  Class descriptor  : 'Lcom/larus/instruction/impl/databinding/LarusLayoutActionBarEditorWidgetTranslatorV3Binding;'
2487196	  Class descriptor  : 'Lcom/larus/instruction/service/IInstructionService;'
2487252	  Class descriptor  : 'Lcom/larus/instruction/service/IInstructionService$Companion;'
2487418	  Class descriptor  : 'Lcom/larus/instruction/service/IInstructionService$a;'
2487491	  Class descriptor  : 'Lcom/larus/instruction/service/InstructionServiceImpl;'
2487903	  Class descriptor  : 'Lcom/larus/instruction/service/InstructionServiceNoop;'
2488071	  Class descriptor  : 'Lcom/larus/io/FileExistsException;'
2488179	  Class descriptor  : 'Lcom/larus/io/IOCase;'
2488817	  Class descriptor  : 'Lcom/larus/io/StringBuilderWriter;'
2489218	  Class descriptor  : 'Lcom/larus/ivykit/GeckoOnDemandAppSettings;'
2489795	  Class descriptor  : 'Lcom/larus/ivykit/IvyKitInitializer$State;'
2490009	  Class descriptor  : 'Lcom/larus/ivykit/IvyKitInitializer$a;'
2490070	  Class descriptor  : 'Lcom/larus/ivykit/IvyKitInitializer$b$a;'
2490102	  Class descriptor  : 'Lcom/larus/ivykit/IvyKitInitializer$b;'
2491356	  Class descriptor  : 'Lcom/larus/ivykit/IvyKitInitializer$c;'
2491440	  Class descriptor  : 'Lcom/larus/ivykit/IvyKitInitializer$d;'
2491596	  Class descriptor  : 'Lcom/larus/ivykit/IvyKitInitializer$e$a;'
2491638	  Class descriptor  : 'Lcom/larus/ivykit/IvyKitInitializer$e;'
2491897	  Class descriptor  : 'Lcom/larus/ivykit/IvyKitInitializer$f;'
2492045	  Class descriptor  : 'Lcom/larus/ivykit/IvyKitInitializer$g;'
2492166	  Class descriptor  : 'Lcom/larus/ivykit/IvyKitInitializer$h;'
2492281	  Class descriptor  : 'Lcom/larus/ivykit/IvyKitInitializer;'
2495565	  Class descriptor  : 'Lcom/larus/ivykit/a;'
2495799	  Class descriptor  : 'Lcom/larus/ivykit/anniex/IContainerRedirectService;'
2495816	  Class descriptor  : 'Lcom/larus/ivykit/anniex/ContainerRedirectServiceImpl;'
2495868	  Class descriptor  : 'Lcom/larus/ivykit/b;'
2496171	  Class descriptor  : 'Lcom/larus/ivykit/c;'
2496303	  Class descriptor  : 'Lcom/larus/ivykit/d;'
2496355	  Class descriptor  : 'Lcom/larus/ivykit/e;'
2496461	  Class descriptor  : 'Lcom/larus/ivykit/f;'
2496558	  Class descriptor  : 'Lcom/larus/ivykit/forest/IFlowForestService;'
2496593	  Class descriptor  : 'Lcom/larus/ivykit/forest/FlowGeckoResourceService;'
2498110	  Class descriptor  : 'Lcom/larus/ivykit/forest/GeckoResourceLoader$a;'
2498121	  Class descriptor  : 'Lcom/larus/ivykit/forest/GeckoResourceLoader$handleBundle$data$1;'
2498208	  Class descriptor  : 'Lcom/larus/ivykit/forest/GeckoResourceLoader;'
2498950	  Class descriptor  : 'Lcom/larus/ivykit/forest/IFlowForestService$a;'
2498990	  Class descriptor  : 'Lcom/larus/ivykit/forest/IObricForestService;'
2499007	  Class descriptor  : 'Lcom/larus/ivykit/forest/ObricGeckoResourceService;'
2499266	  Class descriptor  : 'Lcom/larus/ivykit/forest/a;'
2499322	  Class descriptor  : 'Lcom/larus/ivykit/forest/b;'
2499440	  Class descriptor  : 'Lcom/larus/ivykit/forest/c;'
2499568	  Class descriptor  : 'Lcom/larus/ivykit/forest/d;'
2499776	  Class descriptor  : 'Lcom/larus/ivykit/forest/e;'
2499828	  Class descriptor  : 'Lcom/larus/ivykit/forest/f;'
2499859	  Class descriptor  : 'Lcom/larus/ivykit/g;'
2499962	  Class descriptor  : 'Lcom/larus/ivykit/gecko/CardPlatformGeckoAppRegister;'
2500047	  Class descriptor  : 'Lcom/larus/ivykit/gecko/ECommerceDanceGeckoRegister;'
2500132	  Class descriptor  : 'Lcom/larus/ivykit/gecko/ECommerceGeckoRegister;'
2500217	  Class descriptor  : 'Lcom/larus/ivykit/gecko/FlowGeckoAppRegister;'
2500302	  Class descriptor  : 'Lcom/larus/ivykit/gecko/LiveGeckoRegister;'
2500387	  Class descriptor  : 'Lcom/larus/ivykit/gecko/MainlandECommerceGeckoRegister;'
2500472	  Class descriptor  : 'Lcom/larus/ivykit/gecko/ObricGeckoAppRegister;'
2500557	  Class descriptor  : 'Lcom/larus/ivykit/h;'
2500633	  Class descriptor  : 'Lcom/larus/ivykit/i;'
2500694	  Class descriptor  : 'Lcom/larus/ivykit/j;'
2500859	  Class descriptor  : 'Lcom/larus/ivykit/plugin/PluginLaunchInfo$a;'
2500965	  Class descriptor  : 'Lcom/larus/ivykit/plugin/PluginLaunchInfo;'
2501186	  Class descriptor  : 'Lcom/larus/ivykit/plugin/PluginViewModel$requestPluginLaunchInfo$1;'
2501672	  Class descriptor  : 'Lcom/larus/ivykit/plugin/PreLoadingGui$a;'
2501765	  Class descriptor  : 'Lcom/larus/ivykit/plugin/PreLoadingGui;'
2502015	  Class descriptor  : 'Lcom/larus/ivykit/plugin/TemplateInfo;'
2502591	  Class descriptor  : 'Lcom/larus/ivykit/plugin/b;'
2502630	  Class descriptor  : 'Lcom/larus/ivykit/plugin/c;'
2502682	  Class descriptor  : 'Lcom/larus/ivykit/plugin/d$a;'
2502791	  Class descriptor  : 'Lcom/larus/ivykit/plugin/d$b;'
2502802	  Class descriptor  : 'Lcom/larus/ivykit/plugin/d$c;'
2502917	  Class descriptor  : 'Lcom/larus/ivykit/plugin/d;'
2503088	  Class descriptor  : 'Lcom/larus/ivykit/preview/PreviewLynxActivity$a;'
2503175	  Class descriptor  : 'Lcom/larus/ivykit/preview/PreviewLynxActivity;'
2503486	  Class descriptor  : 'Lcom/larus/ivykit/preview/PreviewLynxFragment$a;'
2503497	  Class descriptor  : 'Lcom/larus/ivykit/preview/PreviewLynxFragment;'
2504541	  Class descriptor  : 'Lcom/larus/ivykit/view/LoadErrorView;'
2504822	  Class descriptor  : 'Lcom/larus/ivykit/web/TTWebViewService;'
2504845	  Class descriptor  : 'Lcom/larus/ivykit/web/TTWebViewServiceImpl$a;'
2504856	  Class descriptor  : 'Lcom/larus/ivykit/web/TTWebViewServiceImpl$b;'
2504985	  Class descriptor  : 'Lcom/larus/ivykit/web/TTWebViewServiceImpl;'
2505925	  Class descriptor  : 'Lcom/larus/ivykit/xbridge/IAnnieXMethodFinderProvider;'
2505942	  Class descriptor  : 'Lcom/larus/jato/api/IJato;'
2506136	  Class descriptor  : 'Lcom/larus/jato/api/IJato$Companion;'
2507103	  Class descriptor  : 'Lcom/larus/jato/impl/JatoImpl;'
2507838	  Class descriptor  : 'Lcom/larus/kmp/voice_setting/platform/AndroidVoiceFileGateway$copyAsset$1;'
2507902	  Class descriptor  : 'Lcom/larus/kmp/voice_setting/platform/b0;'
2507937	  Class descriptor  : 'Lcom/larus/kmp/voice_setting/platform/AndroidVoiceFileGateway;'
2508373	  Class descriptor  : 'Lcom/larus/kmp/voice_setting/platform/VoiceImageLoadKey;'
2508609	  Class descriptor  : 'Lcom/larus/kmp/voice_setting/platform/VoiceImageUploadBiz;'
2508801	  Class descriptor  : 'Lcom/larus/kmp/voice_setting/platform/VoiceQualityStatus;'
2509015	  Class descriptor  : 'Lcom/larus/kmp/voice_setting/platform/VoiceStringKey;'
2511832	  Class descriptor  : 'Lcom/larus/kmp/voice_setting/platform/a0;'
2512002	  Class descriptor  : 'Lcom/larus/kmp/voice_setting/platform/y;'
2512037	  Class descriptor  : 'Lcom/larus/kmp/voice_setting/platform/a;'
2512191	  Class descriptor  : 'Lcom/larus/kmp/voice_setting/platform/z;'
2512202	  Class descriptor  : 'Lcom/larus/kmp/voice_setting/platform/b;'
2512230	  Class descriptor  : 'Lcom/larus/kmp/voice_setting/platform/c0;'
2512348	  Class descriptor  : 'Lcom/larus/kmp/voice_setting/platform/d0;'
2512365	  Class descriptor  : 'Lcom/larus/kmp/voice_setting/platform/c;'
2512422	  Class descriptor  : 'Lcom/larus/kmp/voice_setting/platform/e0;'
2512433	  Class descriptor  : 'Lcom/larus/kmp/voice_setting/platform/d;'
2512466	  Class descriptor  : 'Lcom/larus/kmp/voice_setting/platform/g0;'
2512477	  Class descriptor  : 'Lcom/larus/kmp/voice_setting/platform/e;'
2512505	  Class descriptor  : 'Lcom/larus/kmp/voice_setting/platform/f0;'
2512619	  Class descriptor  : 'Lcom/larus/kmp/voice_setting/platform/h0;'
2512630	  Class descriptor  : 'Lcom/larus/kmp/voice_setting/platform/f;'
2512663	  Class descriptor  : 'Lcom/larus/kmp/voice_setting/platform/i0;'
2512674	  Class descriptor  : 'Lcom/larus/kmp/voice_setting/platform/g;'
2512702	  Class descriptor  : 'Lcom/larus/kmp/voice_setting/platform/h;'
2512760	  Class descriptor  : 'Lcom/larus/kmp/voice_setting/platform/i;'
2512812	  Class descriptor  : 'Lcom/larus/kmp/voice_setting/platform/j0;'
2512952	  Class descriptor  : 'Lcom/larus/kmp/voice_setting/platform/j;'
2513020	  Class descriptor  : 'Lcom/larus/kmp/voice_setting/platform/k0;'
2513073	  Class descriptor  : 'Lcom/larus/kmp/voice_setting/platform/k;'
2513144	  Class descriptor  : 'Lcom/larus/kmp/voice_setting/platform/l$a;'
2513390	  Class descriptor  : 'Lcom/larus/kmp/voice_setting/platform/l$b;'
2513503	  Class descriptor  : 'Lcom/larus/kmp/voice_setting/platform/l$c;'
2513749	  Class descriptor  : 'Lcom/larus/kmp/voice_setting/platform/l$d;'
2513995	  Class descriptor  : 'Lcom/larus/kmp/voice_setting/platform/l0;'
2514233	  Class descriptor  : 'Lcom/larus/kmp/voice_setting/platform/l;'
2514900	  Class descriptor  : 'Lcom/larus/kmp/voice_setting/platform/m0;'
2514929	  Class descriptor  : 'Lcom/larus/kmp/voice_setting/platform/m;'
2514989	  Class descriptor  : 'Lcom/larus/kmp/voice_setting/platform/n0;'
2515497	  Class descriptor  : 'Lcom/larus/kmp/voice_setting/platform/n;'
2515557	  Class descriptor  : 'Lcom/larus/kmp/voice_setting/platform/o0$a;'
2515648	  Class descriptor  : 'Lcom/larus/kmp/voice_setting/platform/o0;'
2515859	  Class descriptor  : 'Lcom/larus/kmp/voice_setting/platform/o;'
2515919	  Class descriptor  : 'Lcom/larus/kmp/voice_setting/platform/p0;'
2515948	  Class descriptor  : 'Lcom/larus/kmp/voice_setting/platform/p;'
2516075	  Class descriptor  : 'Lcom/larus/kmp/voice_setting/platform/q0;'
2516293	  Class descriptor  : 'Lcom/larus/kmp/voice_setting/platform/q;'
2516956	  Class descriptor  : 'Lcom/larus/kmp/voice_setting/platform/r0;'
2517162	  Class descriptor  : 'Lcom/larus/kmp/voice_setting/platform/r;'
2517238	  Class descriptor  : 'Lcom/larus/kmp/voice_setting/platform/s0;'
2517261	  Class descriptor  : 'Lcom/larus/kmp/voice_setting/platform/s;'
2517436	  Class descriptor  : 'Lcom/larus/kmp/voice_setting/platform/t0;'
2517465	  Class descriptor  : 'Lcom/larus/kmp/voice_setting/platform/t;'
2517885	  Class descriptor  : 'Lcom/larus/kmp/voice_setting/platform/u0;'
2517902	  Class descriptor  : 'Lcom/larus/kmp/voice_setting/platform/u;'
2518076	  Class descriptor  : 'Lcom/larus/kmp/voice_setting/platform/v0;'
2518123	  Class descriptor  : 'Lcom/larus/kmp/voice_setting/platform/v;'
2518203	  Class descriptor  : 'Lcom/larus/kmp/voice_setting/platform/w0;'
2518311	  Class descriptor  : 'Lcom/larus/kmp/voice_setting/platform/w;'
2518646	  Class descriptor  : 'Lcom/larus/kmp/voice_setting/platform/x$a;'
2519339	  Class descriptor  : 'Lcom/larus/kmp/voice_setting/platform/x0;'
2520032	  Class descriptor  : 'Lcom/larus/kmp/voice_setting/platform/x;'
2521491	  Class descriptor  : 'Lcom/larus/kmp/voice_setting/voice/ChatSpeakerSettingViewModelDelegate$getTtsSpeakerGroups$$inlined$map$1$2$1;'
2521559	  Class descriptor  : 'Lcom/larus/kmp/voice_setting/voice/ChatSpeakerSettingViewModelDelegate$getTtsSpeakerGroups$$inlined$map$1$2;'
2521722	  Class descriptor  : 'Lcom/larus/kmp/voice_setting/voice/ChatSpeakerSettingViewModelDelegate$getTtsSpeakerGroups$$inlined$map$1;'
2521812	  Class descriptor  : 'Lcom/larus/kmp/voice_setting/voice/ChatSpeakerSettingViewModelDelegate;'
2522541	  Class descriptor  : 'Lcom/larus/kmp/voice_setting/voice/ImageUploadViewModel$a;'
2522573	  Class descriptor  : 'Lcom/larus/kmp/voice_setting/voice/ImageUploadViewModel$doUpload$1$result$1;'
2522932	  Class descriptor  : 'Lcom/larus/kmp/voice_setting/voice/ImageUploadViewModel$doUpload$1;'
2523182	  Class descriptor  : 'Lcom/larus/kmp/voice_setting/voice/ImageUploadViewModel$handleUri$2;'
2523497	  Class descriptor  : 'Lcom/larus/kmp/voice_setting/voice/ImageUploadViewModel$handleUri$3;'
2523834	  Class descriptor  : 'Lcom/larus/kmp/voice_setting/voice/ImageUploadViewModel;'
2524296	  Class descriptor  : 'Lcom/larus/kmp/voice_setting/voice/SingleTtsSpeakerSettingActivity$a;'
2524307	  Class descriptor  : 'Lcom/larus/kmp/voice_setting/voice/SingleTtsSpeakerSettingActivity$b;'
2524356	  Class descriptor  : 'Lcom/larus/kmp/voice_setting/voice/SingleTtsSpeakerSettingActivity$createVoiceSettingPage$2$1;'
2524493	  Class descriptor  : 'Lcom/larus/kmp/voice_setting/voice/SingleTtsSpeakerSettingActivity$createVoiceSettingPage$6$1;'
2524630	  Class descriptor  : 'Lcom/larus/kmp/voice_setting/voice/SingleTtsSpeakerSettingActivity$perfTracer$2$1;'
2524763	  Class descriptor  : 'Lcom/larus/kmp/voice_setting/voice/SingleTtsSpeakerSettingActivity;'
2527255	  Class descriptor  : 'Lcom/larus/kmp/voice_setting/voice/a;'
2527335	  Class descriptor  : 'Lcom/larus/kmp/voice_setting/voice/b;'
2527697	  Class descriptor  : 'Lcom/larus/kmp/voice_setting/voice/base/PublicVoiceListFragment$a;'
2527875	  Class descriptor  : 'Lcom/larus/kmp/voice_setting/voice/base/PublicVoiceListFragment$perfTracer$2$1;'
2528008	  Class descriptor  : 'Lcom/larus/kmp/voice_setting/voice/base/PublicVoiceListFragment;'
2528350	  Class descriptor  : 'Lcom/larus/kmp/voice_setting/voice/base/a;'
2528414	  Class descriptor  : 'Lcom/larus/kmp/voice_setting/voice/base/api/GetVoiceTabApi$requestVoiceTab$2;'
2528602	  Class descriptor  : 'Lcom/larus/kmp/voice_setting/voice/base/api/GetVoiceTabApi;'
2528668	  Class descriptor  : 'Lcom/larus/kmp/voice_setting/voice/base/api/TtsVoiceListApi$requestOtherVoiceList$2;'
2528895	  Class descriptor  : 'Lcom/larus/kmp/voice_setting/voice/base/api/TtsVoiceListApi$requestRecommendVoiceList$2;'
2529122	  Class descriptor  : 'Lcom/larus/kmp/voice_setting/voice/base/api/TtsVoiceListApi;'
2529266	  Class descriptor  : 'Lcom/larus/kmp/voice_setting/voice/base/api/VoiceTabSource;'
2529458	  Class descriptor  : 'Lcom/larus/kmp/voice_setting/voice/base/api/a;'
2529640	  Class descriptor  : 'Lcom/larus/kmp/voice_setting/voice/base/api/b;'
2529697	  Class descriptor  : 'Lcom/larus/kmp/voice_setting/voice/base/api/c;'
2529754	  Class descriptor  : 'Lcom/larus/kmp/voice_setting/voice/base/api/d;'
2530180	  Class descriptor  : 'Lcom/larus/kmp/voice_setting/voice/base/api/e;'
2530263	  Class descriptor  : 'Lcom/larus/kmp/voice_setting/voice/base/api/f;'
2530340	  Class descriptor  : 'Lcom/larus/kmp/voice_setting/voice/base/api/g$a;'
2530755	  Class descriptor  : 'Lcom/larus/kmp/voice_setting/voice/base/api/g$b;'
2530802	  Class descriptor  : 'Lcom/larus/kmp/voice_setting/voice/base/api/g;'
2531036	  Class descriptor  : 'Lcom/larus/kmp/voice_setting/voice/base/api/h;'
2531178	  Class descriptor  : 'Lcom/larus/kmp/voice_setting/voice/base/api/i$a;'
2531720	  Class descriptor  : 'Lcom/larus/kmp/voice_setting/voice/base/api/i$b;'
2531767	  Class descriptor  : 'Lcom/larus/kmp/voice_setting/voice/base/api/i;'
2532067	  Class descriptor  : 'Lcom/larus/kmp/voice_setting/voice/base/api/j;'
2532135	  Class descriptor  : 'Lcom/larus/kmp/voice_setting/voice/base/b;'
2532230	  Class descriptor  : 'Lcom/larus/kmp/voice_setting/voice/base/c;'
2532439	  Class descriptor  : 'Lcom/larus/kmp/voice_setting/voice/base/d;'
2534506	  Class descriptor  : 'Lcom/larus/kmp/voice_setting/voice/base/multitab/MultiTabVoiceLoaderKt$a;'
2534555	  Class descriptor  : 'Lcom/larus/kmp/voice_setting/voice/base/multitab/MultiTabVoiceLoaderKt$load$1;'
2534629	  Class descriptor  : 'Lcom/larus/kmp/voice_setting/voice/base/multitab/MultiTabVoiceLoaderKt$load$response$1;'
2534894	  Class descriptor  : 'Lcom/larus/kmp/voice_setting/voice/base/multitab/MultiTabVoiceLoaderKt;'
2536259	  Class descriptor  : 'Lcom/larus/kmp/voice_setting/voice/base/multitab/MultiTabVoiceRequestKind;'
2536451	  Class descriptor  : 'Lcom/larus/kmp/voice_setting/voice/base/multitab/a$a;'
2537080	  Class descriptor  : 'Lcom/larus/kmp/voice_setting/voice/base/multitab/a$b;'
2537127	  Class descriptor  : 'Lcom/larus/kmp/voice_setting/voice/base/multitab/a;'
2537461	  Class descriptor  : 'Lcom/larus/kmp/voice_setting/voice/base/multitab/b;'
2537887	  Class descriptor  : 'Lcom/larus/kmp/voice_setting/voice/base/multitab/c;'
2537990	  Class descriptor  : 'Lcom/larus/kmp/voice_setting/voice/base/multitab/d;'
2538138	  Class descriptor  : 'Lcom/larus/kmp/voice_setting/voice/base/multitab/e;'
2538190	  Class descriptor  : 'Lcom/larus/kmp/voice_setting/voice/base/publiclist/PublicVoiceListLoaderKt$a;'
2538239	  Class descriptor  : 'Lcom/larus/kmp/voice_setting/voice/base/publiclist/PublicVoiceListLoaderKt$load$1;'
2538313	  Class descriptor  : 'Lcom/larus/kmp/voice_setting/voice/base/publiclist/PublicVoiceListLoaderKt$load$response$1;'
2538751	  Class descriptor  : 'Lcom/larus/kmp/voice_setting/voice/base/publiclist/PublicVoiceListLoaderKt;'
2539627	  Class descriptor  : 'Lcom/larus/kmp/voice_setting/voice/base/publiclist/PublicVoiceListRequestKind;'
2539819	  Class descriptor  : 'Lcom/larus/kmp/voice_setting/voice/base/publiclist/PublicVoiceListStateProducerFeature$a;'
2539830	  Class descriptor  : 'Lcom/larus/kmp/voice_setting/voice/base/publiclist/PublicVoiceListStateProducerFeature$b;'
2539886	  Class descriptor  : 'Lcom/larus/kmp/voice_setting/voice/base/publiclist/PublicVoiceListStateProducerFeature$c;'
2540259	  Class descriptor  : 'Lcom/larus/kmp/voice_setting/voice/base/publiclist/PublicVoiceListStateProducerFeature$d;'
2541287	  Class descriptor  : 'Lcom/larus/kmp/voice_setting/voice/base/publiclist/PublicVoiceListStateProducerFeature$e;'
2541480	  Class descriptor  : 'Lcom/larus/kmp/voice_setting/voice/base/publiclist/PublicVoiceListStateProducerFeature$f;'
2541564	  Class descriptor  : 'Lcom/larus/kmp/voice_setting/voice/base/publiclist/PublicVoiceListStateProducerFeature$g;'
2541628	  Class descriptor  : 'Lcom/larus/kmp/voice_setting/voice/base/publiclist/PublicVoiceListStateProducerFeature$requestPage$1;'
2542596	  Class descriptor  : 'Lcom/larus/kmp/voice_setting/voice/base/publiclist/PublicVoiceListStateProducerFeature;'
2543943	  Class descriptor  : 'Lcom/larus/kmp/voice_setting/voice/base/publiclist/a;'
2544315	  Class descriptor  : 'Lcom/larus/kmp/voice_setting/voice/base/publiclist/b;'
2544424	  Class descriptor  : 'Lcom/larus/kmp/voice_setting/voice/base/publiclist/c;'
2544591	  Class descriptor  : 'Lcom/larus/kmp/voice_setting/voice/base/publiclist/d;'
2544651	  Class descriptor  : 'Lcom/larus/kmp/voice_setting/voice/base/publiclist/e;'
2544715	  Class descriptor  : 'Lcom/larus/kmp/voice_setting/voice/base/publiclist/f;'
2544779	  Class descriptor  : 'Lcom/larus/kmp/voice_setting/voice/base/publiclist/g;'
2544863	  Class descriptor  : 'Lcom/larus/kmp/voice_setting/voice/base/publiclist/h;'
2544965	  Class descriptor  : 'Lcom/larus/kmp/voice_setting/voice/base/publiclist/i;'
2545029	  Class descriptor  : 'Lcom/larus/kmp/voice_setting/voice/bean/CacheStatus;'
2545271	  Class descriptor  : 'Lcom/larus/kmp/voice_setting/voice/bean/RequestType;'
2545497	  Class descriptor  : 'Lcom/larus/kmp/voice_setting/voice/bridge/CommonVoiceDoubleTabPlatformDelegate$completeSaveBeforeRequest$2;'
2545682	  Class descriptor  : 'Lcom/larus/kmp/voice_setting/voice/bridge/CommonVoiceDoubleTabPlatformDelegate$handleResultOnlySaveVoice$1;'
2545769	  Class descriptor  : 'Lcom/larus/kmp/voice_setting/voice/bridge/CommonVoiceDoubleTabPlatformDelegate$handleResultOnlySaveVoice$2;'
2545945	  Class descriptor  : 'Lcom/larus/kmp/voice_setting/voice/bridge/CommonVoiceDoubleTabPlatformDelegate$handleSaveVoiceSuccess$1;'
2546052	  Class descriptor  : 'Lcom/larus/kmp/voice_setting/voice/bridge/CommonVoiceDoubleTabPlatformDelegate$handleSaveVoiceSuccess$2;'
2546237	  Class descriptor  : 'Lcom/larus/kmp/voice_setting/voice/bridge/CommonVoiceDoubleTabPlatformDelegate$handleSaveVoiceSuccess$3;'
2546426	  Class descriptor  : 'Lcom/larus/kmp/voice_setting/voice/bridge/CommonVoiceDoubleTabPlatformDelegate$saveVoice$1;'
2546498	  Class descriptor  : 'Lcom/larus/kmp/voice_setting/voice/bridge/CommonVoiceDoubleTabPlatformDelegate$saveVoice$2;'
2546657	  Class descriptor  : 'Lcom/larus/kmp/voice_setting/voice/bridge/CommonVoiceDoubleTabPlatformDelegate$saveVoice$result$1;'
2546861	  Class descriptor  : 'Lcom/larus/kmp/voice_setting/voice/screen/doubletab/m6;'
2546950	  Class descriptor  : 'Lcom/larus/kmp/voice_setting/voice/bridge/CommonVoiceDoubleTabPlatformDelegate;'
2551277	  Class descriptor  : 'Lcom/larus/kmp/voice_setting/voice/bridge/PlatformEffectBridgeUiKt$VoicePlatformEffectBridge$1$1;'
2551514	  Class descriptor  : 'Lcom/larus/kmp/voice_setting/voice/bridge/PlatformEffectBridgeUiKt$a;'
2551689	  Class descriptor  : 'Lcom/larus/kmp/voice_setting/voice/bridge/PlatformEffectBridgeUiKt;'
2552366	  Class descriptor  : 'Lcom/larus/kmp/voice_setting/voice/bridge/SingleScreenPlatformBridge_androidKt$voiceSingleScreenPlatformState$$inlined$map$1$2$1;'
2552434	  Class descriptor  : 'Lcom/larus/kmp/voice_setting/voice/bridge/SingleScreenPlatformBridge_androidKt$voiceSingleScreenPlatformState$$inlined$map$1$2;'
2552603	  Class descriptor  : 'Lcom/larus/kmp/voice_setting/voice/bridge/SingleScreenPlatformBridge_androidKt$voiceSingleScreenPlatformState$$inlined$map$1;'
2552693	  Class descriptor  : 'Lcom/larus/kmp/voice_setting/voice/bridge/SingleScreenPlatformBridge_androidKt$voiceSingleScreenPlatformState$$inlined$map$2$2$1;'
2552761	  Class descriptor  : 'Lcom/larus/kmp/voice_setting/voice/bridge/SingleScreenPlatformBridge_androidKt$voiceSingleScreenPlatformState$$inlined$map$2$2;'
2552918	  Class descriptor  : 'Lcom/larus/kmp/voice_setting/voice/bridge/SingleScreenPlatformBridge_androidKt$voiceSingleScreenPlatformState$$inlined$map$2;'
2553008	  Class descriptor  : 'Lcom/larus/kmp/voice_setting/voice/bridge/SingleScreenPlatformBridge_androidKt$voiceSingleScreenPlatformState$1;'
2553705	  Class descriptor  : 'Lcom/larus/kmp/voice_setting/voice/bridge/VoiceAuthModelBridge_androidKt$voiceLaunchNewVoiceListFlow$$inlined$map$1$2$1;'
2553773	  Class descriptor  : 'Lcom/larus/kmp/voice_setting/voice/bridge/VoiceAuthModelBridge_androidKt$voiceLaunchNewVoiceListFlow$$inlined$map$1$2;'
2553955	  Class descriptor  : 'Lcom/larus/kmp/voice_setting/voice/bridge/VoiceAuthModelBridge_androidKt$voiceLaunchNewVoiceListFlow$$inlined$map$1;'
2554045	  Class descriptor  : 'Lcom/larus/kmp/voice_setting/voice/bridge/VoiceSingleScreenSelectionMode;'
2554237	  Class descriptor  : 'Lcom/larus/kmp/voice_setting/voice/bridge/a;'
2554294	  Class descriptor  : 'Lcom/larus/kmp/voice_setting/voice/bridge/b;'
2554485	  Class descriptor  : 'Lcom/larus/kmp/voice_setting/voice/bridge/c;'
2554648	  Class descriptor  : 'Lcom/larus/kmp/voice_setting/voice/bridge/d;'
2554774	  Class descriptor  : 'Lcom/larus/kmp/voice_setting/voice/bridge/e;'
2555088	  Class descriptor  : 'Lcom/larus/kmp/voice_setting/voice/bridge/f;'
2555362	  Class descriptor  : 'Lcom/larus/kmp/voice_setting/voice/bridge/g;'
2555509	  Class descriptor  : 'Lcom/larus/kmp/voice_setting/voice/bridge/h;'
2555651	  Class descriptor  : 'Lcom/larus/kmp/voice_setting/voice/bridge/i;'
2556377	  Class descriptor  : 'Lcom/larus/kmp/voice_setting/voice/bridge/j;'
2556436	  Class descriptor  : 'Lcom/larus/kmp/voice_setting/voice/bridge/k;'
2556551	  Class descriptor  : 'Lcom/larus/kmp/voice_setting/voice/bridge/l;'
2556656	  Class descriptor  : 'Lcom/larus/kmp/voice_setting/voice/bridge/m$a;'
2556812	  Class descriptor  : 'Lcom/larus/kmp/voice_setting/voice/bridge/m$b;'
2556968	  Class descriptor  : 'Lcom/larus/kmp/voice_setting/voice/bridge/m;'
2557562	  Class descriptor  : 'Lcom/larus/kmp/voice_setting/voice/bridge/n;'
2557850	  Class descriptor  : 'Lcom/larus/kmp/voice_setting/voice/bridge/o;'
2558306	  Class descriptor  : 'Lcom/larus/kmp/voice_setting/voice/bridge/p;'
2558582	  Class descriptor  : 'Lcom/larus/kmp/voice_setting/voice/bridge/q;'
2558745	  Class descriptor  : 'Lcom/larus/kmp/voice_setting/voice/bridge/r;'
2559177	  Class descriptor  : 'Lcom/larus/kmp/voice_setting/voice/bridge/s;'
2559381	  Class descriptor  : 'Lcom/larus/kmp/voice_setting/voice/bridge/t;'
2559512	  Class descriptor  : 'Lcom/larus/kmp/voice_setting/voice/bridge/u;'
2559770	  Class descriptor  : 'Lcom/larus/kmp/voice_setting/voice/bridge/v;'
2560426	  Class descriptor  : 'Lcom/larus/kmp/voice_setting/voice/bridge/w;'
2560630	  Class descriptor  : 'Lcom/larus/kmp/voice_setting/voice/bridge/x;'
2560811	  Class descriptor  : 'Lcom/larus/kmp/voice_setting/voice/bridge/y;'
2560916	  Class descriptor  : 'Lcom/larus/kmp/voice_setting/voice/bridge/z;'
2561399	  Class descriptor  : 'Lcom/larus/kmp/voice_setting/voice/c;'
2561472	  Class descriptor  : 'Lcom/larus/kmp/voice_setting/voice/component/CommonVoicePlatformEffectExecutor$handleStartRecordQualityCheck$1$3$1;'
2561658	  Class descriptor  : 'Lcom/larus/kmp/voice_setting/voice/component/CommonVoicePlatformEffectExecutor$handleStartRecordQualityCheck$1;'
2562082	  Class descriptor  : 'Lcom/larus/kmp/voice_setting/voice/component/CommonVoicePlatformEffectExecutor$publishDialogAction$1$a;'
2562146	  Class descriptor  : 'Lcom/larus/kmp/voice_setting/voice/component/CommonVoicePlatformEffectExecutor$publishDialogAction$1;'
2562498	  Class descriptor  : 'Lcom/larus/kmp/voice_setting/voice/component/VoiceCreatePreflightFeature$a;'
2562933	  Class descriptor  : 'Lcom/larus/kmp/voice_setting/voice/component/VoiceCreatePreflightFeature$b;'
2563879	  Class descriptor  : 'Lcom/larus/kmp/voice_setting/voice/component/VoiceCreatePreflightFeature$c;'
2563943	  Class descriptor  : 'Lcom/larus/kmp/voice_setting/voice/component/VoiceCreatePreflightFeature$d;'
2564007	  Class descriptor  : 'Lcom/larus/kmp/voice_setting/voice/component/VoiceCreatePreflightFeature;'
2564273	  Class descriptor  : 'Lcom/larus/kmp/voice_setting/voice/component/VoiceDialogActionKind;'
2565553	  Class descriptor  : 'Lcom/larus/kmp/voice_setting/voice/component/VoiceDialogImageBridgeFragment$a;'
2565564	  Class descriptor  : 'Lcom/larus/kmp/voice_setting/voice/component/VoiceDialogImageBridgeFragment$b;'
2565613	  Class descriptor  : 'Lcom/larus/kmp/voice_setting/voice/component/VoiceDialogImageBridgeFragment$onCreate$4$a;'
2565942	  Class descriptor  : 'Lcom/larus/kmp/voice_setting/voice/component/VoiceDialogImageBridgeFragment$onCreate$4;'
2566150	  Class descriptor  : 'Lcom/larus/kmp/voice_setting/voice/component/VoiceDialogImageBridgeFragment$special$$inlined$viewModels$default$1;'
2566227	  Class descriptor  : 'Lcom/larus/kmp/voice_setting/voice/component/VoiceDialogImageBridgeFragment$special$$inlined$viewModels$default$2;'
2566319	  Class descriptor  : 'Lcom/larus/kmp/voice_setting/voice/component/VoiceDialogImageBridgeFragment$special$$inlined$viewModels$default$3;'
2566445	  Class descriptor  : 'Lcom/larus/kmp/voice_setting/voice/component/VoiceDialogImageBridgeFragment;'
2566943	  Class descriptor  : 'Lcom/larus/kmp/voice_setting/voice/component/VoiceDialogKind;'
2567325	  Class descriptor  : 'Lcom/larus/kmp/voice_setting/voice/component/VoiceDialogResultFeature;'
2567357	  Class descriptor  : 'Lcom/larus/kmp/voice_setting/voice/component/VoiceDialogRouterFeature$a0;'
2567421	  Class descriptor  : 'Lcom/larus/kmp/voice_setting/voice/component/VoiceDialogRouterFeature$a;'
2567799	  Class descriptor  : 'Lcom/larus/kmp/voice_setting/voice/component/VoiceDialogRouterFeature$b0;'
2567863	  Class descriptor  : 'Lcom/larus/kmp/voice_setting/voice/component/VoiceDialogRouterFeature$b;'
2567947	  Class descriptor  : 'Lcom/larus/kmp/voice_setting/voice/component/VoiceDialogRouterFeature$c0;'
2568044	  Class descriptor  : 'Lcom/larus/kmp/voice_setting/voice/component/VoiceDialogRouterFeature$c;'
2568108	  Class descriptor  : 'Lcom/larus/kmp/voice_setting/voice/component/VoiceDialogRouterFeature$d0;'
2568238	  Class descriptor  : 'Lcom/larus/kmp/voice_setting/voice/component/VoiceDialogRouterFeature$d;'
2568302	  Class descriptor  : 'Lcom/larus/kmp/voice_setting/voice/component/VoiceDialogRouterFeature$e0;'
2568411	  Class descriptor  : 'Lcom/larus/kmp/voice_setting/voice/component/VoiceDialogRouterFeature$e;'
2568475	  Class descriptor  : 'Lcom/larus/kmp/voice_setting/voice/component/VoiceDialogRouterFeature$f0;'
2572317	  Class descriptor  : 'Lcom/larus/kmp/voice_setting/voice/component/VoiceDialogRouterFeature$f;'
2572401	  Class descriptor  : 'Lcom/larus/kmp/voice_setting/voice/component/VoiceDialogRouterFeature$g0;'
2572485	  Class descriptor  : 'Lcom/larus/kmp/voice_setting/voice/component/VoiceDialogRouterFeature$g;'
2572569	  Class descriptor  : 'Lcom/larus/kmp/voice_setting/voice/component/VoiceDialogRouterFeature$h0;'
2572633	  Class descriptor  : 'Lcom/larus/kmp/voice_setting/voice/component/VoiceDialogRouterFeature$h;'
2572697	  Class descriptor  : 'Lcom/larus/kmp/voice_setting/voice/component/VoiceDialogRouterFeature$i0;'
2572781	  Class descriptor  : 'Lcom/larus/kmp/voice_setting/voice/component/VoiceDialogRouterFeature$i;'
2572865	  Class descriptor  : 'Lcom/larus/kmp/voice_setting/voice/component/VoiceDialogRouterFeature$j0;'
2572929	  Class descriptor  : 'Lcom/larus/kmp/voice_setting/voice/component/VoiceDialogRouterFeature$j;'
2573013	  Class descriptor  : 'Lcom/larus/kmp/voice_setting/voice/component/VoiceDialogRouterFeature$k0;'
2573097	  Class descriptor  : 'Lcom/larus/kmp/voice_setting/voice/component/VoiceDialogRouterFeature$k;'
2573181	  Class descriptor  : 'Lcom/larus/kmp/voice_setting/voice/component/VoiceDialogRouterFeature$l0;'
2573265	  Class descriptor  : 'Lcom/larus/kmp/voice_setting/voice/component/VoiceDialogRouterFeature$l;'
2573349	  Class descriptor  : 'Lcom/larus/kmp/voice_setting/voice/component/VoiceDialogRouterFeature$m0;'
2573433	  Class descriptor  : 'Lcom/larus/kmp/voice_setting/voice/component/VoiceDialogRouterFeature$m;'
2573497	  Class descriptor  : 'Lcom/larus/kmp/voice_setting/voice/component/VoiceDialogRouterFeature$n0;'
2573581	  Class descriptor  : 'Lcom/larus/kmp/voice_setting/voice/component/VoiceDialogRouterFeature$n;'
2573665	  Class descriptor  : 'Lcom/larus/kmp/voice_setting/voice/component/VoiceDialogRouterFeature$o0;'
2573749	  Class descriptor  : 'Lcom/larus/kmp/voice_setting/voice/component/VoiceDialogRouterFeature$o;'
2573833	  Class descriptor  : 'Lcom/larus/kmp/voice_setting/voice/component/VoiceDialogRouterFeature$p0;'
2573917	  Class descriptor  : 'Lcom/larus/kmp/voice_setting/voice/component/VoiceDialogRouterFeature$p;'
2574001	  Class descriptor  : 'Lcom/larus/kmp/voice_setting/voice/component/VoiceDialogRouterFeature$q0;'
2574065	  Class descriptor  : 'Lcom/larus/kmp/voice_setting/voice/component/VoiceDialogRouterFeature$q;'
2574149	  Class descriptor  : 'Lcom/larus/kmp/voice_setting/voice/component/VoiceDialogRouterFeature$r0;'
2574213	  Class descriptor  : 'Lcom/larus/kmp/voice_setting/voice/component/VoiceDialogRouterFeature$r;'
2574297	  Class descriptor  : 'Lcom/larus/kmp/voice_setting/voice/component/VoiceDialogRouterFeature$s;'
2574381	  Class descriptor  : 'Lcom/larus/kmp/voice_setting/voice/component/VoiceDialogRouterFeature$startRecordTimeout$1;'
2574630	  Class descriptor  : 'Lcom/larus/kmp/voice_setting/voice/component/VoiceDialogRouterFeature$t;'
2574714	  Class descriptor  : 'Lcom/larus/kmp/voice_setting/voice/component/VoiceDialogRouterFeature$u;'
2574798	  Class descriptor  : 'Lcom/larus/kmp/voice_setting/voice/component/VoiceDialogRouterFeature$v;'
2574862	  Class descriptor  : 'Lcom/larus/kmp/voice_setting/voice/component/VoiceDialogRouterFeature$w;'
2574946	  Class descriptor  : 'Lcom/larus/kmp/voice_setting/voice/component/VoiceDialogRouterFeature$x;'
2575010	  Class descriptor  : 'Lcom/larus/kmp/voice_setting/voice/component/VoiceDialogRouterFeature$y;'
2575094	  Class descriptor  : 'Lcom/larus/kmp/voice_setting/voice/component/VoiceDialogRouterFeature$z;'
2575158	  Class descriptor  : 'Lcom/larus/kmp/voice_setting/voice/component/b0;'
2575188	  Class descriptor  : 'Lcom/larus/kmp/voice_setting/voice/component/c6;'
2575200	  Class descriptor  : 'Lcom/larus/kmp/voice_setting/voice/component/VoiceDialogRouterFeature;'
2595813	  Class descriptor  : 'Lcom/larus/kmp/voice_setting/voice/component/VoiceDoubleTabChromeActionKind;'
2596049	  Class descriptor  : 'Lcom/larus/kmp/voice_setting/voice/component/q1;'
2596169	  Class descriptor  : 'Lcom/larus/kmp/voice_setting/voice/component/VoiceDoubleTabControllerFeature;'
2602689	  Class descriptor  : 'Lcom/larus/kmp/voice_setting/voice/component/VoiceDoubleTabEntryFeature$a0;'
2602773	  Class descriptor  : 'Lcom/larus/kmp/voice_setting/voice/component/VoiceDoubleTabEntryFeature$a;'
2603035	  Class descriptor  : 'Lcom/larus/kmp/voice_setting/voice/component/VoiceDoubleTabEntryFeature$b;'
2603119	  Class descriptor  : 'Lcom/larus/kmp/voice_setting/voice/component/VoiceDoubleTabEntryFeature$c;'
2603203	  Class descriptor  : 'Lcom/larus/kmp/voice_setting/voice/component/VoiceDoubleTabEntryFeature$d;'
2603287	  Class descriptor  : 'Lcom/larus/kmp/voice_setting/voice/component/VoiceDoubleTabEntryFeature$e;'
2603371	  Class descriptor  : 'Lcom/larus/kmp/voice_setting/voice/component/VoiceDoubleTabEntryFeature$f;'
2603435	  Class descriptor  : 'Lcom/larus/kmp/voice_setting/voice/component/VoiceDoubleTabEntryFeature$g;'
2603499	  Class descriptor  : 'Lcom/larus/kmp/voice_setting/voice/component/VoiceDoubleTabEntryFeature$h;'
2603563	  Class descriptor  : 'Lcom/larus/kmp/voice_setting/voice/component/VoiceDoubleTabEntryFeature$i;'
2603627	  Class descriptor  : 'Lcom/larus/kmp/voice_setting/voice/component/VoiceDoubleTabEntryFeature$j;'
2604566	  Class descriptor  : 'Lcom/larus/kmp/voice_setting/voice/component/VoiceDoubleTabEntryFeature$k;'
2604923	  Class descriptor  : 'Lcom/larus/kmp/voice_setting/voice/component/VoiceDoubleTabEntryFeature$l;'
2605030	  Class descriptor  : 'Lcom/larus/kmp/voice_setting/voice/component/VoiceDoubleTabEntryFeature$m;'
2605114	  Class descriptor  : 'Lcom/larus/kmp/voice_setting/voice/component/VoiceDoubleTabEntryFeature$n;'
2605198	  Class descriptor  : 'Lcom/larus/kmp/voice_setting/voice/component/VoiceDoubleTabEntryFeature$o;'
2605282	  Class descriptor  : 'Lcom/larus/kmp/voice_setting/voice/component/VoiceDoubleTabEntryFeature$p;'
2605346	  Class descriptor  : 'Lcom/larus/kmp/voice_setting/voice/component/VoiceDoubleTabEntryFeature$performSave$1;'
2605568	  Class descriptor  : 'Lcom/larus/kmp/voice_setting/voice/component/VoiceDoubleTabEntryFeature$q;'
2605652	  Class descriptor  : 'Lcom/larus/kmp/voice_setting/voice/component/VoiceDoubleTabEntryFeature$r;'
2605736	  Class descriptor  : 'Lcom/larus/kmp/voice_setting/voice/component/VoiceDoubleTabEntryFeature$s;'
2605820	  Class descriptor  : 'Lcom/larus/kmp/voice_setting/voice/component/VoiceDoubleTabEntryFeature$t;'
2605904	  Class descriptor  : 'Lcom/larus/kmp/voice_setting/voice/component/VoiceDoubleTabEntryFeature$u;'
2605988	  Class descriptor  : 'Lcom/larus/kmp/voice_setting/voice/component/VoiceDoubleTabEntryFeature$v;'
2606072	  Class descriptor  : 'Lcom/larus/kmp/voice_setting/voice/component/VoiceDoubleTabEntryFeature$w;'
2606156	  Class descriptor  : 'Lcom/larus/kmp/voice_setting/voice/component/VoiceDoubleTabEntryFeature$x;'
2606240	  Class descriptor  : 'Lcom/larus/kmp/voice_setting/voice/component/VoiceDoubleTabEntryFeature$y;'
2606324	  Class descriptor  : 'Lcom/larus/kmp/voice_setting/voice/component/VoiceDoubleTabEntryFeature$z;'
2606388	  Class descriptor  : 'Lcom/larus/kmp/voice_setting/voice/component/u4;'
2606430	  Class descriptor  : 'Lcom/larus/kmp/voice_setting/voice/component/a5;'
2606448	  Class descriptor  : 'Lcom/larus/kmp/voice_setting/voice/component/p4;'
2606466	  Class descriptor  : 'Lcom/larus/kmp/voice_setting/voice/component/VoiceDoubleTabEntryFeature;'
2615302	  Class descriptor  : 'Lcom/larus/kmp/voice_setting/voice/component/VoiceDoubleTabStateProducerFeature$a;'
2615386	  Class descriptor  : 'Lcom/larus/kmp/voice_setting/voice/component/VoiceDoubleTabStateProducerFeature$b;'
2616755	  Class descriptor  : 'Lcom/larus/kmp/voice_setting/voice/component/VoiceDoubleTabStateProducerFeature$c;'
2616945	  Class descriptor  : 'Lcom/larus/kmp/voice_setting/voice/component/VoiceDoubleTabStateProducerFeature$d;'
2618288	  Class descriptor  : 'Lcom/larus/kmp/voice_setting/voice/component/VoiceDoubleTabStateProducerFeature$e;'
2618655	  Class descriptor  : 'Lcom/larus/kmp/voice_setting/voice/component/VoiceDoubleTabStateProducerFeature$f;'
2618719	  Class descriptor  : 'Lcom/larus/kmp/voice_setting/voice/component/VoiceDoubleTabStateProducerFeature$g;'
2618803	  Class descriptor  : 'Lcom/larus/kmp/voice_setting/voice/component/VoiceDoubleTabStateProducerFeature$h;'
2618887	  Class descriptor  : 'Lcom/larus/kmp/voice_setting/voice/component/VoiceDoubleTabStateProducerFeature$i;'
2618971	  Class descriptor  : 'Lcom/larus/kmp/voice_setting/voice/component/VoiceDoubleTabStateProducerFeature$j;'
2619035	  Class descriptor  : 'Lcom/larus/kmp/voice_setting/voice/component/VoiceDoubleTabStateProducerFeature$onAttach$3$1$a;'
2620050	  Class descriptor  : 'Lcom/larus/kmp/voice_setting/voice/component/VoiceDoubleTabStateProducerFeature$onAttach$3$1;'
2620293	  Class descriptor  : 'Lcom/larus/kmp/voice_setting/voice/component/VoiceDoubleTabStateProducerFeature;'
2620960	  Class descriptor  : 'Lcom/larus/kmp/voice_setting/voice/component/VoiceDropdownMenuItemKind;'
2621152	  Class descriptor  : 'Lcom/larus/kmp/voice_setting/voice/component/VoiceEditAreaActionKind;'
2621647	  Class descriptor  : 'Lcom/larus/kmp/voice_setting/voice/component/VoiceEditAreaFeature$a;'
2621997	  Class descriptor  : 'Lcom/larus/kmp/voice_setting/voice/component/VoiceEditAreaFeature$b;'
2622061	  Class descriptor  : 'Lcom/larus/kmp/voice_setting/voice/component/VoiceEditAreaFeature;'
2622157	  Class descriptor  : 'Lcom/larus/kmp/voice_setting/voice/component/VoiceEditAreaLayoutMode;'
2622349	  Class descriptor  : 'Lcom/larus/kmp/voice_setting/voice/component/VoiceEditMode;'
2622563	  Class descriptor  : 'Lcom/larus/kmp/voice_setting/voice/component/VoiceEntryArgsFeature;'
2622683	  Class descriptor  : 'Lcom/larus/kmp/voice_setting/voice/component/VoiceImageUploadFeature$a;'
2622767	  Class descriptor  : 'Lcom/larus/kmp/voice_setting/voice/component/VoiceImageUploadFeature$b;'
2622831	  Class descriptor  : 'Lcom/larus/kmp/voice_setting/voice/component/VoiceImageUploadFeature$c;'
2622895	  Class descriptor  : 'Lcom/larus/kmp/voice_setting/voice/component/VoiceImageUploadFeature$d;'
2622979	  Class descriptor  : 'Lcom/larus/kmp/voice_setting/voice/component/VoiceImageUploadFeature$e;'
2623043	  Class descriptor  : 'Lcom/larus/kmp/voice_setting/voice/component/VoiceImageUploadFeature$f;'
2623107	  Class descriptor  : 'Lcom/larus/kmp/voice_setting/voice/component/x4;'
2623131	  Class descriptor  : 'Lcom/larus/kmp/voice_setting/voice/component/VoiceImageUploadFeature;'
2623842	  Class descriptor  : 'Lcom/larus/kmp/voice_setting/voice/component/VoiceListKind;'
2624100	  Class descriptor  : 'Lcom/larus/kmp/voice_setting/voice/component/VoiceMixPreviewActionKind;'
2624314	  Class descriptor  : 'Lcom/larus/kmp/voice_setting/voice/component/VoiceMixPreviewFeature$a;'
2624370	  Class descriptor  : 'Lcom/larus/kmp/voice_setting/voice/component/VoiceMixPreviewFeature$b;'
2625040	  Class descriptor  : 'Lcom/larus/kmp/voice_setting/voice/component/VoiceMixPreviewFeature$c;'
2625124	  Class descriptor  : 'Lcom/larus/kmp/voice_setting/voice/component/VoiceMixPreviewFeature$d;'
2625188	  Class descriptor  : 'Lcom/larus/kmp/voice_setting/voice/component/c5;'
2625200	  Class descriptor  : 'Lcom/larus/kmp/voice_setting/voice/component/VoiceMixPreviewFeature;'
2625301	  Class descriptor  : 'Lcom/larus/kmp/voice_setting/voice/component/VoicePlatformEffectFeature$a;'
2625375	  Class descriptor  : 'Lcom/larus/kmp/voice_setting/voice/component/k5;'
2625393	  Class descriptor  : 'Lcom/larus/kmp/voice_setting/voice/component/VoicePlatformEffectFeature;'
2625700	  Class descriptor  : 'Lcom/larus/kmp/voice_setting/voice/component/VoicePlatformEffectKind;'
2626369	  Class descriptor  : 'Lcom/larus/kmp/voice_setting/voice/component/VoicePublicListFeature$a;'
2626425	  Class descriptor  : 'Lcom/larus/kmp/voice_setting/voice/component/VoicePublicListFeature;'
2627015	  Class descriptor  : 'Lcom/larus/kmp/voice_setting/voice/component/VoiceRootHostActionKind;'
2627295	  Class descriptor  : 'Lcom/larus/kmp/voice_setting/voice/component/VoiceRootRouteKind;'
2627509	  Class descriptor  : 'Lcom/larus/kmp/voice_setting/voice/component/VoiceRowActionKind;'
2627975	  Class descriptor  : 'Lcom/larus/kmp/voice_setting/voice/component/VoiceSettingCmpPageKind;'
2628189	  Class descriptor  : 'Lcom/larus/kmp/voice_setting/voice/component/VoiceShellFeedbackKind;'
2628425	  Class descriptor  : 'Lcom/larus/kmp/voice_setting/voice/component/VoiceSingleScreenFeature$a;'
2628587	  Class descriptor  : 'Lcom/larus/kmp/voice_setting/voice/component/VoiceSingleScreenFeature$b;'
2628671	  Class descriptor  : 'Lcom/larus/kmp/voice_setting/voice/component/VoiceSingleScreenFeature$c;'
2628735	  Class descriptor  : 'Lcom/larus/kmp/voice_setting/voice/component/VoiceSingleScreenFeature$d;'
2628959	  Class descriptor  : 'Lcom/larus/kmp/voice_setting/voice/component/VoiceSingleScreenFeature$e;'
2629292	  Class descriptor  : 'Lcom/larus/kmp/voice_setting/voice/component/VoiceSingleScreenFeature$f;'
2629373	  Class descriptor  : 'Lcom/larus/kmp/voice_setting/voice/component/VoiceSingleScreenFeature$g;'
2629437	  Class descriptor  : 'Lcom/larus/kmp/voice_setting/voice/component/VoiceSingleScreenFeature$h;'
2629501	  Class descriptor  : 'Lcom/larus/kmp/voice_setting/voice/component/VoiceSingleScreenFeature;'
2631633	  Class descriptor  : 'Lcom/larus/kmp/voice_setting/voice/component/VoiceSingleScreenStateProducerFeature$a;'
2631682	  Class descriptor  : 'Lcom/larus/kmp/voice_setting/voice/component/VoiceSingleScreenStateProducerFeature$b;'
2631917	  Class descriptor  : 'Lcom/larus/kmp/voice_setting/voice/component/VoiceSingleScreenStateProducerFeature$c;'
2632156	  Class descriptor  : 'Lcom/larus/kmp/voice_setting/voice/component/VoiceSingleScreenStateProducerFeature$d;'
2632583	  Class descriptor  : 'Lcom/larus/kmp/voice_setting/voice/component/VoiceSingleScreenStateProducerFeature$e;'
2632667	  Class descriptor  : 'Lcom/larus/kmp/voice_setting/voice/component/VoiceSingleScreenStateProducerFeature$f;'
2632731	  Class descriptor  : 'Lcom/larus/kmp/voice_setting/voice/component/VoiceSingleScreenStateProducerFeature$g;'
2632815	  Class descriptor  : 'Lcom/larus/kmp/voice_setting/voice/component/VoiceSingleScreenStateProducerFeature$h;'
2632899	  Class descriptor  : 'Lcom/larus/kmp/voice_setting/voice/component/VoiceSingleScreenStateProducerFeature$i;'
2632963	  Class descriptor  : 'Lcom/larus/kmp/voice_setting/voice/component/VoiceSingleScreenStateProducerFeature$onAttach$1$1$a;'
2633593	  Class descriptor  : 'Lcom/larus/kmp/voice_setting/voice/component/VoiceSingleScreenStateProducerFeature$onAttach$1$1;'
2633791	  Class descriptor  : 'Lcom/larus/kmp/voice_setting/voice/component/VoiceSingleScreenStateProducerFeature;'
2634000	  Class descriptor  : 'Lcom/larus/kmp/voice_setting/voice/component/a0;'
2634249	  Class descriptor  : 'Lcom/larus/kmp/voice_setting/voice/component/a1;'
2634333	  Class descriptor  : 'Lcom/larus/kmp/voice_setting/voice/component/a2;'
2634417	  Class descriptor  : 'Lcom/larus/kmp/voice_setting/voice/component/a3;'
2634481	  Class descriptor  : 'Lcom/larus/kmp/voice_setting/voice/component/a4;'
2634538	  Class descriptor  : 'Lcom/larus/kmp/voice_setting/voice/component/a6;'
2634815	  Class descriptor  : 'Lcom/larus/kmp/voice_setting/voice/component/a7;'
2634917	  Class descriptor  : 'Lcom/larus/kmp/voice_setting/voice/component/a8;'
2635132	  Class descriptor  : 'Lcom/larus/kmp/voice_setting/voice/component/a;'
2635213	  Class descriptor  : 'Lcom/larus/kmp/voice_setting/voice/component/b1;'
2635297	  Class descriptor  : 'Lcom/larus/kmp/voice_setting/voice/component/b2;'
2635381	  Class descriptor  : 'Lcom/larus/kmp/voice_setting/voice/component/b3;'
2635465	  Class descriptor  : 'Lcom/larus/kmp/voice_setting/voice/component/b4;'
2635549	  Class descriptor  : 'Lcom/larus/kmp/voice_setting/voice/component/b5;'
2636049	  Class descriptor  : 'Lcom/larus/kmp/voice_setting/voice/component/b6;'
2636375	  Class descriptor  : 'Lcom/larus/kmp/voice_setting/voice/component/b7;'
2636438	  Class descriptor  : 'Lcom/larus/kmp/voice_setting/voice/component/b8;'
2636495	  Class descriptor  : 'Lcom/larus/kmp/voice_setting/voice/component/b;'
2636586	  Class descriptor  : 'Lcom/larus/kmp/voice_setting/voice/component/c0;'
2637233	  Class descriptor  : 'Lcom/larus/kmp/voice_setting/voice/component/c1;'
2637317	  Class descriptor  : 'Lcom/larus/kmp/voice_setting/voice/component/c2;'
2637381	  Class descriptor  : 'Lcom/larus/kmp/voice_setting/voice/component/c3;'
2637465	  Class descriptor  : 'Lcom/larus/kmp/voice_setting/voice/component/c4;'
2637549	  Class descriptor  : 'Lcom/larus/kmp/voice_setting/voice/component/c7;'
2637625	  Class descriptor  : 'Lcom/larus/kmp/voice_setting/voice/component/c8;'
2637709	  Class descriptor  : 'Lcom/larus/kmp/voice_setting/voice/component/c;'
2637875	  Class descriptor  : 'Lcom/larus/kmp/voice_setting/voice/component/d0;'
2638482	  Class descriptor  : 'Lcom/larus/kmp/voice_setting/voice/component/d1;'
2638546	  Class descriptor  : 'Lcom/larus/kmp/voice_setting/voice/component/d2;'
2638630	  Class descriptor  : 'Lcom/larus/kmp/voice_setting/voice/component/d3;'
2638714	  Class descriptor  : 'Lcom/larus/kmp/voice_setting/voice/component/d4;'
2638798	  Class descriptor  : 'Lcom/larus/kmp/voice_setting/voice/component/d5;'
2639143	  Class descriptor  : 'Lcom/larus/kmp/voice_setting/voice/component/d6;'
2639490	  Class descriptor  : 'Lcom/larus/kmp/voice_setting/voice/component/d7;'
2639553	  Class descriptor  : 'Lcom/larus/kmp/voice_setting/voice/component/d8;'
2639617	  Class descriptor  : 'Lcom/larus/kmp/voice_setting/voice/component/d;'
2639674	  Class descriptor  : 'Lcom/larus/kmp/voice_setting/voice/component/e0;'
2639965	  Class descriptor  : 'Lcom/larus/kmp/voice_setting/voice/component/e1;'
2640049	  Class descriptor  : 'Lcom/larus/kmp/voice_setting/voice/component/e2;'
2640133	  Class descriptor  : 'Lcom/larus/kmp/voice_setting/voice/component/e3;'
2640197	  Class descriptor  : 'Lcom/larus/kmp/voice_setting/voice/component/e4;'
2640261	  Class descriptor  : 'Lcom/larus/kmp/voice_setting/voice/component/e5;'
2640481	  Class descriptor  : 'Lcom/larus/kmp/voice_setting/voice/component/e6;'
2640777	  Class descriptor  : 'Lcom/larus/kmp/voice_setting/voice/component/e7;'
2640853	  Class descriptor  : 'Lcom/larus/kmp/voice_setting/voice/component/e8;'
2640937	  Class descriptor  : 'Lcom/larus/kmp/voice_setting/voice/component/e;'
2641017	  Class descriptor  : 'Lcom/larus/kmp/voice_setting/voice/component/f0;'
2641329	  Class descriptor  : 'Lcom/larus/kmp/voice_setting/voice/component/f1;'
2641413	  Class descriptor  : 'Lcom/larus/kmp/voice_setting/voice/component/f2;'
2641477	  Class descriptor  : 'Lcom/larus/kmp/voice_setting/voice/component/f3;'
2641541	  Class descriptor  : 'Lcom/larus/kmp/voice_setting/voice/component/f4;'
2641625	  Class descriptor  : 'Lcom/larus/kmp/voice_setting/voice/component/f5;'
2641814	  Class descriptor  : 'Lcom/larus/kmp/voice_setting/voice/component/f6;'
2641873	  Class descriptor  : 'Lcom/larus/kmp/voice_setting/voice/component/f7;'
2641936	  Class descriptor  : 'Lcom/larus/kmp/voice_setting/voice/component/f8;'
2642000	  Class descriptor  : 'Lcom/larus/kmp/voice_setting/voice/component/f;'
2642155	  Class descriptor  : 'Lcom/larus/kmp/voice_setting/voice/component/g0;'
2642216	  Class descriptor  : 'Lcom/larus/kmp/voice_setting/voice/component/g1;'
2642280	  Class descriptor  : 'Lcom/larus/kmp/voice_setting/voice/component/g2;'
2642364	  Class descriptor  : 'Lcom/larus/kmp/voice_setting/voice/component/g3;'
2642428	  Class descriptor  : 'Lcom/larus/kmp/voice_setting/voice/component/g4;'
2642492	  Class descriptor  : 'Lcom/larus/kmp/voice_setting/voice/component/g5;'
2642576	  Class descriptor  : 'Lcom/larus/kmp/voice_setting/voice/component/g6;'
2642635	  Class descriptor  : 'Lcom/larus/kmp/voice_setting/voice/component/g7;'
2642711	  Class descriptor  : 'Lcom/larus/kmp/voice_setting/voice/component/g8;'
2642775	  Class descriptor  : 'Lcom/larus/kmp/voice_setting/voice/component/g;'
2642943	  Class descriptor  : 'Lcom/larus/kmp/voice_setting/voice/component/h0;'
2643038	  Class descriptor  : 'Lcom/larus/kmp/voice_setting/voice/component/h1;'
2643122	  Class descriptor  : 'Lcom/larus/kmp/voice_setting/voice/component/h2;'
2643206	  Class descriptor  : 'Lcom/larus/kmp/voice_setting/voice/component/h3;'
2643290	  Class descriptor  : 'Lcom/larus/kmp/voice_setting/voice/component/h4;'
2643354	  Class descriptor  : 'Lcom/larus/kmp/voice_setting/voice/component/h5;'
2643418	  Class descriptor  : 'Lcom/larus/kmp/voice_setting/voice/component/h6;'
2643477	  Class descriptor  : 'Lcom/larus/kmp/voice_setting/voice/component/h7;'
2643540	  Class descriptor  : 'Lcom/larus/kmp/voice_setting/voice/component/h8;'
2643624	  Class descriptor  : 'Lcom/larus/kmp/voice_setting/voice/component/h;'
2643784	  Class descriptor  : 'Lcom/larus/kmp/voice_setting/voice/component/i$a;'
2643957	  Class descriptor  : 'Lcom/larus/kmp/voice_setting/voice/component/i$b;'
2644021	  Class descriptor  : 'Lcom/larus/kmp/voice_setting/voice/component/i0;'
2644419	  Class descriptor  : 'Lcom/larus/kmp/voice_setting/voice/component/i1;'
2644483	  Class descriptor  : 'Lcom/larus/kmp/voice_setting/voice/component/i2;'
2644567	  Class descriptor  : 'Lcom/larus/kmp/voice_setting/voice/component/i3;'
2644631	  Class descriptor  : 'Lcom/larus/kmp/voice_setting/voice/component/i4;'
2644695	  Class descriptor  : 'Lcom/larus/kmp/voice_setting/voice/component/i5;'
2645640	  Class descriptor  : 'Lcom/larus/kmp/voice_setting/voice/component/i6;'
2645699	  Class descriptor  : 'Lcom/larus/kmp/voice_setting/voice/component/i7;'
2646262	  Class descriptor  : 'Lcom/larus/kmp/voice_setting/voice/component/i8;'
2646346	  Class descriptor  : 'Lcom/larus/kmp/voice_setting/voice/component/m5;'
2646369	  Class descriptor  : 'Lcom/larus/kmp/voice_setting/voice/component/i;'
2648258	  Class descriptor  : 'Lcom/larus/kmp/voice_setting/voice/component/j0;'
2648446	  Class descriptor  : 'Lcom/larus/kmp/voice_setting/voice/component/j1;'
2648530	  Class descriptor  : 'Lcom/larus/kmp/voice_setting/voice/component/j2;'
2648614	  Class descriptor  : 'Lcom/larus/kmp/voice_setting/voice/component/j3;'
2648698	  Class descriptor  : 'Lcom/larus/kmp/voice_setting/voice/component/j4;'
2648762	  Class descriptor  : 'Lcom/larus/kmp/voice_setting/voice/component/j5;'
2649199	  Class descriptor  : 'Lcom/larus/kmp/voice_setting/voice/component/j6;'
2649330	  Class descriptor  : 'Lcom/larus/kmp/voice_setting/voice/component/j7;'
2649445	  Class descriptor  : 'Lcom/larus/kmp/voice_setting/voice/component/j8;'
2649509	  Class descriptor  : 'Lcom/larus/kmp/voice_setting/voice/component/j;'
2649758	  Class descriptor  : 'Lcom/larus/kmp/voice_setting/voice/component/k0;'
2650339	  Class descriptor  : 'Lcom/larus/kmp/voice_setting/voice/component/k1;'
2650423	  Class descriptor  : 'Lcom/larus/kmp/voice_setting/voice/component/k2;'
2650487	  Class descriptor  : 'Lcom/larus/kmp/voice_setting/voice/component/k3;'
2650551	  Class descriptor  : 'Lcom/larus/kmp/voice_setting/voice/component/k4;'
2650615	  Class descriptor  : 'Lcom/larus/kmp/voice_setting/voice/component/k6$a;'
2650766	  Class descriptor  : 'Lcom/larus/kmp/voice_setting/voice/component/k6$b;'
2650930	  Class descriptor  : 'Lcom/larus/kmp/voice_setting/voice/component/k6$c;'
2650986	  Class descriptor  : 'Lcom/larus/kmp/voice_setting/voice/component/k6;'
2653702	  Class descriptor  : 'Lcom/larus/kmp/voice_setting/voice/component/k7;'
2653765	  Class descriptor  : 'Lcom/larus/kmp/voice_setting/voice/component/k8;'
2653849	  Class descriptor  : 'Lcom/larus/kmp/voice_setting/voice/component/k;'
2654097	  Class descriptor  : 'Lcom/larus/kmp/voice_setting/voice/component/l0;'
2654257	  Class descriptor  : 'Lcom/larus/kmp/voice_setting/voice/component/l1;'
2654341	  Class descriptor  : 'Lcom/larus/kmp/voice_setting/voice/component/l2;'
2654425	  Class descriptor  : 'Lcom/larus/kmp/voice_setting/voice/component/l3;'
2654489	  Class descriptor  : 'Lcom/larus/kmp/voice_setting/voice/component/l4;'
2654553	  Class descriptor  : 'Lcom/larus/kmp/voice_setting/voice/component/l5;'
2655255	  Class descriptor  : 'Lcom/larus/kmp/voice_setting/voice/component/l6;'
2655319	  Class descriptor  : 'Lcom/larus/kmp/voice_setting/voice/component/l7;'
2655408	  Class descriptor  : 'Lcom/larus/kmp/voice_setting/voice/component/l8;'
2655472	  Class descriptor  : 'Lcom/larus/kmp/voice_setting/voice/component/l;'
2655672	  Class descriptor  : 'Lcom/larus/kmp/voice_setting/voice/component/m0;'
2655867	  Class descriptor  : 'Lcom/larus/kmp/voice_setting/voice/component/m1;'
2655931	  Class descriptor  : 'Lcom/larus/kmp/voice_setting/voice/component/m2;'
2656015	  Class descriptor  : 'Lcom/larus/kmp/voice_setting/voice/component/m3;'
2656099	  Class descriptor  : 'Lcom/larus/kmp/voice_setting/voice/component/m4;'
2656268	  Class descriptor  : 'Lcom/larus/kmp/voice_setting/voice/component/m6;'
2656332	  Class descriptor  : 'Lcom/larus/kmp/voice_setting/voice/component/m7;'
2656408	  Class descriptor  : 'Lcom/larus/kmp/voice_setting/voice/component/m8;'
2656492	  Class descriptor  : 'Lcom/larus/kmp/voice_setting/voice/component/m;'
2657014	  Class descriptor  : 'Lcom/larus/kmp/voice_setting/voice/component/n0;'
2657633	  Class descriptor  : 'Lcom/larus/kmp/voice_setting/voice/component/n1;'
2657836	  Class descriptor  : 'Lcom/larus/kmp/voice_setting/voice/component/n2;'
2657920	  Class descriptor  : 'Lcom/larus/kmp/voice_setting/voice/component/n3;'
2658004	  Class descriptor  : 'Lcom/larus/kmp/voice_setting/voice/component/n4;'
2658377	  Class descriptor  : 'Lcom/larus/kmp/voice_setting/voice/component/n5;'
2658472	  Class descriptor  : 'Lcom/larus/kmp/voice_setting/voice/component/n6;'
2658536	  Class descriptor  : 'Lcom/larus/kmp/voice_setting/voice/component/n7;'
2658612	  Class descriptor  : 'Lcom/larus/kmp/voice_setting/voice/component/n8;'
2658676	  Class descriptor  : 'Lcom/larus/kmp/voice_setting/voice/component/n;'
2658777	  Class descriptor  : 'Lcom/larus/kmp/voice_setting/voice/component/o0;'
2658834	  Class descriptor  : 'Lcom/larus/kmp/voice_setting/voice/component/o1;'
2660868	  Class descriptor  : 'Lcom/larus/kmp/voice_setting/voice/component/o2;'
2660932	  Class descriptor  : 'Lcom/larus/kmp/voice_setting/voice/component/o3;'
2661016	  Class descriptor  : 'Lcom/larus/kmp/voice_setting/voice/component/o4;'
2661291	  Class descriptor  : 'Lcom/larus/kmp/voice_setting/voice/component/o5;'
2661353	  Class descriptor  : 'Lcom/larus/kmp/voice_setting/voice/component/o6;'
2661417	  Class descriptor  : 'Lcom/larus/kmp/voice_setting/voice/component/o7;'
2661480	  Class descriptor  : 'Lcom/larus/kmp/voice_setting/voice/component/o8;'
2661970	  Class descriptor  : 'Lcom/larus/kmp/voice_setting/voice/screen/doubletab/h7;'
2662047	  Class descriptor  : 'Lcom/larus/kmp/voice_setting/voice/component/o;'
2663317	  Class descriptor  : 'Lcom/larus/kmp/voice_setting/voice/component/p0;'
2663401	  Class descriptor  : 'Lcom/larus/kmp/voice_setting/voice/component/p1;'
2663609	  Class descriptor  : 'Lcom/larus/kmp/voice_setting/voice/component/p2;'
2663673	  Class descriptor  : 'Lcom/larus/kmp/voice_setting/voice/component/p3;'
2663757	  Class descriptor  : 'Lcom/larus/kmp/voice_setting/voice/component/p5;'
2663938	  Class descriptor  : 'Lcom/larus/kmp/voice_setting/voice/component/p6;'
2664002	  Class descriptor  : 'Lcom/larus/kmp/voice_setting/voice/component/p7;'
2664078	  Class descriptor  : 'Lcom/larus/kmp/voice_setting/voice/component/p8;'
2664135	  Class descriptor  : 'Lcom/larus/kmp/voice_setting/voice/component/p;'
2664267	  Class descriptor  : 'Lcom/larus/kmp/voice_setting/voice/component/q0;'
2664331	  Class descriptor  : 'Lcom/larus/kmp/voice_setting/voice/component/q2;'
2664395	  Class descriptor  : 'Lcom/larus/kmp/voice_setting/voice/component/q3;'
2664459	  Class descriptor  : 'Lcom/larus/kmp/voice_setting/voice/component/q4;'
2665025	  Class descriptor  : 'Lcom/larus/kmp/voice_setting/voice/component/q5;'
2665134	  Class descriptor  : 'Lcom/larus/kmp/voice_setting/voice/component/q6;'
2665455	  Class descriptor  : 'Lcom/larus/kmp/voice_setting/voice/component/q7;'
2665756	  Class descriptor  : 'Lcom/larus/kmp/voice_setting/voice/component/q8;'
2665840	  Class descriptor  : 'Lcom/larus/kmp/voice_setting/voice/component/q;'
2666697	  Class descriptor  : 'Lcom/larus/kmp/voice_setting/voice/component/r0;'
2666761	  Class descriptor  : 'Lcom/larus/kmp/voice_setting/voice/component/r1;'
2666820	  Class descriptor  : 'Lcom/larus/kmp/voice_setting/voice/component/r2;'
2666904	  Class descriptor  : 'Lcom/larus/kmp/voice_setting/voice/component/r3;'
2666968	  Class descriptor  : 'Lcom/larus/kmp/voice_setting/voice/component/r4;'
2667258	  Class descriptor  : 'Lcom/larus/kmp/voice_setting/voice/component/r5;'
2667348	  Class descriptor  : 'Lcom/larus/kmp/voice_setting/voice/component/r6$a;'
2667514	  Class descriptor  : 'Lcom/larus/kmp/voice_setting/voice/component/r6;'
2668981	  Class descriptor  : 'Lcom/larus/kmp/voice_setting/voice/component/r7;'
2669066	  Class descriptor  : 'Lcom/larus/kmp/voice_setting/voice/component/r8;'
2669130	  Class descriptor  : 'Lcom/larus/kmp/voice_setting/voice/component/r;'
2669703	  Class descriptor  : 'Lcom/larus/kmp/voice_setting/voice/component/s0;'
2669787	  Class descriptor  : 'Lcom/larus/kmp/voice_setting/voice/component/s1;'
2669846	  Class descriptor  : 'Lcom/larus/kmp/voice_setting/voice/component/s2;'
2669910	  Class descriptor  : 'Lcom/larus/kmp/voice_setting/voice/component/s3;'
2669974	  Class descriptor  : 'Lcom/larus/kmp/voice_setting/voice/component/s4;'
2671496	  Class descriptor  : 'Lcom/larus/kmp/voice_setting/voice/component/s5;'
2671560	  Class descriptor  : 'Lcom/larus/kmp/voice_setting/voice/component/s6;'
2671624	  Class descriptor  : 'Lcom/larus/kmp/voice_setting/voice/component/s7;'
2671687	  Class descriptor  : 'Lcom/larus/kmp/voice_setting/voice/component/s8;'
2671751	  Class descriptor  : 'Lcom/larus/kmp/voice_setting/voice/component/s;'
2672218	  Class descriptor  : 'Lcom/larus/kmp/voice_setting/voice/component/t0;'
2672302	  Class descriptor  : 'Lcom/larus/kmp/voice_setting/voice/component/t1;'
2672359	  Class descriptor  : 'Lcom/larus/kmp/voice_setting/voice/component/t2;'
2672443	  Class descriptor  : 'Lcom/larus/kmp/voice_setting/voice/component/t3;'
2672507	  Class descriptor  : 'Lcom/larus/kmp/voice_setting/voice/component/t4;'
2672721	  Class descriptor  : 'Lcom/larus/kmp/voice_setting/voice/component/t5;'
2672785	  Class descriptor  : 'Lcom/larus/kmp/voice_setting/voice/component/t6;'
2672868	  Class descriptor  : 'Lcom/larus/kmp/voice_setting/voice/component/t7;'
2672970	  Class descriptor  : 'Lcom/larus/kmp/voice_setting/voice/component/t8;'
2673356	  Class descriptor  : 'Lcom/larus/kmp/voice_setting/voice/component/t;'
2673550	  Class descriptor  : 'Lcom/larus/kmp/voice_setting/voice/component/u0;'
2673634	  Class descriptor  : 'Lcom/larus/kmp/voice_setting/voice/component/u1;'
2673699	  Class descriptor  : 'Lcom/larus/kmp/voice_setting/voice/component/u2;'
2673783	  Class descriptor  : 'Lcom/larus/kmp/voice_setting/voice/component/u3;'
2673867	  Class descriptor  : 'Lcom/larus/kmp/voice_setting/voice/component/u5;'
2673931	  Class descriptor  : 'Lcom/larus/kmp/voice_setting/voice/component/u6;'
2673963	  Class descriptor  : 'Lcom/larus/kmp/voice_setting/voice/component/u7;'
2674039	  Class descriptor  : 'Lcom/larus/kmp/voice_setting/voice/component/u8;'
2674300	  Class descriptor  : 'Lcom/larus/kmp/voice_setting/voice/component/u;'
2674357	  Class descriptor  : 'Lcom/larus/kmp/voice_setting/voice/component/v0;'
2674421	  Class descriptor  : 'Lcom/larus/kmp/voice_setting/voice/component/v1;'
2674505	  Class descriptor  : 'Lcom/larus/kmp/voice_setting/voice/component/v2;'
2674589	  Class descriptor  : 'Lcom/larus/kmp/voice_setting/voice/component/v3;'
2674673	  Class descriptor  : 'Lcom/larus/kmp/voice_setting/voice/component/v4;'
2675160	  Class descriptor  : 'Lcom/larus/kmp/voice_setting/voice/component/v5;'
2675224	  Class descriptor  : 'Lcom/larus/kmp/voice_setting/voice/component/v6;'
2675256	  Class descriptor  : 'Lcom/larus/kmp/voice_setting/voice/component/v7;'
2675319	  Class descriptor  : 'Lcom/larus/kmp/voice_setting/voice/component/v;'
2675403	  Class descriptor  : 'Lcom/larus/kmp/voice_setting/voice/component/w0;'
2675487	  Class descriptor  : 'Lcom/larus/kmp/voice_setting/voice/component/w1;'
2675571	  Class descriptor  : 'Lcom/larus/kmp/voice_setting/voice/component/w2;'
2675635	  Class descriptor  : 'Lcom/larus/kmp/voice_setting/voice/component/w3;'
2675956	  Class descriptor  : 'Lcom/larus/kmp/voice_setting/voice/component/w4;'
2675997	  Class descriptor  : 'Lcom/larus/kmp/voice_setting/voice/component/w5;'
2676081	  Class descriptor  : 'Lcom/larus/kmp/voice_setting/voice/component/w6;'
2676113	  Class descriptor  : 'Lcom/larus/kmp/voice_setting/voice/component/w7;'
2676176	  Class descriptor  : 'Lcom/larus/kmp/voice_setting/voice/component/w;'
2676260	  Class descriptor  : 'Lcom/larus/kmp/voice_setting/voice/component/x0;'
2676324	  Class descriptor  : 'Lcom/larus/kmp/voice_setting/voice/component/x1;'
2676388	  Class descriptor  : 'Lcom/larus/kmp/voice_setting/voice/component/x2;'
2676472	  Class descriptor  : 'Lcom/larus/kmp/voice_setting/voice/component/x3;'
2676852	  Class descriptor  : 'Lcom/larus/kmp/voice_setting/voice/component/x5;'
2676916	  Class descriptor  : 'Lcom/larus/kmp/voice_setting/voice/component/x6;'
2677749	  Class descriptor  : 'Lcom/larus/kmp/voice_setting/voice/component/x7;'
2677825	  Class descriptor  : 'Lcom/larus/kmp/voice_setting/voice/component/x;'
2678079	  Class descriptor  : 'Lcom/larus/kmp/voice_setting/voice/component/y0;'
2678163	  Class descriptor  : 'Lcom/larus/kmp/voice_setting/voice/component/y1;'
2678227	  Class descriptor  : 'Lcom/larus/kmp/voice_setting/voice/component/y2;'
2678311	  Class descriptor  : 'Lcom/larus/kmp/voice_setting/voice/component/y3;'
2679312	  Class descriptor  : 'Lcom/larus/kmp/voice_setting/voice/component/y4;'
2679483	  Class descriptor  : 'Lcom/larus/kmp/voice_setting/voice/component/y5;'
2680048	  Class descriptor  : 'Lcom/larus/kmp/voice_setting/voice/component/y6;'
2680137	  Class descriptor  : 'Lcom/larus/kmp/voice_setting/voice/component/y7;'
2680317	  Class descriptor  : 'Lcom/larus/kmp/voice_setting/voice/component/y;'
2680646	  Class descriptor  : 'Lcom/larus/kmp/voice_setting/voice/component/z0;'
2680730	  Class descriptor  : 'Lcom/larus/kmp/voice_setting/voice/component/z1;'
2680814	  Class descriptor  : 'Lcom/larus/kmp/voice_setting/voice/component/z2;'
2680878	  Class descriptor  : 'Lcom/larus/kmp/voice_setting/voice/component/z3;'
2680961	  Class descriptor  : 'Lcom/larus/kmp/voice_setting/voice/component/z4;'
2681423	  Class descriptor  : 'Lcom/larus/kmp/voice_setting/voice/component/z5$a;'
2681472	  Class descriptor  : 'Lcom/larus/kmp/voice_setting/voice/component/z5;'
2681616	  Class descriptor  : 'Lcom/larus/kmp/voice_setting/voice/component/z6;'
2681692	  Class descriptor  : 'Lcom/larus/kmp/voice_setting/voice/component/z7;'
2681724	  Class descriptor  : 'Lcom/larus/kmp/voice_setting/voice/component/z;'
2681967	  Class descriptor  : 'Lcom/larus/kmp/voice_setting/voice/d;'
2682044	  Class descriptor  : 'Lcom/larus/kmp/voice_setting/voice/dialog/UgcVoiceContainerDialogUiKt$UgcVoiceDialogHostContent$2$1;'
2682464	  Class descriptor  : 'Lcom/larus/kmp/voice_setting/voice/dialog/UgcVoiceContainerDialogUiKt$UgcVoiceDialogHostContent$3$1;'
2682794	  Class descriptor  : 'Lcom/larus/kmp/voice_setting/voice/dialog/UgcVoiceContainerDialogUiKt$UgcVoiceDialogHostContent$4$1;'
2683170	  Class descriptor  : 'Lcom/larus/kmp/voice_setting/voice/dialog/UgcVoiceContainerDialogUiKt$VoiceNameInputContent$1$1$1;'
2683342	  Class descriptor  : 'Lcom/larus/kmp/voice_setting/voice/dialog/UgcVoiceContainerDialogUiKt$a;'
2684207	  Class descriptor  : 'Lcom/larus/kmp/voice_setting/voice/dialog/UgcVoiceContainerDialogUiKt$b;'
2685006	  Class descriptor  : 'Lcom/larus/kmp/voice_setting/voice/dialog/UgcVoiceContainerDialogUiKt$c;'
2685351	  Class descriptor  : 'Lcom/larus/kmp/voice_setting/voice/dialog/UgcVoiceContainerDialogUiKt$d;'
2686716	  Class descriptor  : 'Lcom/larus/kmp/voice_setting/voice/dialog/UgcVoiceContainerDialogUiKt$e;'
2686869	  Class descriptor  : 'Lcom/larus/kmp/voice_setting/voice/dialog/UgcVoiceContainerDialogUiKt$rememberNameInputImeInsetState$1$1;'
2687368	  Class descriptor  : 'Lcom/larus/kmp/voice_setting/voice/dialog/UgcVoiceContainerDialogUiKt$rememberNameInputImeInsetState$2$1;'
2687778	  Class descriptor  : 'Lcom/larus/kmp/voice_setting/voice/dialog/UgcVoiceContainerDialogUiKt;'
2699532	  Class descriptor  : 'Lcom/larus/kmp/voice_setting/voice/dialog/UgcVoiceInfoOptimizeBannerMode;'
2699746	  Class descriptor  : 'Lcom/larus/kmp/voice_setting/voice/dialog/UgcVoiceInfoOptimizeErrorIconMode;'
2699938	  Class descriptor  : 'Lcom/larus/kmp/voice_setting/voice/dialog/UgcVoiceOptimizeCloneStatus;'
2700152	  Class descriptor  : 'Lcom/larus/kmp/voice_setting/voice/dialog/VoiceDialogHostLayoutPolicy;'
2700388	  Class descriptor  : 'Lcom/larus/kmp/voice_setting/voice/dialog/a$a;'
2700545	  Class descriptor  : 'Lcom/larus/kmp/voice_setting/voice/dialog/a0;'
2700666	  Class descriptor  : 'Lcom/larus/kmp/voice_setting/voice/dialog/a1;'
2700779	  Class descriptor  : 'Lcom/larus/kmp/voice_setting/voice/dialog/a2;'
2700827	  Class descriptor  : 'Lcom/larus/kmp/voice_setting/voice/dialog/a;'
2700879	  Class descriptor  : 'Lcom/larus/kmp/voice_setting/voice/dialog/b0;'
2700992	  Class descriptor  : 'Lcom/larus/kmp/voice_setting/voice/dialog/b1;'
2701149	  Class descriptor  : 'Lcom/larus/kmp/voice_setting/voice/dialog/b2;'
2701272	  Class descriptor  : 'Lcom/larus/kmp/voice_setting/voice/dialog/b;'
2701426	  Class descriptor  : 'Lcom/larus/kmp/voice_setting/voice/dialog/c0;'
2701539	  Class descriptor  : 'Lcom/larus/kmp/voice_setting/voice/dialog/c1;'
2701622	  Class descriptor  : 'Lcom/larus/kmp/voice_setting/voice/dialog/c2;'
2701727	  Class descriptor  : 'Lcom/larus/kmp/voice_setting/voice/dialog/c;'
2701895	  Class descriptor  : 'Lcom/larus/kmp/voice_setting/voice/dialog/d0;'
2702026	  Class descriptor  : 'Lcom/larus/kmp/voice_setting/voice/dialog/d1;'
2702114	  Class descriptor  : 'Lcom/larus/kmp/voice_setting/voice/dialog/d2;'
2702245	  Class descriptor  : 'Lcom/larus/kmp/voice_setting/voice/dialog/d;'
2702417	  Class descriptor  : 'Lcom/larus/kmp/voice_setting/voice/dialog/e0;'
2702540	  Class descriptor  : 'Lcom/larus/kmp/voice_setting/voice/dialog/e1;'
2703184	  Class descriptor  : 'Lcom/larus/kmp/voice_setting/voice/dialog/e2;'
2703307	  Class descriptor  : 'Lcom/larus/kmp/voice_setting/voice/dialog/e;'
2703446	  Class descriptor  : 'Lcom/larus/kmp/voice_setting/voice/dialog/f0;'
2703559	  Class descriptor  : 'Lcom/larus/kmp/voice_setting/voice/dialog/f1$a;'
2703615	  Class descriptor  : 'Lcom/larus/kmp/voice_setting/voice/dialog/f1;'
2703699	  Class descriptor  : 'Lcom/larus/kmp/voice_setting/voice/dialog/f2;'
2703796	  Class descriptor  : 'Lcom/larus/kmp/voice_setting/voice/dialog/f;'
2703901	  Class descriptor  : 'Lcom/larus/kmp/voice_setting/voice/dialog/g$a;'
2705772	  Class descriptor  : 'Lcom/larus/kmp/voice_setting/voice/dialog/g0;'
2705885	  Class descriptor  : 'Lcom/larus/kmp/voice_setting/voice/dialog/g1;'
2706328	  Class descriptor  : 'Lcom/larus/kmp/voice_setting/voice/dialog/g2;'
2706425	  Class descriptor  : 'Lcom/larus/kmp/voice_setting/voice/dialog/g;'
2708038	  Class descriptor  : 'Lcom/larus/kmp/voice_setting/voice/dialog/h0;'
2708167	  Class descriptor  : 'Lcom/larus/kmp/voice_setting/voice/dialog/h1;'
2708215	  Class descriptor  : 'Lcom/larus/kmp/voice_setting/voice/dialog/h2;'
2708346	  Class descriptor  : 'Lcom/larus/kmp/voice_setting/voice/dialog/h;'
2708573	  Class descriptor  : 'Lcom/larus/kmp/voice_setting/voice/dialog/i0;'
2708685	  Class descriptor  : 'Lcom/larus/kmp/voice_setting/voice/dialog/i1;'
2708808	  Class descriptor  : 'Lcom/larus/kmp/voice_setting/voice/dialog/i2;'
2708856	  Class descriptor  : 'Lcom/larus/kmp/voice_setting/voice/dialog/i;'
2708979	  Class descriptor  : 'Lcom/larus/kmp/voice_setting/voice/dialog/j0;'
2709092	  Class descriptor  : 'Lcom/larus/kmp/voice_setting/voice/dialog/j1;'
2709215	  Class descriptor  : 'Lcom/larus/kmp/voice_setting/voice/dialog/j2;'
2709263	  Class descriptor  : 'Lcom/larus/kmp/voice_setting/voice/dialog/j;'
2709376	  Class descriptor  : 'Lcom/larus/kmp/voice_setting/voice/dialog/k0;'
2709489	  Class descriptor  : 'Lcom/larus/kmp/voice_setting/voice/dialog/k1;'
2709636	  Class descriptor  : 'Lcom/larus/kmp/voice_setting/voice/dialog/k2;'
2709684	  Class descriptor  : 'Lcom/larus/kmp/voice_setting/voice/dialog/k;'
2709797	  Class descriptor  : 'Lcom/larus/kmp/voice_setting/voice/dialog/l0;'
2709845	  Class descriptor  : 'Lcom/larus/kmp/voice_setting/voice/dialog/l1;'
2709976	  Class descriptor  : 'Lcom/larus/kmp/voice_setting/voice/dialog/l2;'
2710024	  Class descriptor  : 'Lcom/larus/kmp/voice_setting/voice/dialog/l;'
2710137	  Class descriptor  : 'Lcom/larus/kmp/voice_setting/voice/dialog/m0;'
2710252	  Class descriptor  : 'Lcom/larus/kmp/voice_setting/voice/dialog/m1;'
2710300	  Class descriptor  : 'Lcom/larus/kmp/voice_setting/voice/dialog/m2;'
2710348	  Class descriptor  : 'Lcom/larus/kmp/voice_setting/voice/dialog/m;'
2710461	  Class descriptor  : 'Lcom/larus/kmp/voice_setting/voice/dialog/n0;'
2710576	  Class descriptor  : 'Lcom/larus/kmp/voice_setting/voice/dialog/n1;'
2710624	  Class descriptor  : 'Lcom/larus/kmp/voice_setting/voice/dialog/n2;'
2710672	  Class descriptor  : 'Lcom/larus/kmp/voice_setting/voice/dialog/n;'
2710785	  Class descriptor  : 'Lcom/larus/kmp/voice_setting/voice/dialog/o0;'
2710924	  Class descriptor  : 'Lcom/larus/kmp/voice_setting/voice/dialog/o1;'
2710972	  Class descriptor  : 'Lcom/larus/kmp/voice_setting/voice/dialog/o2;'
2711020	  Class descriptor  : 'Lcom/larus/kmp/voice_setting/voice/dialog/o;'
2711133	  Class descriptor  : 'Lcom/larus/kmp/voice_setting/voice/dialog/p0;'
2711192	  Class descriptor  : 'Lcom/larus/kmp/voice_setting/voice/dialog/p1;'
2711240	  Class descriptor  : 'Lcom/larus/kmp/voice_setting/voice/dialog/p2;'
2711288	  Class descriptor  : 'Lcom/larus/kmp/voice_setting/voice/dialog/p;'
2711401	  Class descriptor  : 'Lcom/larus/kmp/voice_setting/voice/dialog/q0;'
2711498	  Class descriptor  : 'Lcom/larus/kmp/voice_setting/voice/dialog/q1;'
2711546	  Class descriptor  : 'Lcom/larus/kmp/voice_setting/voice/dialog/q2;'
2711717	  Class descriptor  : 'Lcom/larus/kmp/voice_setting/voice/dialog/q;'
2711830	  Class descriptor  : 'Lcom/larus/kmp/voice_setting/voice/dialog/r0;'
2711935	  Class descriptor  : 'Lcom/larus/kmp/voice_setting/voice/dialog/r1;'
2711983	  Class descriptor  : 'Lcom/larus/kmp/voice_setting/voice/dialog/r2$a;'
2713202	  Class descriptor  : 'Lcom/larus/kmp/voice_setting/voice/dialog/r2$b;'
2713258	  Class descriptor  : 'Lcom/larus/kmp/voice_setting/voice/dialog/r2;'
2723487	  Class descriptor  : 'Lcom/larus/kmp/voice_setting/voice/dialog/r;'
2723615	  Class descriptor  : 'Lcom/larus/kmp/voice_setting/voice/dialog/s0;'
2723754	  Class descriptor  : 'Lcom/larus/kmp/voice_setting/voice/dialog/s1;'
2723802	  Class descriptor  : 'Lcom/larus/kmp/voice_setting/voice/dialog/s2;'
2724914	  Class descriptor  : 'Lcom/larus/kmp/voice_setting/voice/dialog/s;'
2725027	  Class descriptor  : 'Lcom/larus/kmp/voice_setting/voice/dialog/t0;'
2725150	  Class descriptor  : 'Lcom/larus/kmp/voice_setting/voice/dialog/t1;'
2725321	  Class descriptor  : 'Lcom/larus/kmp/voice_setting/voice/dialog/t2;'
2725669	  Class descriptor  : 'Lcom/larus/kmp/voice_setting/voice/dialog/t;'
2725925	  Class descriptor  : 'Lcom/larus/kmp/voice_setting/voice/dialog/u0;'
2726072	  Class descriptor  : 'Lcom/larus/kmp/voice_setting/voice/dialog/u1;'
2726203	  Class descriptor  : 'Lcom/larus/kmp/voice_setting/voice/dialog/u2;'
2726308	  Class descriptor  : 'Lcom/larus/kmp/voice_setting/voice/dialog/u;'
2726421	  Class descriptor  : 'Lcom/larus/kmp/voice_setting/voice/dialog/v0;'
2726534	  Class descriptor  : 'Lcom/larus/kmp/voice_setting/voice/dialog/v1$a;'
2727937	  Class descriptor  : 'Lcom/larus/kmp/voice_setting/voice/dialog/v1;'
2734413	  Class descriptor  : 'Lcom/larus/kmp/voice_setting/voice/dialog/v2/UgcVoiceCreatePageStatus;'
2734689	  Class descriptor  : 'Lcom/larus/kmp/voice_setting/voice/dialog/v2/UgcVoiceCreateVisualState;'
2734925	  Class descriptor  : 'Lcom/larus/kmp/voice_setting/voice/dialog/v2/VoiceChatSpeakerStatus;'
2735139	  Class descriptor  : 'Lcom/larus/kmp/voice_setting/voice/dialog/v2/VoiceChatSpeakerUiKt$VoiceChatSpeakerRecordButton$2$1$1;'
2735878	  Class descriptor  : 'Lcom/larus/kmp/voice_setting/voice/dialog/v2/VoiceChatSpeakerUiKt$VoiceChatSpeakerRecordButton$2$1;'
2736004	  Class descriptor  : 'Lcom/larus/kmp/voice_setting/voice/dialog/v2/VoiceChatSpeakerUiKt$VoiceChatSpeakerRecordingOverlay$1$1$a;'
2736109	  Class descriptor  : 'Lcom/larus/kmp/voice_setting/voice/dialog/v2/VoiceChatSpeakerUiKt$VoiceChatSpeakerRecordingOverlay$1$1;'
2736444	  Class descriptor  : 'Lcom/larus/kmp/voice_setting/voice/dialog/v2/VoiceChatSpeakerUiKt$VoiceChatSpeakerRecordingOverlay$2$1;'
2736671	  Class descriptor  : 'Lcom/larus/kmp/voice_setting/voice/dialog/v2/VoiceChatSpeakerUiKt$VoiceChatSpeakerRecordingOverlay$3$1;'
2737665	  Class descriptor  : 'Lcom/larus/kmp/voice_setting/voice/dialog/v2/VoiceChatSpeakerUiKt$VoiceChatSpeakerWaveVisualizer$1$1;'
2738099	  Class descriptor  : 'Lcom/larus/kmp/voice_setting/voice/dialog/v2/VoiceChatSpeakerUiKt$a;'
2738829	  Class descriptor  : 'Lcom/larus/kmp/voice_setting/voice/dialog/v2/VoiceChatSpeakerUiKt$b;'
2739375	  Class descriptor  : 'Lcom/larus/kmp/voice_setting/voice/dialog/v2/VoiceChatSpeakerUiKt$c;'
2739431	  Class descriptor  : 'Lcom/larus/kmp/voice_setting/voice/dialog/v2/VoiceChatSpeakerUiKt;'
2746545	  Class descriptor  : 'Lcom/larus/kmp/voice_setting/voice/dialog/v2/VoiceChatSpeakerVisualStyle;'
2746737	  Class descriptor  : 'Lcom/larus/kmp/voice_setting/voice/dialog/v2/a0;'
2746782	  Class descriptor  : 'Lcom/larus/kmp/voice_setting/voice/dialog/v2/a;'
2746841	  Class descriptor  : 'Lcom/larus/kmp/voice_setting/voice/dialog/v2/api/VoiceMaterialApi$requestVoiceMaterial$2;'
2747029	  Class descriptor  : 'Lcom/larus/kmp/voice_setting/voice/dialog/v2/api/VoiceMaterialApi;'
2747095	  Class descriptor  : 'Lcom/larus/kmp/voice_setting/voice/dialog/v2/api/VoiceMaterialSelectionSource;'
2747287	  Class descriptor  : 'Lcom/larus/kmp/voice_setting/voice/dialog/v2/api/a;'
2747318	  Class descriptor  : 'Lcom/larus/kmp/voice_setting/voice/dialog/v2/api/b;'
2747392	  Class descriptor  : 'Lcom/larus/kmp/voice_setting/voice/dialog/v2/api/c;'
2747453	  Class descriptor  : 'Lcom/larus/kmp/voice_setting/voice/dialog/v2/api/d$a;'
2748098	  Class descriptor  : 'Lcom/larus/kmp/voice_setting/voice/dialog/v2/api/d$b;'
2748145	  Class descriptor  : 'Lcom/larus/kmp/voice_setting/voice/dialog/v2/api/d;'
2748484	  Class descriptor  : 'Lcom/larus/kmp/voice_setting/voice/dialog/v2/api/e;'
2748626	  Class descriptor  : 'Lcom/larus/kmp/voice_setting/voice/dialog/v2/b0;'
2748685	  Class descriptor  : 'Lcom/larus/kmp/voice_setting/voice/dialog/v2/b;'
2748741	  Class descriptor  : 'Lcom/larus/kmp/voice_setting/voice/dialog/v2/c0;'
2748872	  Class descriptor  : 'Lcom/larus/kmp/voice_setting/voice/dialog/v2/c;'
2748920	  Class descriptor  : 'Lcom/larus/kmp/voice_setting/voice/dialog/v2/d0;'
2749139	  Class descriptor  : 'Lcom/larus/kmp/voice_setting/voice/dialog/v2/d;'
2749294	  Class descriptor  : 'Lcom/larus/kmp/voice_setting/voice/dialog/v2/e0;'
2749361	  Class descriptor  : 'Lcom/larus/kmp/voice_setting/voice/dialog/v2/e;'
2749450	  Class descriptor  : 'Lcom/larus/kmp/voice_setting/voice/dialog/v2/f$a;'
2750520	  Class descriptor  : 'Lcom/larus/kmp/voice_setting/voice/dialog/v2/f$b;'
2750583	  Class descriptor  : 'Lcom/larus/kmp/voice_setting/voice/dialog/v2/f0;'
2751655	  Class descriptor  : 'Lcom/larus/kmp/voice_setting/voice/dialog/v2/f;'
2753928	  Class descriptor  : 'Lcom/larus/kmp/voice_setting/voice/dialog/v2/g0;'
2754527	  Class descriptor  : 'Lcom/larus/kmp/voice_setting/voice/dialog/v2/g;'
2755420	  Class descriptor  : 'Lcom/larus/kmp/voice_setting/voice/dialog/v2/h0;'
2755697	  Class descriptor  : 'Lcom/larus/kmp/voice_setting/voice/dialog/v2/h;'
2755809	  Class descriptor  : 'Lcom/larus/kmp/voice_setting/voice/dialog/v2/i;'
2755957	  Class descriptor  : 'Lcom/larus/kmp/voice_setting/voice/dialog/v2/j;'
2756030	  Class descriptor  : 'Lcom/larus/kmp/voice_setting/voice/dialog/v2/k;'
2756212	  Class descriptor  : 'Lcom/larus/kmp/voice_setting/voice/dialog/v2/l;'
2756778	  Class descriptor  : 'Lcom/larus/kmp/voice_setting/voice/dialog/v2/m;'
2756979	  Class descriptor  : 'Lcom/larus/kmp/voice_setting/voice/dialog/v2/n;'
2757963	  Class descriptor  : 'Lcom/larus/kmp/voice_setting/voice/dialog/v2/o;'
2758176	  Class descriptor  : 'Lcom/larus/kmp/voice_setting/voice/dialog/v2/p;'
2758315	  Class descriptor  : 'Lcom/larus/kmp/voice_setting/voice/dialog/v2/q;'
2758371	  Class descriptor  : 'Lcom/larus/kmp/voice_setting/voice/dialog/v2/r;'
2758419	  Class descriptor  : 'Lcom/larus/kmp/voice_setting/voice/dialog/v2/s;'
2758566	  Class descriptor  : 'Lcom/larus/kmp/voice_setting/voice/dialog/v2/t;'
2758681	  Class descriptor  : 'Lcom/larus/kmp/voice_setting/voice/dialog/v2/u;'
2758796	  Class descriptor  : 'Lcom/larus/kmp/voice_setting/voice/dialog/v2/v;'
2760126	  Class descriptor  : 'Lcom/larus/kmp/voice_setting/voice/dialog/v2/w;'
2760249	  Class descriptor  : 'Lcom/larus/kmp/voice_setting/voice/dialog/v2/x;'
2760354	  Class descriptor  : 'Lcom/larus/kmp/voice_setting/voice/dialog/v2/y;'
2760598	  Class descriptor  : 'Lcom/larus/kmp/voice_setting/voice/dialog/v2/z;'
2760705	  Class descriptor  : 'Lcom/larus/kmp/voice_setting/voice/dialog/v2;'
2761624	  Class descriptor  : 'Lcom/larus/kmp/voice_setting/voice/dialog/v;'
2761737	  Class descriptor  : 'Lcom/larus/kmp/voice_setting/voice/dialog/w0;'
2761850	  Class descriptor  : 'Lcom/larus/kmp/voice_setting/voice/dialog/w1;'
2762486	  Class descriptor  : 'Lcom/larus/kmp/voice_setting/voice/dialog/w2;'
2763003	  Class descriptor  : 'Lcom/larus/kmp/voice_setting/voice/dialog/w;'
2763116	  Class descriptor  : 'Lcom/larus/kmp/voice_setting/voice/dialog/x0;'
2763229	  Class descriptor  : 'Lcom/larus/kmp/voice_setting/voice/dialog/x1;'
2763310	  Class descriptor  : 'Lcom/larus/kmp/voice_setting/voice/dialog/x2;'
2763341	  Class descriptor  : 'Lcom/larus/kmp/voice_setting/voice/dialog/x;'
2763454	  Class descriptor  : 'Lcom/larus/kmp/voice_setting/voice/dialog/y0;'
2763567	  Class descriptor  : 'Lcom/larus/kmp/voice_setting/voice/dialog/y1;'
2763714	  Class descriptor  : 'Lcom/larus/kmp/voice_setting/voice/dialog/y;'
2763827	  Class descriptor  : 'Lcom/larus/kmp/voice_setting/voice/dialog/z0;'
2763940	  Class descriptor  : 'Lcom/larus/kmp/voice_setting/voice/dialog/z1;'
2764063	  Class descriptor  : 'Lcom/larus/kmp/voice_setting/voice/dialog/z;'
2764188	  Class descriptor  : 'Lcom/larus/kmp/voice_setting/voice/e;'
2764260	  Class descriptor  : 'Lcom/larus/kmp/voice_setting/voice/editvoice/VoicePitchAndRateManager$getVoicePitchAndRate$2;'
2764829	  Class descriptor  : 'Lcom/larus/kmp/voice_setting/voice/editvoice/VoicePitchAndRateManager$saveVoicePitchAndRate$1;'
2765530	  Class descriptor  : 'Lcom/larus/kmp/voice_setting/voice/editvoice/VoicePitchAndRateManager;'
2766257	  Class descriptor  : 'Lcom/larus/kmp/voice_setting/voice/editvoice/a;'
2766312	  Class descriptor  : 'Lcom/larus/kmp/voice_setting/voice/editvoice/b$a;'
2766868	  Class descriptor  : 'Lcom/larus/kmp/voice_setting/voice/editvoice/b$b;'
2766915	  Class descriptor  : 'Lcom/larus/kmp/voice_setting/voice/editvoice/b;'
2767247	  Class descriptor  : 'Lcom/larus/kmp/voice_setting/voice/editvoice/c;'
2767496	  Class descriptor  : 'Lcom/larus/kmp/voice_setting/voice/editvoice/d$a;'
2767918	  Class descriptor  : 'Lcom/larus/kmp/voice_setting/voice/editvoice/d$b;'
2767965	  Class descriptor  : 'Lcom/larus/kmp/voice_setting/voice/editvoice/d;'
2768215	  Class descriptor  : 'Lcom/larus/kmp/voice_setting/voice/editvoice/e;'
2768333	  Class descriptor  : 'Lcom/larus/kmp/voice_setting/voice/editvoice/f$a;'
2768773	  Class descriptor  : 'Lcom/larus/kmp/voice_setting/voice/editvoice/f$b;'
2768820	  Class descriptor  : 'Lcom/larus/kmp/voice_setting/voice/editvoice/f;'
2769148	  Class descriptor  : 'Lcom/larus/kmp/voice_setting/voice/editvoice/g;'
2769370	  Class descriptor  : 'Lcom/larus/kmp/voice_setting/voice/editvoice/h;'
2769562	  Class descriptor  : 'Lcom/larus/kmp/voice_setting/voice/editvoice/i;'
2769755	  Class descriptor  : 'Lcom/larus/kmp/voice_setting/voice/editvoice/j;'
2769812	  Class descriptor  : 'Lcom/larus/kmp/voice_setting/voice/editvoice/k;'
2769869	  Class descriptor  : 'Lcom/larus/kmp/voice_setting/voice/editvoice/l;'
2770215	  Class descriptor  : 'Lcom/larus/kmp/voice_setting/voice/editvoice/m;'
2770246	  Class descriptor  : 'Lcom/larus/kmp/voice_setting/voice/entry/VoiceActivityFragmentKind;'
2770438	  Class descriptor  : 'Lcom/larus/kmp/voice_setting/voice/f;'
2770538	  Class descriptor  : 'Lcom/larus/kmp/voice_setting/voice/feature/CacheStatus;'
2770752	  Class descriptor  : 'Lcom/larus/kmp/voice_setting/voice/feature/UgcVoiceMaterialPreloader$preloadIfNeeded$1;'
2771198	  Class descriptor  : 'Lcom/larus/kmp/voice_setting/voice/feature/UgcVoicePlatformKt$ugcVoicePost$1;'
2771281	  Class descriptor  : 'Lcom/larus/kmp/voice_setting/voice/feature/UgcVoicePlatformKt$ugcVoicePost$result$1;'
2771464	  Class descriptor  : 'Lcom/larus/kmp/voice_setting/voice/feature/UgcVoicePlatformKt$ugcVoicePostForAction$1;'
2771522	  Class descriptor  : 'Lcom/larus/kmp/voice_setting/voice/feature/UgcVoicePlatformKt;'
2772418	  Class descriptor  : 'Lcom/larus/kmp/voice_setting/voice/feature/UgcVoicePlatform_androidKt$ugcVoiceUploadFile$1;'
2772476	  Class descriptor  : 'Lcom/larus/kmp/voice_setting/voice/feature/UgcVoicePlatform_androidKt;'
2772744	  Class descriptor  : 'Lcom/larus/kmp/voice_setting/voice/feature/UgcVoiceRepoFeature$a;'
2772808	  Class descriptor  : 'Lcom/larus/kmp/voice_setting/voice/feature/UgcVoiceRepoFeature$onAttach$1$a;'
2773102	  Class descriptor  : 'Lcom/larus/kmp/voice_setting/voice/feature/UgcVoiceRepoFeature$onAttach$1;'
2773305	  Class descriptor  : 'Lcom/larus/kmp/voice_setting/voice/feature/UgcVoiceRepoFeature$onAttach$2$a;'
2773566	  Class descriptor  : 'Lcom/larus/kmp/voice_setting/voice/feature/UgcVoiceRepoFeature$onAttach$2;'
2773760	  Class descriptor  : 'Lcom/larus/kmp/voice_setting/voice/feature/UgcVoiceRepoFeature$saveUserVoice$1;'
2773977	  Class descriptor  : 'Lcom/larus/kmp/voice_setting/voice/feature/a;'
2774115	  Class descriptor  : 'Lcom/larus/kmp/voice_setting/voice/feature/UgcVoiceRepoFeature;'
2775801	  Class descriptor  : 'Lcom/larus/kmp/voice_setting/voice/feature/UgcVoiceRepository$checkVoice$1;'
2775877	  Class descriptor  : 'Lcom/larus/kmp/voice_setting/voice/feature/UgcVoiceRepository$cloneVoiceV2$1;'
2775967	  Class descriptor  : 'Lcom/larus/kmp/voice_setting/voice/feature/UgcVoiceRepository$createBotVoice$1;'
2776031	  Class descriptor  : 'Lcom/larus/kmp/voice_setting/voice/feature/UgcVoiceRepository$createMixPreview$1;'
2776099	  Class descriptor  : 'Lcom/larus/kmp/voice_setting/voice/feature/UgcVoiceRepository$createVoice$1;'
2776231	  Class descriptor  : 'Lcom/larus/kmp/voice_setting/voice/feature/UgcVoiceRepository$createVoiceV2$1;'
2777158	  Class descriptor  : 'Lcom/larus/kmp/voice_setting/voice/feature/UgcVoiceRepository$deleteVoice$1;'
2777758	  Class descriptor  : 'Lcom/larus/kmp/voice_setting/voice/feature/UgcVoiceRepository$editVoiceName$1;'
2778466	  Class descriptor  : 'Lcom/larus/kmp/voice_setting/voice/feature/UgcVoiceRepository$loadMoreMyVoice$1;'
2779032	  Class descriptor  : 'Lcom/larus/kmp/voice_setting/voice/feature/UgcVoiceRepository$loadMoreRecommendVoice$1;'
2779326	  Class descriptor  : 'Lcom/larus/kmp/voice_setting/voice/feature/UgcVoiceRepository$loadMyVoiceList$1;'
2779879	  Class descriptor  : 'Lcom/larus/kmp/voice_setting/voice/feature/UgcVoiceRepository$loadRecommendVoiceList$2;'
2780146	  Class descriptor  : 'Lcom/larus/kmp/voice_setting/voice/feature/UgcVoiceRepository$loadRecommendVoiceListInternal$1;'
2780252	  Class descriptor  : 'Lcom/larus/kmp/voice_setting/voice/feature/UgcVoiceRepository$preloadOtherVoiceList$1;'
2780560	  Class descriptor  : 'Lcom/larus/kmp/voice_setting/voice/feature/UgcVoiceRepository$requestUgcVoiceAuthorized$1;'
2780910	  Class descriptor  : 'Lcom/larus/kmp/voice_setting/voice/feature/UgcVoiceRepository$requestVoiceDetail$1;'
2780978	  Class descriptor  : 'Lcom/larus/kmp/voice_setting/voice/feature/UgcVoiceRepository$saveUserVoice$1;'
2781046	  Class descriptor  : 'Lcom/larus/kmp/voice_setting/voice/feature/UgcVoiceRepository$stateStore$1;'
2781151	  Class descriptor  : 'Lcom/larus/kmp/voice_setting/voice/feature/UgcVoiceRepository$updateFailedVoiceCache$1;'
2781440	  Class descriptor  : 'Lcom/larus/kmp/voice_setting/voice/feature/UgcVoiceRepository$updateVoiceV2$1;'
2782026	  Class descriptor  : 'Lcom/larus/kmp/voice_setting/voice/feature/UgcVoiceRepository$uploadVoice$1;'
2782912	  Class descriptor  : 'Lcom/larus/kmp/voice_setting/voice/feature/UgcVoiceRepository;'
2791005	  Class descriptor  : 'Lcom/larus/kmp/voice_setting/voice/feature/a0;'
2791136	  Class descriptor  : 'Lcom/larus/kmp/voice_setting/voice/feature/b0;'
2791299	  Class descriptor  : 'Lcom/larus/kmp/voice_setting/voice/feature/b;'
2791447	  Class descriptor  : 'Lcom/larus/kmp/voice_setting/voice/feature/c0;'
2791578	  Class descriptor  : 'Lcom/larus/kmp/voice_setting/voice/feature/c;'
2791635	  Class descriptor  : 'Lcom/larus/kmp/voice_setting/voice/feature/d0;'
2791736	  Class descriptor  : 'Lcom/larus/kmp/voice_setting/voice/feature/d;'
2792018	  Class descriptor  : 'Lcom/larus/kmp/voice_setting/voice/feature/e0;'
2792150	  Class descriptor  : 'Lcom/larus/kmp/voice_setting/voice/feature/e;'
2792510	  Class descriptor  : 'Lcom/larus/kmp/voice_setting/voice/feature/f0;'
2792713	  Class descriptor  : 'Lcom/larus/kmp/voice_setting/voice/feature/f;'
2792744	  Class descriptor  : 'Lcom/larus/kmp/voice_setting/voice/feature/g$a;'
2792755	  Class descriptor  : 'Lcom/larus/kmp/voice_setting/voice/feature/g0;'
2792939	  Class descriptor  : 'Lcom/larus/kmp/voice_setting/voice/feature/g;'
2793010	  Class descriptor  : 'Lcom/larus/kmp/voice_setting/voice/feature/h0;'
2793120	  Class descriptor  : 'Lcom/larus/kmp/voice_setting/voice/feature/h;'
2793317	  Class descriptor  : 'Lcom/larus/kmp/voice_setting/voice/feature/i0;'
2793405	  Class descriptor  : 'Lcom/larus/kmp/voice_setting/voice/feature/i;'
2793722	  Class descriptor  : 'Lcom/larus/kmp/voice_setting/voice/feature/j0;'
2793852	  Class descriptor  : 'Lcom/larus/kmp/voice_setting/voice/feature/j;'
2793916	  Class descriptor  : 'Lcom/larus/kmp/voice_setting/voice/feature/k0;'
2794039	  Class descriptor  : 'Lcom/larus/kmp/voice_setting/voice/feature/k;'
2794103	  Class descriptor  : 'Lcom/larus/kmp/voice_setting/voice/feature/l0;'
2794378	  Class descriptor  : 'Lcom/larus/kmp/voice_setting/voice/feature/l;'
2795411	  Class descriptor  : 'Lcom/larus/kmp/voice_setting/voice/feature/m0;'
2795541	  Class descriptor  : 'Lcom/larus/kmp/voice_setting/voice/feature/m;'
2795619	  Class descriptor  : 'Lcom/larus/kmp/voice_setting/voice/feature/n0;'
2795830	  Class descriptor  : 'Lcom/larus/kmp/voice_setting/voice/feature/n;'
2796594	  Class descriptor  : 'Lcom/larus/kmp/voice_setting/voice/feature/o0;'
2796743	  Class descriptor  : 'Lcom/larus/kmp/voice_setting/voice/feature/o;'
2796911	  Class descriptor  : 'Lcom/larus/kmp/voice_setting/voice/feature/p0;'
2797018	  Class descriptor  : 'Lcom/larus/kmp/voice_setting/voice/feature/p;'
2797194	  Class descriptor  : 'Lcom/larus/kmp/voice_setting/voice/feature/q0;'
2797415	  Class descriptor  : 'Lcom/larus/kmp/voice_setting/voice/feature/q;'
2798066	  Class descriptor  : 'Lcom/larus/kmp/voice_setting/voice/feature/r0;'
2798215	  Class descriptor  : 'Lcom/larus/kmp/voice_setting/voice/feature/r;'
2798345	  Class descriptor  : 'Lcom/larus/kmp/voice_setting/voice/feature/s0;'
2798449	  Class descriptor  : 'Lcom/larus/kmp/voice_setting/voice/feature/s;'
2798564	  Class descriptor  : 'Lcom/larus/kmp/voice_setting/voice/feature/t0;'
2798683	  Class descriptor  : 'Lcom/larus/kmp/voice_setting/voice/feature/t;'
2798812	  Class descriptor  : 'Lcom/larus/kmp/voice_setting/voice/feature/u0;'
2798932	  Class descriptor  : 'Lcom/larus/kmp/voice_setting/voice/feature/u;'
2799002	  Class descriptor  : 'Lcom/larus/kmp/voice_setting/voice/feature/v0;'
2799122	  Class descriptor  : 'Lcom/larus/kmp/voice_setting/voice/feature/v;'
2799277	  Class descriptor  : 'Lcom/larus/kmp/voice_setting/voice/feature/w0;'
2799337	  Class descriptor  : 'Lcom/larus/kmp/voice_setting/voice/feature/w;'
2799479	  Class descriptor  : 'Lcom/larus/kmp/voice_setting/voice/feature/x0;'
2799670	  Class descriptor  : 'Lcom/larus/kmp/voice_setting/voice/feature/x;'
2799813	  Class descriptor  : 'Lcom/larus/kmp/voice_setting/voice/feature/y0;'
2800413	  Class descriptor  : 'Lcom/larus/kmp/voice_setting/voice/feature/y;'
2800483	  Class descriptor  : 'Lcom/larus/kmp/voice_setting/voice/feature/z;'
2800606	  Class descriptor  : 'Lcom/larus/kmp/voice_setting/voice/g;'
2800673	  Class descriptor  : 'Lcom/larus/kmp/voice_setting/voice/h;'
2801060	  Class descriptor  : 'Lcom/larus/kmp/voice_setting/voice/i;'
2801772	  Class descriptor  : 'Lcom/larus/kmp/voice_setting/voice/image/VoiceImageBizTag;'
2801972	  Class descriptor  : 'Lcom/larus/kmp/voice_setting/voice/image/VoiceImageScaleType;'
2802164	  Class descriptor  : 'Lcom/larus/kmp/voice_setting/voice/j;'
2802327	  Class descriptor  : 'Lcom/larus/kmp/voice_setting/voice/k;'
2802390	  Class descriptor  : 'Lcom/larus/kmp/voice_setting/voice/l;'
2802454	  Class descriptor  : 'Lcom/larus/kmp/voice_setting/voice/list/VoiceListLoadMoreFooterState;'
2802712	  Class descriptor  : 'Lcom/larus/kmp/voice_setting/voice/list/VoiceListLoadTriggerKind;'
2802948	  Class descriptor  : 'Lcom/larus/kmp/voice_setting/voice/list/VoiceRowAddState;'
2803162	  Class descriptor  : 'Lcom/larus/kmp/voice_setting/voice/list/VoiceRowInteractionAction;'
2803376	  Class descriptor  : 'Lcom/larus/kmp/voice_setting/voice/list/VoiceRowPlayState;'
2803568	  Class descriptor  : 'Lcom/larus/kmp/voice_setting/voice/list/VoiceRowSelectionSnapshot;'
2803782	  Class descriptor  : 'Lcom/larus/kmp/voice_setting/voice/list/VoiceRowUploadState;'
2803996	  Class descriptor  : 'Lcom/larus/kmp/voice_setting/voice/list/managed/ManagedVoiceListFooterState;'
2804254	  Class descriptor  : 'Lcom/larus/kmp/voice_setting/voice/list/managed/ManagedVoiceListOverlayIconKind;'
2804468	  Class descriptor  : 'Lcom/larus/kmp/voice_setting/voice/list/managed/ManagedVoiceListOverlayState;'
2804682	  Class descriptor  : 'Lcom/larus/kmp/voice_setting/voice/list/managed/ManagedVoiceListRowContentType;'
2804918	  Class descriptor  : 'Lcom/larus/kmp/voice_setting/voice/list/managed/ManagedVoiceListScreenUiKt$ManagedVoiceListScreen$4$1;'
2805154	  Class descriptor  : 'Lcom/larus/kmp/voice_setting/voice/list/managed/ManagedVoiceListScreenUiKt$ManagedVoiceListScreen$5$1$a;'
2805919	  Class descriptor  : 'Lcom/larus/kmp/voice_setting/voice/list/managed/ManagedVoiceListScreenUiKt$ManagedVoiceListScreen$5$1;'
2806339	  Class descriptor  : 'Lcom/larus/kmp/voice_setting/voice/list/managed/ManagedVoiceListScreenUiKt$a$a;'
2806395	  Class descriptor  : 'Lcom/larus/kmp/voice_setting/voice/list/managed/ManagedVoiceListScreenUiKt$a;'
2807091	  Class descriptor  : 'Lcom/larus/kmp/voice_setting/voice/list/managed/ManagedVoiceListScreenUiKt$b;'
2807408	  Class descriptor  : 'Lcom/larus/kmp/voice_setting/voice/list/managed/ManagedVoiceListScreenUiKt$c;'
2807640	  Class descriptor  : 'Lcom/larus/kmp/voice_setting/voice/list/managed/ManagedVoiceListScreenUiKt$d;'
2807729	  Class descriptor  : 'Lcom/larus/kmp/voice_setting/voice/list/managed/ManagedVoiceListScreenUiKt$e;'
2807861	  Class descriptor  : 'Lcom/larus/kmp/voice_setting/voice/list/managed/ManagedVoiceListScreenUiKt$f;'
2808241	  Class descriptor  : 'Lcom/larus/kmp/voice_setting/voice/list/managed/ManagedVoiceListScreenUiKt$g;'
2808297	  Class descriptor  : 'Lcom/larus/kmp/voice_setting/voice/list/managed/ManagedVoiceListScreenUiKt;'
2813433	  Class descriptor  : 'Lcom/larus/kmp/voice_setting/voice/list/managed/a0;'
2813912	  Class descriptor  : 'Lcom/larus/kmp/voice_setting/voice/list/managed/a;'
2814121	  Class descriptor  : 'Lcom/larus/kmp/voice_setting/voice/list/managed/b;'
2814132	  Class descriptor  : 'Lcom/larus/kmp/voice_setting/voice/list/managed/b$a;'
2814182	  Class descriptor  : 'Lcom/larus/kmp/voice_setting/voice/list/managed/b$b;'
2814232	  Class descriptor  : 'Lcom/larus/kmp/voice_setting/voice/list/managed/b$c;'
2814282	  Class descriptor  : 'Lcom/larus/kmp/voice_setting/voice/list/managed/b$d;'
2814397	  Class descriptor  : 'Lcom/larus/kmp/voice_setting/voice/list/managed/b0;'
2814623	  Class descriptor  : 'Lcom/larus/kmp/voice_setting/voice/list/managed/c;'
2814801	  Class descriptor  : 'Lcom/larus/kmp/voice_setting/voice/list/managed/d;'
2814812	  Class descriptor  : 'Lcom/larus/kmp/voice_setting/voice/list/managed/d$a;'
2814886	  Class descriptor  : 'Lcom/larus/kmp/voice_setting/voice/list/managed/d$b;'
2815005	  Class descriptor  : 'Lcom/larus/kmp/voice_setting/voice/list/managed/d$c;'
2815124	  Class descriptor  : 'Lcom/larus/kmp/voice_setting/voice/list/managed/d$d;'
2815174	  Class descriptor  : 'Lcom/larus/kmp/voice_setting/voice/list/managed/e;'
2815237	  Class descriptor  : 'Lcom/larus/kmp/voice_setting/voice/list/managed/f;'
2815300	  Class descriptor  : 'Lcom/larus/kmp/voice_setting/voice/list/managed/g;'
2815415	  Class descriptor  : 'Lcom/larus/kmp/voice_setting/voice/list/managed/h;'
2815474	  Class descriptor  : 'Lcom/larus/kmp/voice_setting/voice/list/managed/i;'
2815522	  Class descriptor  : 'Lcom/larus/kmp/voice_setting/voice/list/managed/j;'
2815581	  Class descriptor  : 'Lcom/larus/kmp/voice_setting/voice/list/managed/k;'
2815697	  Class descriptor  : 'Lcom/larus/kmp/voice_setting/voice/list/managed/l;'
2815874	  Class descriptor  : 'Lcom/larus/kmp/voice_setting/voice/list/managed/m;'
2816045	  Class descriptor  : 'Lcom/larus/kmp/voice_setting/voice/list/managed/n;'
2816112	  Class descriptor  : 'Lcom/larus/kmp/voice_setting/voice/list/managed/o;'
2816227	  Class descriptor  : 'Lcom/larus/kmp/voice_setting/voice/list/managed/p;'
2816331	  Class descriptor  : 'Lcom/larus/kmp/voice_setting/voice/list/managed/q;'
2816394	  Class descriptor  : 'Lcom/larus/kmp/voice_setting/voice/list/managed/r;'
2816483	  Class descriptor  : 'Lcom/larus/kmp/voice_setting/voice/list/managed/s;'
2816588	  Class descriptor  : 'Lcom/larus/kmp/voice_setting/voice/list/managed/t;'
2816738	  Class descriptor  : 'Lcom/larus/kmp/voice_setting/voice/list/managed/u;'
2816801	  Class descriptor  : 'Lcom/larus/kmp/voice_setting/voice/list/managed/v;'
2816905	  Class descriptor  : 'Lcom/larus/kmp/voice_setting/voice/list/managed/w;'
2816994	  Class descriptor  : 'Lcom/larus/kmp/voice_setting/voice/list/managed/x;'
2817144	  Class descriptor  : 'Lcom/larus/kmp/voice_setting/voice/list/managed/y;'
2817551	  Class descriptor  : 'Lcom/larus/kmp/voice_setting/voice/list/managed/z;'
2817653	  Class descriptor  : 'Lcom/larus/kmp/voice_setting/voice/list/public/PublicVoiceListFooterState;'
2817911	  Class descriptor  : 'Lcom/larus/kmp/voice_setting/voice/list/public/PublicVoiceListScreenUiKt$PublicVoiceListScreen$2$1$a;'
2818222	  Class descriptor  : 'Lcom/larus/kmp/voice_setting/voice/list/public/PublicVoiceListScreenUiKt$PublicVoiceListScreen$2$1;'
2818516	  Class descriptor  : 'Lcom/larus/kmp/voice_setting/voice/list/public/PublicVoiceListScreenUiKt$PublicVoiceListScreen$3$1$a;'
2818848	  Class descriptor  : 'Lcom/larus/kmp/voice_setting/voice/list/public/PublicVoiceListScreenUiKt$PublicVoiceListScreen$3$1;'
2819094	  Class descriptor  : 'Lcom/larus/kmp/voice_setting/voice/list/public/PublicVoiceListScreenUiKt$PublicVoiceListScreen$4$1$a;'
2819333	  Class descriptor  : 'Lcom/larus/kmp/voice_setting/voice/list/public/PublicVoiceListScreenUiKt$PublicVoiceListScreen$4$1$invokeSuspend$$inlined$filter$1$2$1;'
2819405	  Class descriptor  : 'Lcom/larus/kmp/voice_setting/voice/list/public/PublicVoiceListScreenUiKt$PublicVoiceListScreen$4$1$invokeSuspend$$inlined$filter$1$2;'
2819637	  Class descriptor  : 'Lcom/larus/kmp/voice_setting/voice/list/public/PublicVoiceListScreenUiKt$PublicVoiceListScreen$4$1$invokeSuspend$$inlined$map$1$2$1;'
2819705	  Class descriptor  : 'Lcom/larus/kmp/voice_setting/voice/list/public/PublicVoiceListScreenUiKt$PublicVoiceListScreen$4$1$invokeSuspend$$inlined$map$1$2;'
2819876	  Class descriptor  : 'Lcom/larus/kmp/voice_setting/voice/list/public/PublicVoiceListScreenUiKt$PublicVoiceListScreen$4$1$invokeSuspend$$inlined$map$1;'
2819977	  Class descriptor  : 'Lcom/larus/kmp/voice_setting/voice/list/public/PublicVoiceListScreenUiKt$PublicVoiceListScreen$4$1;'
2820242	  Class descriptor  : 'Lcom/larus/kmp/voice_setting/voice/list/public/PublicVoiceListScreenUiKt$a;'
2820368	  Class descriptor  : 'Lcom/larus/kmp/voice_setting/voice/list/public/PublicVoiceListScreenUiKt$b;'
2820593	  Class descriptor  : 'Lcom/larus/kmp/voice_setting/voice/list/public/PublicVoiceListScreenUiKt$c;'
2820682	  Class descriptor  : 'Lcom/larus/kmp/voice_setting/voice/list/public/PublicVoiceListScreenUiKt$d;'
2820751	  Class descriptor  : 'Lcom/larus/kmp/voice_setting/voice/list/public/PublicVoiceListScreenUiKt$e;'
2821104	  Class descriptor  : 'Lcom/larus/kmp/voice_setting/voice/list/public/PublicVoiceListScreenUiKt;'
2824239	  Class descriptor  : 'Lcom/larus/kmp/voice_setting/voice/list/public/PublicVoiceListScreenWidget$Widget$$inlined$rememberComponentData$2$2;'
2824307	  Class descriptor  : 'Lcom/larus/kmp/voice_setting/voice/list/public/PublicVoiceListScreenWidget$a;'
2824391	  Class descriptor  : 'Lcom/larus/kmp/voice_setting/voice/list/public/PublicVoiceListScreenWidget$b;'
2824511	  Class descriptor  : 'Lcom/larus/kmp/voice_setting/voice/list/public/PublicVoiceListScreenWidget;'
2825107	  Class descriptor  : 'Lcom/larus/kmp/voice_setting/voice/list/public/a;'
2825267	  Class descriptor  : 'Lcom/larus/kmp/voice_setting/voice/list/public/b;'
2825445	  Class descriptor  : 'Lcom/larus/kmp/voice_setting/voice/list/public/c;'
2825504	  Class descriptor  : 'Lcom/larus/kmp/voice_setting/voice/list/public/d;'
2825681	  Class descriptor  : 'Lcom/larus/kmp/voice_setting/voice/list/public/e;'
2825812	  Class descriptor  : 'Lcom/larus/kmp/voice_setting/voice/list/public/f;'
2825879	  Class descriptor  : 'Lcom/larus/kmp/voice_setting/voice/list/public/g;'
2825968	  Class descriptor  : 'Lcom/larus/kmp/voice_setting/voice/list/public/h;'
2826016	  Class descriptor  : 'Lcom/larus/kmp/voice_setting/voice/list/public/i;'
2826064	  Class descriptor  : 'Lcom/larus/kmp/voice_setting/voice/list/public/j;'
2826169	  Class descriptor  : 'Lcom/larus/kmp/voice_setting/voice/list/public/k;'
2826274	  Class descriptor  : 'Lcom/larus/kmp/voice_setting/voice/list/public/l;'
2826570	  Class descriptor  : 'Lcom/larus/kmp/voice_setting/voice/list/public/m;'
2826666	  Class descriptor  : 'Lcom/larus/kmp/voice_setting/voice/list/public/n;'
2826880	  Class descriptor  : 'Lcom/larus/kmp/voice_setting/voice/list/public/o;'
2826982	  Class descriptor  : 'Lcom/larus/kmp/voice_setting/voice/list/public/p;'
2827276	  Class descriptor  : 'Lcom/larus/kmp/voice_setting/voice/list/public/q;'
2827373	  Class descriptor  : 'Lcom/larus/kmp/voice_setting/voice/list/public/r;'
2827462	  Class descriptor  : 'Lcom/larus/kmp/voice_setting/voice/list/public/s;'
2827533	  Class descriptor  : 'Lcom/larus/kmp/voice_setting/voice/list/row/VoiceAddButtonState;'
2827769	  Class descriptor  : 'Lcom/larus/kmp/voice_setting/voice/list/row/VoiceAvatarFallback;'
2827983	  Class descriptor  : 'Lcom/larus/kmp/voice_setting/voice/list/row/VoicePermissionBadge;'
2828197	  Class descriptor  : 'Lcom/larus/kmp/voice_setting/voice/list/row/VoicePlayIndicatorPlacement;'
2828411	  Class descriptor  : 'Lcom/larus/kmp/voice_setting/voice/list/row/VoiceSelectionState;'
2828625	  Class descriptor  : 'Lcom/larus/kmp/voice_setting/voice/list/row/VoiceStatusRowStyle;'
2828817	  Class descriptor  : 'Lcom/larus/kmp/voice_setting/voice/list/row/VoiceStatusTone;'
2829009	  Class descriptor  : 'Lcom/larus/kmp/voice_setting/voice/list/row/a;'
2829068	  Class descriptor  : 'Lcom/larus/kmp/voice_setting/voice/list/row/b;'
2829165	  Class descriptor  : 'Lcom/larus/kmp/voice_setting/voice/list/row/c;'
2829288	  Class descriptor  : 'Lcom/larus/kmp/voice_setting/voice/list/row/d;'
2829377	  Class descriptor  : 'Lcom/larus/kmp/voice_setting/voice/list/row/e;'
2829482	  Class descriptor  : 'Lcom/larus/kmp/voice_setting/voice/list/row/f;'
2829571	  Class descriptor  : 'Lcom/larus/kmp/voice_setting/voice/list/row/g;'
2829660	  Class descriptor  : 'Lcom/larus/kmp/voice_setting/voice/list/row/h;'
2829749	  Class descriptor  : 'Lcom/larus/kmp/voice_setting/voice/list/row/i;'
2829838	  Class descriptor  : 'Lcom/larus/kmp/voice_setting/voice/list/row/j;'
2829969	  Class descriptor  : 'Lcom/larus/kmp/voice_setting/voice/list/row/k;'
2830028	  Class descriptor  : 'Lcom/larus/kmp/voice_setting/voice/list/row/l;'
2830151	  Class descriptor  : 'Lcom/larus/kmp/voice_setting/voice/list/row/m;'
2830256	  Class descriptor  : 'Lcom/larus/kmp/voice_setting/voice/list/row/n;'
2830345	  Class descriptor  : 'Lcom/larus/kmp/voice_setting/voice/list/row/o;'
2830442	  Class descriptor  : 'Lcom/larus/kmp/voice_setting/voice/list/row/p;'
2830539	  Class descriptor  : 'Lcom/larus/kmp/voice_setting/voice/list/row/q;'
2830644	  Class descriptor  : 'Lcom/larus/kmp/voice_setting/voice/list/row/r;'
2830776	  Class descriptor  : 'Lcom/larus/kmp/voice_setting/voice/list/row/s$a;'
2830927	  Class descriptor  : 'Lcom/larus/kmp/voice_setting/voice/list/row/s$b;'
2831092	  Class descriptor  : 'Lcom/larus/kmp/voice_setting/voice/list/row/s;'
2843300	  Class descriptor  : 'Lcom/larus/kmp/voice_setting/voice/list/row/t;'
2843809	  Class descriptor  : 'Lcom/larus/kmp/voice_setting/voice/list/row/u;'
2844850	  Class descriptor  : 'Lcom/larus/kmp/voice_setting/voice/m;'
2844923	  Class descriptor  : 'Lcom/larus/kmp/voice_setting/voice/mix/VoiceMixComposeUiKt$VoiceMixMultiRowContent$1$1;'
2845105	  Class descriptor  : 'Lcom/larus/kmp/voice_setting/voice/mix/VoiceMixComposeUiKt$VoicePlayIndicator$1$1;'
2845325	  Class descriptor  : 'Lcom/larus/kmp/voice_setting/voice/mix/VoiceMixComposeUiKt$a;'
2847228	  Class descriptor  : 'Lcom/larus/kmp/voice_setting/voice/mix/VoiceMixComposeUiKt$b;'
2849034	  Class descriptor  : 'Lcom/larus/kmp/voice_setting/voice/mix/VoiceMixComposeUiKt$c;'
2850377	  Class descriptor  : 'Lcom/larus/kmp/voice_setting/voice/mix/VoiceMixComposeUiKt$d;'
2850528	  Class descriptor  : 'Lcom/larus/kmp/voice_setting/voice/mix/VoiceMixComposeUiKt$e;'
2850584	  Class descriptor  : 'Lcom/larus/kmp/voice_setting/voice/mix/VoiceMixComposeUiKt;'
2857218	  Class descriptor  : 'Lcom/larus/kmp/voice_setting/voice/mix/VoiceMixPlayVisualState;'
2857432	  Class descriptor  : 'Lcom/larus/kmp/voice_setting/voice/mix/VoiceSeekBarKt$VoiceSeekBar$2$1$1;'
2858218	  Class descriptor  : 'Lcom/larus/kmp/voice_setting/voice/mix/VoiceSeekBarKt$VoiceSeekBar$2$1;'
2858360	  Class descriptor  : 'Lcom/larus/kmp/voice_setting/voice/mix/VoiceSeekBarKt;'
2861031	  Class descriptor  : 'Lcom/larus/kmp/voice_setting/voice/mix/a0;'
2861154	  Class descriptor  : 'Lcom/larus/kmp/voice_setting/voice/mix/a1$a;'
2861210	  Class descriptor  : 'Lcom/larus/kmp/voice_setting/voice/mix/a1;'
2861241	  Class descriptor  : 'Lcom/larus/kmp/voice_setting/voice/mix/a;'
2862855	  Class descriptor  : 'Lcom/larus/kmp/voice_setting/voice/mix/b;'
2862866	  Class descriptor  : 'Lcom/larus/kmp/voice_setting/voice/mix/b$a;'
2862916	  Class descriptor  : 'Lcom/larus/kmp/voice_setting/voice/mix/b$b;'
2862966	  Class descriptor  : 'Lcom/larus/kmp/voice_setting/voice/mix/b$c;'
2863074	  Class descriptor  : 'Lcom/larus/kmp/voice_setting/voice/mix/b$d;'
2863124	  Class descriptor  : 'Lcom/larus/kmp/voice_setting/voice/mix/b$e;'
2863232	  Class descriptor  : 'Lcom/larus/kmp/voice_setting/voice/mix/b0;'
2863363	  Class descriptor  : 'Lcom/larus/kmp/voice_setting/voice/mix/b1;'
2863500	  Class descriptor  : 'Lcom/larus/kmp/voice_setting/voice/mix/c0;'
2863655	  Class descriptor  : 'Lcom/larus/kmp/voice_setting/voice/mix/c1;'
2863738	  Class descriptor  : 'Lcom/larus/kmp/voice_setting/voice/mix/c;'
2863835	  Class descriptor  : 'Lcom/larus/kmp/voice_setting/voice/mix/d0;'
2863940	  Class descriptor  : 'Lcom/larus/kmp/voice_setting/voice/mix/d1;'
2864104	  Class descriptor  : 'Lcom/larus/kmp/voice_setting/voice/mix/d;'
2864243	  Class descriptor  : 'Lcom/larus/kmp/voice_setting/voice/mix/e0;'
2864348	  Class descriptor  : 'Lcom/larus/kmp/voice_setting/voice/mix/e1;'
2864896	  Class descriptor  : 'Lcom/larus/kmp/voice_setting/voice/mix/e;'
2865027	  Class descriptor  : 'Lcom/larus/kmp/voice_setting/voice/mix/f0;'
2865132	  Class descriptor  : 'Lcom/larus/kmp/voice_setting/voice/mix/f1;'
2865293	  Class descriptor  : 'Lcom/larus/kmp/voice_setting/voice/mix/f;'
2865424	  Class descriptor  : 'Lcom/larus/kmp/voice_setting/voice/mix/g0;'
2865510	  Class descriptor  : 'Lcom/larus/kmp/voice_setting/voice/mix/g1;'
2865763	  Class descriptor  : 'Lcom/larus/kmp/voice_setting/voice/mix/g;'
2865868	  Class descriptor  : 'Lcom/larus/kmp/voice_setting/voice/mix/h0;'
2865973	  Class descriptor  : 'Lcom/larus/kmp/voice_setting/voice/mix/h;'
2866096	  Class descriptor  : 'Lcom/larus/kmp/voice_setting/voice/mix/i0;'
2866201	  Class descriptor  : 'Lcom/larus/kmp/voice_setting/voice/mix/i;'
2866324	  Class descriptor  : 'Lcom/larus/kmp/voice_setting/voice/mix/j0;'
2866413	  Class descriptor  : 'Lcom/larus/kmp/voice_setting/voice/mix/j;'
2866490	  Class descriptor  : 'Lcom/larus/kmp/voice_setting/voice/mix/k0;'
2866553	  Class descriptor  : 'Lcom/larus/kmp/voice_setting/voice/mix/k;'
2866616	  Class descriptor  : 'Lcom/larus/kmp/voice_setting/voice/mix/l0;'
2866679	  Class descriptor  : 'Lcom/larus/kmp/voice_setting/voice/mix/l;'
2866756	  Class descriptor  : 'Lcom/larus/kmp/voice_setting/voice/mix/m0;'
2866819	  Class descriptor  : 'Lcom/larus/kmp/voice_setting/voice/mix/m;'
2866882	  Class descriptor  : 'Lcom/larus/kmp/voice_setting/voice/mix/n0;'
2867094	  Class descriptor  : 'Lcom/larus/kmp/voice_setting/voice/mix/n;'
2867157	  Class descriptor  : 'Lcom/larus/kmp/voice_setting/voice/mix/o$a;'
2867858	  Class descriptor  : 'Lcom/larus/kmp/voice_setting/voice/mix/o$b;'
2868444	  Class descriptor  : 'Lcom/larus/kmp/voice_setting/voice/mix/o$c;'
2868521	  Class descriptor  : 'Lcom/larus/kmp/voice_setting/voice/mix/o0;'
2868584	  Class descriptor  : 'Lcom/larus/kmp/voice_setting/voice/mix/o;'
2873731	  Class descriptor  : 'Lcom/larus/kmp/voice_setting/voice/mix/p0;'
2873794	  Class descriptor  : 'Lcom/larus/kmp/voice_setting/voice/mix/p;'
2874080	  Class descriptor  : 'Lcom/larus/kmp/voice_setting/voice/mix/q;'
2874091	  Class descriptor  : 'Lcom/larus/kmp/voice_setting/voice/mix/q$a;'
2874167	  Class descriptor  : 'Lcom/larus/kmp/voice_setting/voice/mix/q$b;'
2874243	  Class descriptor  : 'Lcom/larus/kmp/voice_setting/voice/mix/q$c;'
2874355	  Class descriptor  : 'Lcom/larus/kmp/voice_setting/voice/mix/q$d;'
2874467	  Class descriptor  : 'Lcom/larus/kmp/voice_setting/voice/mix/q$e;'
2874632	  Class descriptor  : 'Lcom/larus/kmp/voice_setting/voice/mix/q$f;'
2874682	  Class descriptor  : 'Lcom/larus/kmp/voice_setting/voice/mix/q$g;'
2874732	  Class descriptor  : 'Lcom/larus/kmp/voice_setting/voice/mix/q0;'
2874839	  Class descriptor  : 'Lcom/larus/kmp/voice_setting/voice/mix/r0;'
2874939	  Class descriptor  : 'Lcom/larus/kmp/voice_setting/voice/mix/r;'
2875057	  Class descriptor  : 'Lcom/larus/kmp/voice_setting/voice/mix/s0;'
2875256	  Class descriptor  : 'Lcom/larus/kmp/voice_setting/voice/mix/s;'
2875402	  Class descriptor  : 'Lcom/larus/kmp/voice_setting/voice/mix/t0;'
2875465	  Class descriptor  : 'Lcom/larus/kmp/voice_setting/voice/mix/t;'
2876007	  Class descriptor  : 'Lcom/larus/kmp/voice_setting/voice/mix/u0;'
2876070	  Class descriptor  : 'Lcom/larus/kmp/voice_setting/voice/mix/u;'
2876298	  Class descriptor  : 'Lcom/larus/kmp/voice_setting/voice/mix/v;'
2876309	  Class descriptor  : 'Lcom/larus/kmp/voice_setting/voice/mix/v$a;'
2876359	  Class descriptor  : 'Lcom/larus/kmp/voice_setting/voice/mix/v$b;'
2876409	  Class descriptor  : 'Lcom/larus/kmp/voice_setting/voice/mix/v$c;'
2876459	  Class descriptor  : 'Lcom/larus/kmp/voice_setting/voice/mix/v$d;'
2876567	  Class descriptor  : 'Lcom/larus/kmp/voice_setting/voice/mix/v$e;'
2876617	  Class descriptor  : 'Lcom/larus/kmp/voice_setting/voice/mix/v$f;'
2876667	  Class descriptor  : 'Lcom/larus/kmp/voice_setting/voice/mix/v0;'
2876730	  Class descriptor  : 'Lcom/larus/kmp/voice_setting/voice/mix/w0;'
2876929	  Class descriptor  : 'Lcom/larus/kmp/voice_setting/voice/mix/w;'
2876960	  Class descriptor  : 'Lcom/larus/kmp/voice_setting/voice/mix/x;'
2876971	  Class descriptor  : 'Lcom/larus/kmp/voice_setting/voice/mix/x$a;'
2877189	  Class descriptor  : 'Lcom/larus/kmp/voice_setting/voice/mix/x$b;'
2877308	  Class descriptor  : 'Lcom/larus/kmp/voice_setting/voice/mix/x0;'
2877750	  Class descriptor  : 'Lcom/larus/kmp/voice_setting/voice/mix/y0;'
2877968	  Class descriptor  : 'Lcom/larus/kmp/voice_setting/voice/mix/y;'
2878091	  Class descriptor  : 'Lcom/larus/kmp/voice_setting/voice/mix/z0;'
2878345	  Class descriptor  : 'Lcom/larus/kmp/voice_setting/voice/mix/z;'
2878468	  Class descriptor  : 'Lcom/larus/kmp/voice_setting/voice/model/Page;'
2878704	  Class descriptor  : 'Lcom/larus/kmp/voice_setting/voice/n;'
2878781	  Class descriptor  : 'Lcom/larus/kmp/voice_setting/voice/network/FlowHttpConnection$safeCall$1;'
2878845	  Class descriptor  : 'Lcom/larus/kmp/voice_setting/voice/network/FlowHttpConnection;'
2879088	  Class descriptor  : 'Lcom/larus/kmp/voice_setting/voice/network/a$a;'
2879780	  Class descriptor  : 'Lcom/larus/kmp/voice_setting/voice/network/a$b;'
2879839	  Class descriptor  : 'Lcom/larus/kmp/voice_setting/voice/network/a;'
2880309	  Class descriptor  : 'Lcom/larus/kmp/voice_setting/voice/network/b;'
2880427	  Class descriptor  : 'Lcom/larus/kmp/voice_setting/voice/network/b$a;'
2880590	  Class descriptor  : 'Lcom/larus/kmp/voice_setting/voice/network/b$b;'
2880734	  Class descriptor  : 'Lcom/larus/kmp/voice_setting/voice/network/c;'
2880975	  Class descriptor  : 'Lcom/larus/kmp/voice_setting/voice/o;'
2881047	  Class descriptor  : 'Lcom/larus/kmp/voice_setting/voice/p;'
2881201	  Class descriptor  : 'Lcom/larus/kmp/voice_setting/voice/q;'
2881387	  Class descriptor  : 'Lcom/larus/kmp/voice_setting/voice/r$a;'
2881398	  Class descriptor  : 'Lcom/larus/kmp/voice_setting/voice/r$b;'
2881440	  Class descriptor  : 'Lcom/larus/kmp/voice_setting/voice/r;'
2881932	  Class descriptor  : 'Lcom/larus/kmp/voice_setting/voice/screen/doubletab/DoubleTabEditRegionUiKt$DoubleTabCollapsingEditArea$2$1;'
2882134	  Class descriptor  : 'Lcom/larus/kmp/voice_setting/voice/screen/doubletab/DoubleTabEditRegionUiKt$DoubleTabCollapsingEditArea$3$1;'
2882293	  Class descriptor  : 'Lcom/larus/kmp/voice_setting/voice/screen/doubletab/DoubleTabEditRegionUiKt$VoiceEditRegion$2$1$a;'
2882393	  Class descriptor  : 'Lcom/larus/kmp/voice_setting/voice/screen/doubletab/DoubleTabEditRegionUiKt$VoiceEditRegion$2$1;'
2882604	  Class descriptor  : 'Lcom/larus/kmp/voice_setting/voice/screen/doubletab/DoubleTabEditRegionUiKt$VoiceEditRegion$3$1;'
2882847	  Class descriptor  : 'Lcom/larus/kmp/voice_setting/voice/screen/doubletab/DoubleTabEditRegionUiKt$VoiceEditRegion$bridgeContext$1$1$1;'
2883038	  Class descriptor  : 'Lcom/larus/kmp/voice_setting/voice/screen/doubletab/DoubleTabEditRegionUiKt$VoiceEditRegion$bridgeContext$2$1$1;'
2883231	  Class descriptor  : 'Lcom/larus/kmp/voice_setting/voice/screen/doubletab/DoubleTabEditRegionUiKt$a$a;'
2883308	  Class descriptor  : 'Lcom/larus/kmp/voice_setting/voice/screen/doubletab/DoubleTabEditRegionUiKt$a;'
2884503	  Class descriptor  : 'Lcom/larus/kmp/voice_setting/voice/screen/doubletab/DoubleTabEditRegionUiKt$b;'
2885057	  Class descriptor  : 'Lcom/larus/kmp/voice_setting/voice/screen/doubletab/DoubleTabEditRegionUiKt$c;'
2885206	  Class descriptor  : 'Lcom/larus/kmp/voice_setting/voice/screen/doubletab/DoubleTabEditRegionUiKt$rememberVoiceEditRegionListNestedScrollConnection$1$1;'
2885502	  Class descriptor  : 'Lcom/larus/kmp/voice_setting/voice/screen/doubletab/DoubleTabEditRegionUiKt;'
2892903	  Class descriptor  : 'Lcom/larus/kmp/voice_setting/voice/screen/doubletab/DoubleTabPagerUiKt$DoubleTabRootShellTabRow$1$1$a;'
2893282	  Class descriptor  : 'Lcom/larus/kmp/voice_setting/voice/screen/doubletab/DoubleTabPagerUiKt$DoubleTabRootShellTabRow$1$1;'
2893504	  Class descriptor  : 'Lcom/larus/kmp/voice_setting/voice/screen/doubletab/DoubleTabPagerUiKt$DoubleTabRootShellTabRow$2$2$1$1$1$2$1$1;'
2893784	  Class descriptor  : 'Lcom/larus/kmp/voice_setting/voice/screen/doubletab/DoubleTabPagerUiKt$VoiceTabPagerRegion$1$1;'
2894134	  Class descriptor  : 'Lcom/larus/kmp/voice_setting/voice/screen/doubletab/DoubleTabPagerUiKt$VoiceTabPagerRegion$2$1$a;'
2894304	  Class descriptor  : 'Lcom/larus/kmp/voice_setting/voice/screen/doubletab/DoubleTabPagerUiKt$VoiceTabPagerRegion$2$1;'
2894521	  Class descriptor  : 'Lcom/larus/kmp/voice_setting/voice/screen/doubletab/DoubleTabPagerUiKt$VoiceTabPagerRegion$3$1$a;'
2894763	  Class descriptor  : 'Lcom/larus/kmp/voice_setting/voice/screen/doubletab/DoubleTabPagerUiKt$VoiceTabPagerRegion$3$1;'
2895020	  Class descriptor  : 'Lcom/larus/kmp/voice_setting/voice/screen/doubletab/DoubleTabPagerUiKt$a;'
2895419	  Class descriptor  : 'Lcom/larus/kmp/voice_setting/voice/screen/doubletab/DoubleTabPagerUiKt;'
2902309	  Class descriptor  : 'Lcom/larus/kmp/voice_setting/voice/screen/doubletab/DoubleTabRootShellWidget$DoubleTabRootShellContent$$inlined$rememberComponentData$10$2;'
2902377	  Class descriptor  : 'Lcom/larus/kmp/voice_setting/voice/screen/doubletab/DoubleTabRootShellWidget$DoubleTabRootShellContent$$inlined$rememberComponentData$12$2;'
2902445	  Class descriptor  : 'Lcom/larus/kmp/voice_setting/voice/screen/doubletab/DoubleTabRootShellWidget$DoubleTabRootShellContent$$inlined$rememberComponentData$14$2;'
2902513	  Class descriptor  : 'Lcom/larus/kmp/voice_setting/voice/screen/doubletab/DoubleTabRootShellWidget$DoubleTabRootShellContent$$inlined$rememberComponentData$16$2;'
2902581	  Class descriptor  : 'Lcom/larus/kmp/voice_setting/voice/screen/doubletab/DoubleTabRootShellWidget$DoubleTabRootShellContent$$inlined$rememberComponentData$18$2;'
2902649	  Class descriptor  : 'Lcom/larus/kmp/voice_setting/voice/screen/doubletab/DoubleTabRootShellWidget$DoubleTabRootShellContent$$inlined$rememberComponentData$2$2;'
2902717	  Class descriptor  : 'Lcom/larus/kmp/voice_setting/voice/screen/doubletab/DoubleTabRootShellWidget$DoubleTabRootShellContent$$inlined$rememberComponentData$20$2;'
2902785	  Class descriptor  : 'Lcom/larus/kmp/voice_setting/voice/screen/doubletab/DoubleTabRootShellWidget$DoubleTabRootShellContent$$inlined$rememberComponentData$4$2;'
2902853	  Class descriptor  : 'Lcom/larus/kmp/voice_setting/voice/screen/doubletab/DoubleTabRootShellWidget$DoubleTabRootShellContent$$inlined$rememberComponentData$6$2;'
2902921	  Class descriptor  : 'Lcom/larus/kmp/voice_setting/voice/screen/doubletab/DoubleTabRootShellWidget$DoubleTabRootShellContent$$inlined$rememberComponentData$8$2;'
2902989	  Class descriptor  : 'Lcom/larus/kmp/voice_setting/voice/screen/doubletab/DoubleTabRootShellWidget$DoubleTabRootShellContent$1$1;'
2903162	  Class descriptor  : 'Lcom/larus/kmp/voice_setting/voice/screen/doubletab/DoubleTabRootShellWidget$DoubleTabRootShellContent$3$1;'
2903432	  Class descriptor  : 'Lcom/larus/kmp/voice_setting/voice/screen/doubletab/DoubleTabRootShellWidget$DoubleTabRootShellContent$4$1;'
2903630	  Class descriptor  : 'Lcom/larus/kmp/voice_setting/voice/screen/doubletab/DoubleTabRootShellWidget$a;'
2903750	  Class descriptor  : 'Lcom/larus/kmp/voice_setting/voice/screen/doubletab/DoubleTabRootShellWidget$b;'
2903834	  Class descriptor  : 'Lcom/larus/kmp/voice_setting/voice/screen/doubletab/DoubleTabRootShellWidget$c;'
2903954	  Class descriptor  : 'Lcom/larus/kmp/voice_setting/voice/screen/doubletab/DoubleTabRootShellWidget$d;'
2904038	  Class descriptor  : 'Lcom/larus/kmp/voice_setting/voice/screen/doubletab/DoubleTabRootShellWidget$e;'
2904158	  Class descriptor  : 'Lcom/larus/kmp/voice_setting/voice/screen/doubletab/DoubleTabRootShellWidget$f;'
2904242	  Class descriptor  : 'Lcom/larus/kmp/voice_setting/voice/screen/doubletab/DoubleTabRootShellWidget$g;'
2904362	  Class descriptor  : 'Lcom/larus/kmp/voice_setting/voice/screen/doubletab/DoubleTabRootShellWidget$h;'
2904446	  Class descriptor  : 'Lcom/larus/kmp/voice_setting/voice/screen/doubletab/DoubleTabRootShellWidget$i;'
2904566	  Class descriptor  : 'Lcom/larus/kmp/voice_setting/voice/screen/doubletab/DoubleTabRootShellWidget$j;'
2904650	  Class descriptor  : 'Lcom/larus/kmp/voice_setting/voice/screen/doubletab/DoubleTabRootShellWidget$k;'
2904734	  Class descriptor  : 'Lcom/larus/kmp/voice_setting/voice/screen/doubletab/DoubleTabRootShellWidget$l;'
2904854	  Class descriptor  : 'Lcom/larus/kmp/voice_setting/voice/screen/doubletab/DoubleTabRootShellWidget$m;'
2904974	  Class descriptor  : 'Lcom/larus/kmp/voice_setting/voice/screen/doubletab/DoubleTabRootShellWidget$n;'
2905058	  Class descriptor  : 'Lcom/larus/kmp/voice_setting/voice/screen/doubletab/DoubleTabRootShellWidget$o;'
2905178	  Class descriptor  : 'Lcom/larus/kmp/voice_setting/voice/screen/doubletab/DoubleTabRootShellWidget$p;'
2905262	  Class descriptor  : 'Lcom/larus/kmp/voice_setting/voice/screen/doubletab/DoubleTabRootShellWidget$q;'
2905382	  Class descriptor  : 'Lcom/larus/kmp/voice_setting/voice/screen/doubletab/DoubleTabRootShellWidget$r;'
2905466	  Class descriptor  : 'Lcom/larus/kmp/voice_setting/voice/screen/doubletab/DoubleTabRootShellWidget$s;'
2905586	  Class descriptor  : 'Lcom/larus/kmp/voice_setting/voice/screen/doubletab/DoubleTabRootShellWidget$t;'
2905670	  Class descriptor  : 'Lcom/larus/kmp/voice_setting/voice/screen/doubletab/DoubleTabRootShellWidget;'
2910267	  Class descriptor  : 'Lcom/larus/kmp/voice_setting/voice/screen/doubletab/MultiVoiceDoubleTabPageOwner$a;'
2910344	  Class descriptor  : 'Lcom/larus/kmp/voice_setting/voice/screen/doubletab/MultiVoiceDoubleTabPageOwner$requestPage$1;'
2911342	  Class descriptor  : 'Lcom/larus/kmp/voice_setting/voice/screen/doubletab/g5;'
2911419	  Class descriptor  : 'Lcom/larus/kmp/voice_setting/voice/screen/doubletab/MultiVoiceDoubleTabPageOwner;'
2913831	  Class descriptor  : 'Lcom/larus/kmp/voice_setting/voice/screen/doubletab/RecommendVoiceDoubleTabPageOwner$a;'
2913908	  Class descriptor  : 'Lcom/larus/kmp/voice_setting/voice/screen/doubletab/RecommendVoiceDoubleTabPageOwner$requestPage$1;'
2914371	  Class descriptor  : 'Lcom/larus/kmp/voice_setting/voice/screen/doubletab/RecommendVoiceDoubleTabPageOwner;'
2918464	  Class descriptor  : 'Lcom/larus/kmp/voice_setting/voice/screen/doubletab/VoiceDoubleTabPageController$schedulePageOwnerAttach$3;'
2918573	  Class descriptor  : 'Lcom/larus/kmp/voice_setting/voice/screen/doubletab/VoiceDoubleTabPageController;'
2920235	  Class descriptor  : 'Lcom/larus/kmp/voice_setting/voice/screen/doubletab/VoiceDoubleTabPageOwnerCoordinator$scheduleAttach$1;'
2920786	  Class descriptor  : 'Lcom/larus/kmp/voice_setting/voice/screen/doubletab/VoiceDoubleTabPitchRateController$loadPitchAndRateForSelectedVoice$2;'
2921249	  Class descriptor  : 'Lcom/larus/kmp/voice_setting/voice/screen/doubletab/VoiceDoubleTabPitchRateController$resolvePitchAndRateForVoice$1;'
2921317	  Class descriptor  : 'Lcom/larus/kmp/voice_setting/voice/screen/doubletab/VoiceDoubleTabPitchRateController;'
2923058	  Class descriptor  : 'Lcom/larus/kmp/voice_setting/voice/screen/doubletab/VoiceDoubleTabPlatformController$dialogController$2;'
2923174	  Class descriptor  : 'Lcom/larus/kmp/voice_setting/voice/screen/doubletab/VoiceDoubleTabPlatformController$mixController$2;'
2923272	  Class descriptor  : 'Lcom/larus/kmp/voice_setting/voice/screen/doubletab/VoiceDoubleTabPlatformController$mixController$3;'
2923373	  Class descriptor  : 'Lcom/larus/kmp/voice_setting/voice/screen/doubletab/VoiceDoubleTabPlatformController$mixController$4;'
2923459	  Class descriptor  : 'Lcom/larus/kmp/voice_setting/voice/screen/doubletab/VoiceDoubleTabPlatformController$pageController$1;'
2923545	  Class descriptor  : 'Lcom/larus/kmp/voice_setting/voice/screen/doubletab/VoiceDoubleTabPlatformController$pageController$2;'
2923631	  Class descriptor  : 'Lcom/larus/kmp/voice_setting/voice/screen/doubletab/VoiceDoubleTabPlatformController$pageController$3;'
2923740	  Class descriptor  : 'Lcom/larus/kmp/voice_setting/voice/screen/doubletab/VoiceDoubleTabPlatformController$pitchRateController$2;'
2923830	  Class descriptor  : 'Lcom/larus/kmp/voice_setting/voice/screen/doubletab/VoiceDoubleTabPlatformController$pitchRateController$4;'
2923916	  Class descriptor  : 'Lcom/larus/kmp/voice_setting/voice/screen/doubletab/VoiceDoubleTabPlatformController$previewController$2;'
2924012	  Class descriptor  : 'Lcom/larus/kmp/voice_setting/voice/screen/doubletab/VoiceDoubleTabPlatformController$previewController$3;'
2924102	  Class descriptor  : 'Lcom/larus/kmp/voice_setting/voice/screen/doubletab/VoiceDoubleTabPlatformController$previewController$6;'
2924188	  Class descriptor  : 'Lcom/larus/kmp/voice_setting/voice/screen/doubletab/VoiceDoubleTabPlatformController$publisher$1;'
2924275	  Class descriptor  : 'Lcom/larus/kmp/voice_setting/voice/screen/doubletab/VoiceDoubleTabPlatformController$publisher$2;'
2924378	  Class descriptor  : 'Lcom/larus/kmp/voice_setting/voice/screen/doubletab/VoiceDoubleTabPlatformController$publisher$3;'
2924493	  Class descriptor  : 'Lcom/larus/kmp/voice_setting/voice/screen/doubletab/VoiceDoubleTabPlatformController$saveController$2;'
2924580	  Class descriptor  : 'Lcom/larus/kmp/voice_setting/voice/screen/doubletab/VoiceDoubleTabPlatformController$saveController$3;'
2924673	  Class descriptor  : 'Lcom/larus/kmp/voice_setting/voice/screen/doubletab/VoiceDoubleTabPlatformController$saveController$4;'
2924785	  Class descriptor  : 'Lcom/larus/kmp/voice_setting/voice/screen/doubletab/VoiceDoubleTabPlatformController$saveController$5;'
2924901	  Class descriptor  : 'Lcom/larus/kmp/voice_setting/voice/screen/doubletab/VoiceDoubleTabPlatformController$saveController$6;'
2924987	  Class descriptor  : 'Lcom/larus/kmp/voice_setting/voice/screen/doubletab/VoiceDoubleTabPlatformController$selectionController$2;'
2925085	  Class descriptor  : 'Lcom/larus/kmp/voice_setting/voice/screen/doubletab/VoiceDoubleTabPlatformController$selectionController$3;'
2925171	  Class descriptor  : 'Lcom/larus/kmp/voice_setting/voice/screen/doubletab/VoiceDoubleTabPlatformController$sessionController$2;'
2925280	  Class descriptor  : 'Lcom/larus/kmp/voice_setting/voice/screen/doubletab/VoiceDoubleTabPlatformController$sessionController$3;'
2925366	  Class descriptor  : 'Lcom/larus/kmp/voice_setting/voice/screen/doubletab/VoiceDoubleTabPlatformController$sessionController$4;'
2925475	  Class descriptor  : 'Lcom/larus/kmp/voice_setting/voice/screen/doubletab/VoiceDoubleTabPreviewController$autoPlayForPitchRateChange$1;'
2926158	  Class descriptor  : 'Lcom/larus/kmp/voice_setting/voice/screen/doubletab/VoiceDoubleTabPreviewController$playback$4;'
2926245	  Class descriptor  : 'Lcom/larus/kmp/voice_setting/voice/screen/doubletab/VoiceDoubleTabPreviewIndicatorScope;'
2926481	  Class descriptor  : 'Lcom/larus/kmp/voice_setting/voice/screen/doubletab/VoiceDoubleTabPreviewPlaybackCoordinator$generatePreviewVoice$1;'
2926553	  Class descriptor  : 'Lcom/larus/kmp/voice_setting/voice/screen/doubletab/VoiceDoubleTabPreviewPlaybackCoordinator$generatePreviewVoice$preview$1;'
2926735	  Class descriptor  : 'Lcom/larus/kmp/voice_setting/voice/screen/doubletab/VoiceDoubleTabPreviewPlaybackCoordinator$togglePreview$1;'
2927689	  Class descriptor  : 'Lcom/larus/kmp/voice_setting/voice/screen/doubletab/VoiceDoubleTabPreviewSource;'
2927969	  Class descriptor  : 'Lcom/larus/kmp/voice_setting/voice/screen/doubletab/VoiceDoubleTabSaveController$a;'
2927980	  Class descriptor  : 'Lcom/larus/kmp/voice_setting/voice/screen/doubletab/VoiceDoubleTabSaveController$applySaveSuccess$1;'
2928085	  Class descriptor  : 'Lcom/larus/kmp/voice_setting/voice/screen/doubletab/VoiceDoubleTabSaveController$b;'
2928293	  Class descriptor  : 'Lcom/larus/kmp/voice_setting/voice/screen/doubletab/VoiceDoubleTabSaveController$c;'
2928373	  Class descriptor  : 'Lcom/larus/kmp/voice_setting/voice/screen/doubletab/VoiceDoubleTabSaveController$d;'
2928472	  Class descriptor  : 'Lcom/larus/kmp/voice_setting/voice/screen/doubletab/VoiceDoubleTabSaveController$e;'
2928571	  Class descriptor  : 'Lcom/larus/kmp/voice_setting/voice/screen/doubletab/VoiceDoubleTabSaveController$f;'
2928667	  Class descriptor  : 'Lcom/larus/kmp/voice_setting/voice/screen/doubletab/VoiceDoubleTabSaveController$g;'
2928763	  Class descriptor  : 'Lcom/larus/kmp/voice_setting/voice/screen/doubletab/VoiceDoubleTabSaveController$hasOtherSoundChanges$initialVoiceList$1;'
2928868	  Class descriptor  : 'Lcom/larus/kmp/voice_setting/voice/screen/doubletab/VoiceDoubleTabSaveController$saveVoice$1;'
2928960	  Class descriptor  : 'Lcom/larus/kmp/voice_setting/voice/screen/doubletab/VoiceDoubleTabSaveController$saveVoice$result$1;'
2929504	  Class descriptor  : 'Lcom/larus/kmp/voice_setting/voice/screen/doubletab/VoiceDoubleTabSaveController;'
2933492	  Class descriptor  : 'Lcom/larus/kmp/voice_setting/voice/screen/doubletab/VoiceDoubleTabSelectionController$auditionMixVoice$1;'
2934067	  Class descriptor  : 'Lcom/larus/kmp/voice_setting/voice/screen/doubletab/VoiceDoubleTabSelectionController$handleVoiceSelected$1;'
2934566	  Class descriptor  : 'Lcom/larus/kmp/voice_setting/voice/screen/doubletab/VoiceDoubleTabSelectionController;'
2935793	  Class descriptor  : 'Lcom/larus/kmp/voice_setting/voice/screen/doubletab/VoiceDoubleTabSessionController$attach$callbacks$11;'
2935985	  Class descriptor  : 'Lcom/larus/kmp/voice_setting/voice/screen/doubletab/VoiceDoubleTabSessionController$attach$callbacks$12;'
2936201	  Class descriptor  : 'Lcom/larus/kmp/voice_setting/voice/screen/doubletab/VoiceDoubleTabSessionController$attach$callbacks$13;'
2936351	  Class descriptor  : 'Lcom/larus/kmp/voice_setting/voice/screen/doubletab/VoiceDoubleTabSessionController$attach$callbacks$14;'
2936449	  Class descriptor  : 'Lcom/larus/kmp/voice_setting/voice/screen/doubletab/VoiceDoubleTabSessionController$attach$selectionBootstrapState$1;'
2936554	  Class descriptor  : 'Lcom/larus/kmp/voice_setting/voice/screen/doubletab/VoiceDoubleTabSessionController$requestVoiceDetailAfterAttach$1$detail$1;'
2936756	  Class descriptor  : 'Lcom/larus/kmp/voice_setting/voice/screen/doubletab/VoiceDoubleTabSessionController$requestVoiceDetailAfterAttach$1;'
2938760	  Class descriptor  : 'Lcom/larus/kmp/voice_setting/voice/screen/doubletab/VoiceDoubleTabSessionController$warmUpRemoteTabList$1$remoteTabMap$1;'
2939278	  Class descriptor  : 'Lcom/larus/kmp/voice_setting/voice/screen/doubletab/VoiceDoubleTabSessionController$warmUpRemoteTabList$1;'
2939807	  Class descriptor  : 'Lcom/larus/kmp/voice_setting/voice/screen/doubletab/VoiceDoubleTabSessionController;'
2945007	  Class descriptor  : 'Lcom/larus/kmp/voice_setting/voice/screen/doubletab/VoiceDoubleTabTextKey;'
2945287	  Class descriptor  : 'Lcom/larus/kmp/voice_setting/voice/screen/doubletab/VoiceEditRegionState$animateExplicitToOffset$1;'
2945386	  Class descriptor  : 'Lcom/larus/kmp/voice_setting/voice/screen/doubletab/VoiceEditRegionState;'
2948239	  Class descriptor  : 'Lcom/larus/kmp/voice_setting/voice/screen/doubletab/a0;'
2948295	  Class descriptor  : 'Lcom/larus/kmp/voice_setting/voice/screen/doubletab/a1;'
2948386	  Class descriptor  : 'Lcom/larus/kmp/voice_setting/voice/screen/doubletab/a2;'
2948499	  Class descriptor  : 'Lcom/larus/kmp/voice_setting/voice/screen/doubletab/a3;'
2948658	  Class descriptor  : 'Lcom/larus/kmp/voice_setting/voice/screen/doubletab/a4;'
2948799	  Class descriptor  : 'Lcom/larus/kmp/voice_setting/voice/screen/doubletab/a5;'
2948907	  Class descriptor  : 'Lcom/larus/kmp/voice_setting/voice/screen/doubletab/a6;'
2948970	  Class descriptor  : 'Lcom/larus/kmp/voice_setting/voice/screen/doubletab/a7;'
2949059	  Class descriptor  : 'Lcom/larus/kmp/voice_setting/voice/screen/doubletab/a8;'
2949201	  Class descriptor  : 'Lcom/larus/kmp/voice_setting/voice/screen/doubletab/a;'
2949288	  Class descriptor  : 'Lcom/larus/kmp/voice_setting/voice/screen/doubletab/b0;'
2949344	  Class descriptor  : 'Lcom/larus/kmp/voice_setting/voice/screen/doubletab/b1;'
2949447	  Class descriptor  : 'Lcom/larus/kmp/voice_setting/voice/screen/doubletab/b2;'
2949549	  Class descriptor  : 'Lcom/larus/kmp/voice_setting/voice/screen/doubletab/b3;'
2949722	  Class descriptor  : 'Lcom/larus/kmp/voice_setting/voice/screen/doubletab/b4;'
2949894	  Class descriptor  : 'Lcom/larus/kmp/voice_setting/voice/screen/doubletab/b5;'
2949954	  Class descriptor  : 'Lcom/larus/kmp/voice_setting/voice/screen/doubletab/b6;'
2950038	  Class descriptor  : 'Lcom/larus/kmp/voice_setting/voice/screen/doubletab/b7;'
2950132	  Class descriptor  : 'Lcom/larus/kmp/voice_setting/voice/screen/doubletab/b8;'
2950188	  Class descriptor  : 'Lcom/larus/kmp/voice_setting/voice/screen/doubletab/b;'
2950270	  Class descriptor  : 'Lcom/larus/kmp/voice_setting/voice/screen/doubletab/c0;'
2950326	  Class descriptor  : 'Lcom/larus/kmp/voice_setting/voice/screen/doubletab/c1;'
2950429	  Class descriptor  : 'Lcom/larus/kmp/voice_setting/voice/screen/doubletab/c2;'
2950542	  Class descriptor  : 'Lcom/larus/kmp/voice_setting/voice/screen/doubletab/c3;'
2950663	  Class descriptor  : 'Lcom/larus/kmp/voice_setting/voice/screen/doubletab/c4;'
2950797	  Class descriptor  : 'Lcom/larus/kmp/voice_setting/voice/screen/doubletab/c5;'
2950879	  Class descriptor  : 'Lcom/larus/kmp/voice_setting/voice/screen/doubletab/c6;'
2950954	  Class descriptor  : 'Lcom/larus/kmp/voice_setting/voice/screen/doubletab/c7;'
2951045	  Class descriptor  : 'Lcom/larus/kmp/voice_setting/voice/screen/doubletab/c8;'
2951130	  Class descriptor  : 'Lcom/larus/kmp/voice_setting/voice/screen/doubletab/c;'
2951214	  Class descriptor  : 'Lcom/larus/kmp/voice_setting/voice/screen/doubletab/d0;'
2951270	  Class descriptor  : 'Lcom/larus/kmp/voice_setting/voice/screen/doubletab/d1;'
2951409	  Class descriptor  : 'Lcom/larus/kmp/voice_setting/voice/screen/doubletab/d2;'
2951483	  Class descriptor  : 'Lcom/larus/kmp/voice_setting/voice/screen/doubletab/d3;'
2951604	  Class descriptor  : 'Lcom/larus/kmp/voice_setting/voice/screen/doubletab/d4;'
2952075	  Class descriptor  : 'Lcom/larus/kmp/voice_setting/voice/screen/doubletab/d5;'
2952153	  Class descriptor  : 'Lcom/larus/kmp/voice_setting/voice/screen/doubletab/d6;'
2952209	  Class descriptor  : 'Lcom/larus/kmp/voice_setting/voice/screen/doubletab/d7;'
2952300	  Class descriptor  : 'Lcom/larus/kmp/voice_setting/voice/screen/doubletab/d8;'
2952437	  Class descriptor  : 'Lcom/larus/kmp/voice_setting/voice/screen/doubletab/d;'
2953156	  Class descriptor  : 'Lcom/larus/kmp/voice_setting/voice/screen/doubletab/e0;'
2953204	  Class descriptor  : 'Lcom/larus/kmp/voice_setting/voice/screen/doubletab/e1;'
2953425	  Class descriptor  : 'Lcom/larus/kmp/voice_setting/voice/screen/doubletab/e2;'
2953490	  Class descriptor  : 'Lcom/larus/kmp/voice_setting/voice/screen/doubletab/e3;'
2953684	  Class descriptor  : 'Lcom/larus/kmp/voice_setting/voice/screen/doubletab/e4;'
2953701	  Class descriptor  : 'Lcom/larus/kmp/voice_setting/voice/screen/doubletab/e5;'
2953882	  Class descriptor  : 'Lcom/larus/kmp/voice_setting/voice/screen/doubletab/e6;'
2953957	  Class descriptor  : 'Lcom/larus/kmp/voice_setting/voice/screen/doubletab/e7;'
2955239	  Class descriptor  : 'Lcom/larus/kmp/voice_setting/voice/screen/doubletab/e8;'
2955549	  Class descriptor  : 'Lcom/larus/kmp/voice_setting/voice/screen/doubletab/e;'
2956063	  Class descriptor  : 'Lcom/larus/kmp/voice_setting/voice/screen/doubletab/f0;'
2956138	  Class descriptor  : 'Lcom/larus/kmp/voice_setting/voice/screen/doubletab/f1;'
2956204	  Class descriptor  : 'Lcom/larus/kmp/voice_setting/voice/screen/doubletab/f2;'
2956288	  Class descriptor  : 'Lcom/larus/kmp/voice_setting/voice/screen/doubletab/f3;'
2956482	  Class descriptor  : 'Lcom/larus/kmp/voice_setting/voice/screen/doubletab/f4;'
2956573	  Class descriptor  : 'Lcom/larus/kmp/voice_setting/voice/screen/doubletab/f5;'
2956791	  Class descriptor  : 'Lcom/larus/kmp/voice_setting/voice/screen/doubletab/f6;'
2956854	  Class descriptor  : 'Lcom/larus/kmp/voice_setting/voice/screen/doubletab/f7;'
2956990	  Class descriptor  : 'Lcom/larus/kmp/voice_setting/voice/screen/doubletab/f8;'
2957108	  Class descriptor  : 'Lcom/larus/kmp/voice_setting/voice/screen/doubletab/f;'
2957376	  Class descriptor  : 'Lcom/larus/kmp/voice_setting/voice/screen/doubletab/g0;'
2957436	  Class descriptor  : 'Lcom/larus/kmp/voice_setting/voice/screen/doubletab/g1;'
2958280	  Class descriptor  : 'Lcom/larus/kmp/voice_setting/voice/screen/doubletab/g2;'
2958524	  Class descriptor  : 'Lcom/larus/kmp/voice_setting/voice/screen/doubletab/g3;'
2958595	  Class descriptor  : 'Lcom/larus/kmp/voice_setting/voice/screen/doubletab/g4;'
2958734	  Class descriptor  : 'Lcom/larus/kmp/voice_setting/voice/screen/doubletab/g6;'
2958803	  Class descriptor  : 'Lcom/larus/kmp/voice_setting/voice/screen/doubletab/g7;'
2958925	  Class descriptor  : 'Lcom/larus/kmp/voice_setting/voice/screen/doubletab/g8;'
2959006	  Class descriptor  : 'Lcom/larus/kmp/voice_setting/voice/screen/doubletab/g;'
2959117	  Class descriptor  : 'Lcom/larus/kmp/voice_setting/voice/screen/doubletab/h0;'
2959635	  Class descriptor  : 'Lcom/larus/kmp/voice_setting/voice/screen/doubletab/h1;'
2959837	  Class descriptor  : 'Lcom/larus/kmp/voice_setting/voice/screen/doubletab/h2;'
2959926	  Class descriptor  : 'Lcom/larus/kmp/voice_setting/voice/screen/doubletab/h3;'
2959997	  Class descriptor  : 'Lcom/larus/kmp/voice_setting/voice/screen/doubletab/h4;'
2960559	  Class descriptor  : 'Lcom/larus/kmp/voice_setting/voice/screen/doubletab/h5;'
2960664	  Class descriptor  : 'Lcom/larus/kmp/voice_setting/voice/screen/doubletab/h6;'
2960739	  Class descriptor  : 'Lcom/larus/kmp/voice_setting/voice/screen/doubletab/h8;'
2960816	  Class descriptor  : 'Lcom/larus/kmp/voice_setting/voice/screen/doubletab/h;'
2960948	  Class descriptor  : 'Lcom/larus/kmp/voice_setting/voice/screen/doubletab/i0;'
2961055	  Class descriptor  : 'Lcom/larus/kmp/voice_setting/voice/screen/doubletab/i1;'
2961243	  Class descriptor  : 'Lcom/larus/kmp/voice_setting/voice/screen/doubletab/i2;'
2961335	  Class descriptor  : 'Lcom/larus/kmp/voice_setting/voice/screen/doubletab/i3;'
2961406	  Class descriptor  : 'Lcom/larus/kmp/voice_setting/voice/screen/doubletab/i4;'
2961707	  Class descriptor  : 'Lcom/larus/kmp/voice_setting/voice/screen/doubletab/i5;'
2961835	  Class descriptor  : 'Lcom/larus/kmp/voice_setting/voice/screen/doubletab/i6;'
2961891	  Class descriptor  : 'Lcom/larus/kmp/voice_setting/voice/screen/doubletab/i7;'
2962403	  Class descriptor  : 'Lcom/larus/kmp/voice_setting/voice/screen/doubletab/i8;'
2962484	  Class descriptor  : 'Lcom/larus/kmp/voice_setting/voice/screen/doubletab/i;'
2962616	  Class descriptor  : 'Lcom/larus/kmp/voice_setting/voice/screen/doubletab/j0;'
2962725	  Class descriptor  : 'Lcom/larus/kmp/voice_setting/voice/screen/doubletab/j1;'
2962911	  Class descriptor  : 'Lcom/larus/kmp/voice_setting/voice/screen/doubletab/j2;'
2963039	  Class descriptor  : 'Lcom/larus/kmp/voice_setting/voice/screen/doubletab/j3;'
2963110	  Class descriptor  : 'Lcom/larus/kmp/voice_setting/voice/screen/doubletab/j4$a;'
2963159	  Class descriptor  : 'Lcom/larus/kmp/voice_setting/voice/screen/doubletab/j4;'
2963319	  Class descriptor  : 'Lcom/larus/kmp/voice_setting/voice/screen/doubletab/j5;'
2963350	  Class descriptor  : 'Lcom/larus/kmp/voice_setting/voice/screen/doubletab/j6;'
2963425	  Class descriptor  : 'Lcom/larus/kmp/voice_setting/voice/screen/doubletab/j7;'
2966665	  Class descriptor  : 'Lcom/larus/kmp/voice_setting/voice/screen/doubletab/j8;'
2966790	  Class descriptor  : 'Lcom/larus/kmp/voice_setting/voice/screen/doubletab/j;'
2966838	  Class descriptor  : 'Lcom/larus/kmp/voice_setting/voice/screen/doubletab/k0;'
2966959	  Class descriptor  : 'Lcom/larus/kmp/voice_setting/voice/screen/doubletab/k1;'
2967091	  Class descriptor  : 'Lcom/larus/kmp/voice_setting/voice/screen/doubletab/k2;'
2967150	  Class descriptor  : 'Lcom/larus/kmp/voice_setting/voice/screen/doubletab/k3;'
2967221	  Class descriptor  : 'Lcom/larus/kmp/voice_setting/voice/screen/doubletab/k4;'
2967360	  Class descriptor  : 'Lcom/larus/kmp/voice_setting/voice/screen/doubletab/k5;'
2967573	  Class descriptor  : 'Lcom/larus/kmp/voice_setting/voice/screen/doubletab/k6;'
2972936	  Class descriptor  : 'Lcom/larus/kmp/voice_setting/voice/screen/doubletab/k7;'
2973293	  Class descriptor  : 'Lcom/larus/kmp/voice_setting/voice/screen/doubletab/k8;'
2973523	  Class descriptor  : 'Lcom/larus/kmp/voice_setting/voice/screen/doubletab/k;'
2973646	  Class descriptor  : 'Lcom/larus/kmp/voice_setting/voice/screen/doubletab/l0;'
2973755	  Class descriptor  : 'Lcom/larus/kmp/voice_setting/voice/screen/doubletab/l1;'
2973915	  Class descriptor  : 'Lcom/larus/kmp/voice_setting/voice/screen/doubletab/l2;'
2974115	  Class descriptor  : 'Lcom/larus/kmp/voice_setting/voice/screen/doubletab/l3;'
2974186	  Class descriptor  : 'Lcom/larus/kmp/voice_setting/voice/screen/doubletab/l4;'
2974357	  Class descriptor  : 'Lcom/larus/kmp/voice_setting/voice/screen/doubletab/l5;'
2974543	  Class descriptor  : 'Lcom/larus/kmp/voice_setting/voice/screen/doubletab/l6$a;'
2974606	  Class descriptor  : 'Lcom/larus/kmp/voice_setting/voice/screen/doubletab/l6;'
2974661	  Class descriptor  : 'Lcom/larus/kmp/voice_setting/voice/screen/doubletab/l7;'
2974732	  Class descriptor  : 'Lcom/larus/kmp/voice_setting/voice/screen/doubletab/l8;'
2974822	  Class descriptor  : 'Lcom/larus/kmp/voice_setting/voice/screen/doubletab/l;'
2974937	  Class descriptor  : 'Lcom/larus/kmp/voice_setting/voice/screen/doubletab/m0;'
2975060	  Class descriptor  : 'Lcom/larus/kmp/voice_setting/voice/screen/doubletab/m1;'
2975207	  Class descriptor  : 'Lcom/larus/kmp/voice_setting/voice/screen/doubletab/m2;'
2975303	  Class descriptor  : 'Lcom/larus/kmp/voice_setting/voice/screen/doubletab/m3;'
2975374	  Class descriptor  : 'Lcom/larus/kmp/voice_setting/voice/screen/doubletab/m4;'
2977275	  Class descriptor  : 'Lcom/larus/kmp/voice_setting/voice/screen/doubletab/m5$a;'
2977385	  Class descriptor  : 'Lcom/larus/kmp/voice_setting/voice/screen/doubletab/m5;'
2978473	  Class descriptor  : 'Lcom/larus/kmp/voice_setting/voice/screen/doubletab/m7;'
2978532	  Class descriptor  : 'Lcom/larus/kmp/voice_setting/voice/screen/doubletab/m8;'
2978823	  Class descriptor  : 'Lcom/larus/kmp/voice_setting/voice/screen/doubletab/m;'
2978938	  Class descriptor  : 'Lcom/larus/kmp/voice_setting/voice/screen/doubletab/n0;'
2979061	  Class descriptor  : 'Lcom/larus/kmp/voice_setting/voice/screen/doubletab/n1;'
2979192	  Class descriptor  : 'Lcom/larus/kmp/voice_setting/voice/screen/doubletab/n2;'
2979292	  Class descriptor  : 'Lcom/larus/kmp/voice_setting/voice/screen/doubletab/n3;'
2979363	  Class descriptor  : 'Lcom/larus/kmp/voice_setting/voice/screen/doubletab/n4;'
2979533	  Class descriptor  : 'Lcom/larus/kmp/voice_setting/voice/screen/doubletab/n5;'
2979608	  Class descriptor  : 'Lcom/larus/kmp/voice_setting/voice/screen/doubletab/n6;'
2979979	  Class descriptor  : 'Lcom/larus/kmp/voice_setting/voice/screen/doubletab/n7;'
2980050	  Class descriptor  : 'Lcom/larus/kmp/voice_setting/voice/screen/doubletab/n8;'
2980315	  Class descriptor  : 'Lcom/larus/kmp/voice_setting/voice/screen/doubletab/n;'
2980363	  Class descriptor  : 'Lcom/larus/kmp/voice_setting/voice/screen/doubletab/o0;'
2980494	  Class descriptor  : 'Lcom/larus/kmp/voice_setting/voice/screen/doubletab/o1;'
2980604	  Class descriptor  : 'Lcom/larus/kmp/voice_setting/voice/screen/doubletab/o2;'
2980709	  Class descriptor  : 'Lcom/larus/kmp/voice_setting/voice/screen/doubletab/o3;'
2980780	  Class descriptor  : 'Lcom/larus/kmp/voice_setting/voice/screen/doubletab/o4;'
2981909	  Class descriptor  : 'Lcom/larus/kmp/voice_setting/voice/screen/doubletab/o5;'
2981972	  Class descriptor  : 'Lcom/larus/kmp/voice_setting/voice/screen/doubletab/o6;'
2982244	  Class descriptor  : 'Lcom/larus/kmp/voice_setting/voice/screen/doubletab/o7;'
2982303	  Class descriptor  : 'Lcom/larus/kmp/voice_setting/voice/screen/doubletab/o;'
2982351	  Class descriptor  : 'Lcom/larus/kmp/voice_setting/voice/screen/doubletab/p0;'
2982482	  Class descriptor  : 'Lcom/larus/kmp/voice_setting/voice/screen/doubletab/p1;'
2982604	  Class descriptor  : 'Lcom/larus/kmp/voice_setting/voice/screen/doubletab/p2;'
2982667	  Class descriptor  : 'Lcom/larus/kmp/voice_setting/voice/screen/doubletab/p3;'
2982738	  Class descriptor  : 'Lcom/larus/kmp/voice_setting/voice/screen/doubletab/p4;'
2983128	  Class descriptor  : 'Lcom/larus/kmp/voice_setting/voice/screen/doubletab/p5;'
2983184	  Class descriptor  : 'Lcom/larus/kmp/voice_setting/voice/screen/doubletab/p6;'
2983636	  Class descriptor  : 'Lcom/larus/kmp/voice_setting/voice/screen/doubletab/p7;'
2983692	  Class descriptor  : 'Lcom/larus/kmp/voice_setting/voice/screen/doubletab/p;'
2983815	  Class descriptor  : 'Lcom/larus/kmp/voice_setting/voice/screen/doubletab/q0;'
2983920	  Class descriptor  : 'Lcom/larus/kmp/voice_setting/voice/screen/doubletab/q1;'
2984043	  Class descriptor  : 'Lcom/larus/kmp/voice_setting/voice/screen/doubletab/q2;'
2984106	  Class descriptor  : 'Lcom/larus/kmp/voice_setting/voice/screen/doubletab/q3;'
2984459	  Class descriptor  : 'Lcom/larus/kmp/voice_setting/voice/screen/doubletab/q4;'
2984521	  Class descriptor  : 'Lcom/larus/kmp/voice_setting/voice/screen/doubletab/q5;'
2984577	  Class descriptor  : 'Lcom/larus/kmp/voice_setting/voice/screen/doubletab/q6;'
2984636	  Class descriptor  : 'Lcom/larus/kmp/voice_setting/voice/screen/doubletab/q7;'
2984705	  Class descriptor  : 'Lcom/larus/kmp/voice_setting/voice/screen/doubletab/q;'
2984828	  Class descriptor  : 'Lcom/larus/kmp/voice_setting/voice/screen/doubletab/r0;'
2985055	  Class descriptor  : 'Lcom/larus/kmp/voice_setting/voice/screen/doubletab/r1;'
2985138	  Class descriptor  : 'Lcom/larus/kmp/voice_setting/voice/screen/doubletab/r2;'
2985211	  Class descriptor  : 'Lcom/larus/kmp/voice_setting/voice/screen/doubletab/r3;'
2985323	  Class descriptor  : 'Lcom/larus/kmp/voice_setting/voice/screen/doubletab/r4;'
2985521	  Class descriptor  : 'Lcom/larus/kmp/voice_setting/voice/screen/doubletab/r5;'
2985596	  Class descriptor  : 'Lcom/larus/kmp/voice_setting/voice/screen/doubletab/r6;'
2985655	  Class descriptor  : 'Lcom/larus/kmp/voice_setting/voice/screen/doubletab/r7;'
2985843	  Class descriptor  : 'Lcom/larus/kmp/voice_setting/voice/screen/doubletab/r;'
2985891	  Class descriptor  : 'Lcom/larus/kmp/voice_setting/voice/screen/doubletab/s0;'
2985957	  Class descriptor  : 'Lcom/larus/kmp/voice_setting/voice/screen/doubletab/s1;'
2986138	  Class descriptor  : 'Lcom/larus/kmp/voice_setting/voice/screen/doubletab/s2;'
2986243	  Class descriptor  : 'Lcom/larus/kmp/voice_setting/voice/screen/doubletab/s3;'
2986329	  Class descriptor  : 'Lcom/larus/kmp/voice_setting/voice/screen/doubletab/s4;'
2987524	  Class descriptor  : 'Lcom/larus/kmp/voice_setting/voice/screen/doubletab/s5;'
2987614	  Class descriptor  : 'Lcom/larus/kmp/voice_setting/voice/screen/doubletab/s6;'
2987673	  Class descriptor  : 'Lcom/larus/kmp/voice_setting/voice/screen/doubletab/s7;'
2987738	  Class descriptor  : 'Lcom/larus/kmp/voice_setting/voice/screen/doubletab/s;'
2987861	  Class descriptor  : 'Lcom/larus/kmp/voice_setting/voice/screen/doubletab/t0;'
2987999	  Class descriptor  : 'Lcom/larus/kmp/voice_setting/voice/screen/doubletab/t1;'
2988116	  Class descriptor  : 'Lcom/larus/kmp/voice_setting/voice/screen/doubletab/t2;'
2988254	  Class descriptor  : 'Lcom/larus/kmp/voice_setting/voice/screen/doubletab/t3;'
2988401	  Class descriptor  : 'Lcom/larus/kmp/voice_setting/voice/screen/doubletab/t4;'
2989296	  Class descriptor  : 'Lcom/larus/kmp/voice_setting/voice/screen/doubletab/t5;'
2989380	  Class descriptor  : 'Lcom/larus/kmp/voice_setting/voice/screen/doubletab/t6;'
2989445	  Class descriptor  : 'Lcom/larus/kmp/voice_setting/voice/screen/doubletab/t7;'
2989507	  Class descriptor  : 'Lcom/larus/kmp/voice_setting/voice/screen/doubletab/t;'
2989595	  Class descriptor  : 'Lcom/larus/kmp/voice_setting/voice/screen/doubletab/u$a;'
2990374	  Class descriptor  : 'Lcom/larus/kmp/voice_setting/voice/screen/doubletab/u0;'
2990586	  Class descriptor  : 'Lcom/larus/kmp/voice_setting/voice/screen/doubletab/u1;'
2990808	  Class descriptor  : 'Lcom/larus/kmp/voice_setting/voice/screen/doubletab/u2;'
2990896	  Class descriptor  : 'Lcom/larus/kmp/voice_setting/voice/screen/doubletab/u3;'
2990982	  Class descriptor  : 'Lcom/larus/kmp/voice_setting/voice/screen/doubletab/u4;'
2991044	  Class descriptor  : 'Lcom/larus/kmp/voice_setting/voice/screen/doubletab/u5;'
2991133	  Class descriptor  : 'Lcom/larus/kmp/voice_setting/voice/screen/doubletab/u6;'
2991225	  Class descriptor  : 'Lcom/larus/kmp/voice_setting/voice/screen/doubletab/u7;'
2991287	  Class descriptor  : 'Lcom/larus/kmp/voice_setting/voice/screen/doubletab/u;'
2994794	  Class descriptor  : 'Lcom/larus/kmp/voice_setting/voice/screen/doubletab/v0;'
2994909	  Class descriptor  : 'Lcom/larus/kmp/voice_setting/voice/screen/doubletab/v1;'
2995056	  Class descriptor  : 'Lcom/larus/kmp/voice_setting/voice/screen/doubletab/v2;'
2995130	  Class descriptor  : 'Lcom/larus/kmp/voice_setting/voice/screen/doubletab/v3$a;'
2996590	  Class descriptor  : 'Lcom/larus/kmp/voice_setting/voice/screen/doubletab/v3;'
2998428	  Class descriptor  : 'Lcom/larus/kmp/voice_setting/voice/screen/doubletab/v4;'
2998490	  Class descriptor  : 'Lcom/larus/kmp/voice_setting/voice/screen/doubletab/v5;'
2998565	  Class descriptor  : 'Lcom/larus/kmp/voice_setting/voice/screen/doubletab/v6;'
2998633	  Class descriptor  : 'Lcom/larus/kmp/voice_setting/voice/screen/doubletab/v7;'
3000264	  Class descriptor  : 'Lcom/larus/kmp/voice_setting/voice/screen/doubletab/v;'
3000451	  Class descriptor  : 'Lcom/larus/kmp/voice_setting/voice/screen/doubletab/w0;'
3000583	  Class descriptor  : 'Lcom/larus/kmp/voice_setting/voice/screen/doubletab/w1;'
3000650	  Class descriptor  : 'Lcom/larus/kmp/voice_setting/voice/screen/doubletab/w2;'
3000750	  Class descriptor  : 'Lcom/larus/kmp/voice_setting/voice/screen/doubletab/w3;'
3001010	  Class descriptor  : 'Lcom/larus/kmp/voice_setting/voice/screen/doubletab/w4;'
3001118	  Class descriptor  : 'Lcom/larus/kmp/voice_setting/voice/screen/doubletab/w5;'
3001174	  Class descriptor  : 'Lcom/larus/kmp/voice_setting/voice/screen/doubletab/w6;'
3002336	  Class descriptor  : 'Lcom/larus/kmp/voice_setting/voice/screen/doubletab/w7;'
3002511	  Class descriptor  : 'Lcom/larus/kmp/voice_setting/voice/screen/doubletab/w;'
3002570	  Class descriptor  : 'Lcom/larus/kmp/voice_setting/voice/screen/doubletab/x0;'
3002709	  Class descriptor  : 'Lcom/larus/kmp/voice_setting/voice/screen/doubletab/x1;'
3002757	  Class descriptor  : 'Lcom/larus/kmp/voice_setting/voice/screen/doubletab/x2;'
3002910	  Class descriptor  : 'Lcom/larus/kmp/voice_setting/voice/screen/doubletab/x3;'
3002985	  Class descriptor  : 'Lcom/larus/kmp/voice_setting/voice/screen/doubletab/x4;'
3003047	  Class descriptor  : 'Lcom/larus/kmp/voice_setting/voice/screen/doubletab/x5;'
3003122	  Class descriptor  : 'Lcom/larus/kmp/voice_setting/voice/screen/doubletab/x6;'
3003223	  Class descriptor  : 'Lcom/larus/kmp/voice_setting/voice/screen/doubletab/x7;'
3004436	  Class descriptor  : 'Lcom/larus/kmp/voice_setting/voice/screen/doubletab/x;'
3004488	  Class descriptor  : 'Lcom/larus/kmp/voice_setting/voice/screen/doubletab/y0;'
3004577	  Class descriptor  : 'Lcom/larus/kmp/voice_setting/voice/screen/doubletab/y1;'
3004889	  Class descriptor  : 'Lcom/larus/kmp/voice_setting/voice/screen/doubletab/y2;'
3004963	  Class descriptor  : 'Lcom/larus/kmp/voice_setting/voice/screen/doubletab/y3;'
3005168	  Class descriptor  : 'Lcom/larus/kmp/voice_setting/voice/screen/doubletab/y4;'
3005309	  Class descriptor  : 'Lcom/larus/kmp/voice_setting/voice/screen/doubletab/y5;'
3005372	  Class descriptor  : 'Lcom/larus/kmp/voice_setting/voice/screen/doubletab/y6;'
3005454	  Class descriptor  : 'Lcom/larus/kmp/voice_setting/voice/screen/doubletab/y7;'
3005684	  Class descriptor  : 'Lcom/larus/kmp/voice_setting/voice/screen/doubletab/y;'
3005740	  Class descriptor  : 'Lcom/larus/kmp/voice_setting/voice/screen/doubletab/z0;'
3005885	  Class descriptor  : 'Lcom/larus/kmp/voice_setting/voice/screen/doubletab/z1;'
3005987	  Class descriptor  : 'Lcom/larus/kmp/voice_setting/voice/screen/doubletab/z2;'
3006070	  Class descriptor  : 'Lcom/larus/kmp/voice_setting/voice/screen/doubletab/z3$a;'
3006175	  Class descriptor  : 'Lcom/larus/kmp/voice_setting/voice/screen/doubletab/z3;'
3010405	  Class descriptor  : 'Lcom/larus/kmp/voice_setting/voice/screen/doubletab/z4;'
3010467	  Class descriptor  : 'Lcom/larus/kmp/voice_setting/voice/screen/doubletab/z5;'
3010542	  Class descriptor  : 'Lcom/larus/kmp/voice_setting/voice/screen/doubletab/z6;'
3010621	  Class descriptor  : 'Lcom/larus/kmp/voice_setting/voice/screen/doubletab/z7;'
3011196	  Class descriptor  : 'Lcom/larus/kmp/voice_setting/voice/screen/doubletab/z;'
3011248	  Class descriptor  : 'Lcom/larus/kmp/voice_setting/voice/screen/single/SingleScreenUiKt$SingleTtsSpeakerSettingScreen$11$1;'
3011446	  Class descriptor  : 'Lcom/larus/kmp/voice_setting/voice/screen/single/SingleScreenUiKt$SingleTtsSpeakerSettingScreen$12$1$a;'
3011546	  Class descriptor  : 'Lcom/larus/kmp/voice_setting/voice/screen/single/SingleScreenUiKt$SingleTtsSpeakerSettingScreen$12$1$invokeSuspend$$inlined$filter$1$2$1;'
3011618	  Class descriptor  : 'Lcom/larus/kmp/voice_setting/voice/screen/single/SingleScreenUiKt$SingleTtsSpeakerSettingScreen$12$1$invokeSuspend$$inlined$filter$1$2;'
3011788	  Class descriptor  : 'Lcom/larus/kmp/voice_setting/voice/screen/single/SingleScreenUiKt$SingleTtsSpeakerSettingScreen$12$1$invokeSuspend$$inlined$map$1$2$1;'
3011856	  Class descriptor  : 'Lcom/larus/kmp/voice_setting/voice/screen/single/SingleScreenUiKt$SingleTtsSpeakerSettingScreen$12$1$invokeSuspend$$inlined$map$1$2;'
3012019	  Class descriptor  : 'Lcom/larus/kmp/voice_setting/voice/screen/single/SingleScreenUiKt$SingleTtsSpeakerSettingScreen$12$1$invokeSuspend$$inlined$map$1;'
3012109	  Class descriptor  : 'Lcom/larus/kmp/voice_setting/voice/screen/single/SingleScreenUiKt$SingleTtsSpeakerSettingScreen$12$1;'
3012354	  Class descriptor  : 'Lcom/larus/kmp/voice_setting/voice/screen/single/SingleScreenUiKt$a;'
3013413	  Class descriptor  : 'Lcom/larus/kmp/voice_setting/voice/screen/single/SingleScreenUiKt$b;'
3013487	  Class descriptor  : 'Lcom/larus/kmp/voice_setting/voice/screen/single/SingleScreenUiKt$c;'
3013565	  Class descriptor  : 'Lcom/larus/kmp/voice_setting/voice/screen/single/SingleScreenUiKt$d;'
3013833	  Class descriptor  : 'Lcom/larus/kmp/voice_setting/voice/screen/single/SingleScreenUiKt$e;'
3013922	  Class descriptor  : 'Lcom/larus/kmp/voice_setting/voice/screen/single/SingleScreenUiKt$f;'
3013991	  Class descriptor  : 'Lcom/larus/kmp/voice_setting/voice/screen/single/SingleScreenUiKt$g;'
3014656	  Class descriptor  : 'Lcom/larus/kmp/voice_setting/voice/screen/single/SingleScreenUiKt;'
3021402	  Class descriptor  : 'Lcom/larus/kmp/voice_setting/voice/screen/single/SingleTtsSpeakerRowGroup;'
3021594	  Class descriptor  : 'Lcom/larus/kmp/voice_setting/voice/screen/single/SingleTtsSpeakerSettingScreenWidget$Widget$$inlined$rememberComponentData$10$2;'
3021662	  Class descriptor  : 'Lcom/larus/kmp/voice_setting/voice/screen/single/SingleTtsSpeakerSettingScreenWidget$Widget$$inlined$rememberComponentData$2$2;'
3021730	  Class descriptor  : 'Lcom/larus/kmp/voice_setting/voice/screen/single/SingleTtsSpeakerSettingScreenWidget$Widget$$inlined$rememberComponentData$4$2;'
3021798	  Class descriptor  : 'Lcom/larus/kmp/voice_setting/voice/screen/single/SingleTtsSpeakerSettingScreenWidget$Widget$$inlined$rememberComponentData$6$2;'
3021866	  Class descriptor  : 'Lcom/larus/kmp/voice_setting/voice/screen/single/SingleTtsSpeakerSettingScreenWidget$Widget$$inlined$rememberComponentData$8$2;'
3021934	  Class descriptor  : 'Lcom/larus/kmp/voice_setting/voice/screen/single/SingleTtsSpeakerSettingScreenWidget$a;'
3022054	  Class descriptor  : 'Lcom/larus/kmp/voice_setting/voice/screen/single/SingleTtsSpeakerSettingScreenWidget$b;'
3022138	  Class descriptor  : 'Lcom/larus/kmp/voice_setting/voice/screen/single/SingleTtsSpeakerSettingScreenWidget$c;'
3022258	  Class descriptor  : 'Lcom/larus/kmp/voice_setting/voice/screen/single/SingleTtsSpeakerSettingScreenWidget$d;'
3022342	  Class descriptor  : 'Lcom/larus/kmp/voice_setting/voice/screen/single/SingleTtsSpeakerSettingScreenWidget$e;'
3022462	  Class descriptor  : 'Lcom/larus/kmp/voice_setting/voice/screen/single/SingleTtsSpeakerSettingScreenWidget$f;'
3022546	  Class descriptor  : 'Lcom/larus/kmp/voice_setting/voice/screen/single/SingleTtsSpeakerSettingScreenWidget$g;'
3022666	  Class descriptor  : 'Lcom/larus/kmp/voice_setting/voice/screen/single/SingleTtsSpeakerSettingScreenWidget$h;'
3022750	  Class descriptor  : 'Lcom/larus/kmp/voice_setting/voice/screen/single/SingleTtsSpeakerSettingScreenWidget$i;'
3022870	  Class descriptor  : 'Lcom/larus/kmp/voice_setting/voice/screen/single/SingleTtsSpeakerSettingScreenWidget$j;'
3022954	  Class descriptor  : 'Lcom/larus/kmp/voice_setting/voice/screen/single/SingleTtsSpeakerSettingScreenWidget;'
3025077	  Class descriptor  : 'Lcom/larus/kmp/voice_setting/voice/screen/single/a0;'
3025283	  Class descriptor  : 'Lcom/larus/kmp/voice_setting/voice/screen/single/a;'
3025314	  Class descriptor  : 'Lcom/larus/kmp/voice_setting/voice/screen/single/b0;'
3025325	  Class descriptor  : 'Lcom/larus/kmp/voice_setting/voice/screen/single/b0$a;'
3025444	  Class descriptor  : 'Lcom/larus/kmp/voice_setting/voice/screen/single/b0$b;'
3025563	  Class descriptor  : 'Lcom/larus/kmp/voice_setting/voice/screen/single/b;'
3025711	  Class descriptor  : 'Lcom/larus/kmp/voice_setting/voice/screen/single/c0;'
3026329	  Class descriptor  : 'Lcom/larus/kmp/voice_setting/voice/screen/single/c;'
3026377	  Class descriptor  : 'Lcom/larus/kmp/voice_setting/voice/screen/single/d0;'
3026440	  Class descriptor  : 'Lcom/larus/kmp/voice_setting/voice/screen/single/d;'
3026499	  Class descriptor  : 'Lcom/larus/kmp/voice_setting/voice/screen/single/e0;'
3026547	  Class descriptor  : 'Lcom/larus/kmp/voice_setting/voice/screen/single/e;'
3026606	  Class descriptor  : 'Lcom/larus/kmp/voice_setting/voice/screen/single/f0;'
3026695	  Class descriptor  : 'Lcom/larus/kmp/voice_setting/voice/screen/single/f;'
3026762	  Class descriptor  : 'Lcom/larus/kmp/voice_setting/voice/screen/single/g0;'
3026855	  Class descriptor  : 'Lcom/larus/kmp/voice_setting/voice/screen/single/g;'
3026970	  Class descriptor  : 'Lcom/larus/kmp/voice_setting/voice/screen/single/h0;'
3027071	  Class descriptor  : 'Lcom/larus/kmp/voice_setting/voice/screen/single/h;'
3027186	  Class descriptor  : 'Lcom/larus/kmp/voice_setting/voice/screen/single/i0;'
3027289	  Class descriptor  : 'Lcom/larus/kmp/voice_setting/voice/screen/single/i;'
3027421	  Class descriptor  : 'Lcom/larus/kmp/voice_setting/voice/screen/single/j0;'
3027518	  Class descriptor  : 'Lcom/larus/kmp/voice_setting/voice/screen/single/j;'
3027615	  Class descriptor  : 'Lcom/larus/kmp/voice_setting/voice/screen/single/k0;'
3027723	  Class descriptor  : 'Lcom/larus/kmp/voice_setting/voice/screen/single/k;'
3027794	  Class descriptor  : 'Lcom/larus/kmp/voice_setting/voice/screen/single/l0;'
3027895	  Class descriptor  : 'Lcom/larus/kmp/voice_setting/voice/screen/single/l;'
3027992	  Class descriptor  : 'Lcom/larus/kmp/voice_setting/voice/screen/single/m0;'
3028066	  Class descriptor  : 'Lcom/larus/kmp/voice_setting/voice/screen/single/m;'
3028114	  Class descriptor  : 'Lcom/larus/kmp/voice_setting/voice/screen/single/n0;'
3028197	  Class descriptor  : 'Lcom/larus/kmp/voice_setting/voice/screen/single/n;'
3028333	  Class descriptor  : 'Lcom/larus/kmp/voice_setting/voice/screen/single/o0;'
3028404	  Class descriptor  : 'Lcom/larus/kmp/voice_setting/voice/screen/single/o;'
3028475	  Class descriptor  : 'Lcom/larus/kmp/voice_setting/voice/screen/single/p0;'
3028546	  Class descriptor  : 'Lcom/larus/kmp/voice_setting/voice/screen/single/p;'
3028669	  Class descriptor  : 'Lcom/larus/kmp/voice_setting/voice/screen/single/q0;'
3028740	  Class descriptor  : 'Lcom/larus/kmp/voice_setting/voice/screen/single/q;'
3029033	  Class descriptor  : 'Lcom/larus/kmp/voice_setting/voice/screen/single/r0;'
3029104	  Class descriptor  : 'Lcom/larus/kmp/voice_setting/voice/screen/single/r;'
3029152	  Class descriptor  : 'Lcom/larus/kmp/voice_setting/voice/screen/single/s0;'
3029223	  Class descriptor  : 'Lcom/larus/kmp/voice_setting/voice/screen/single/s;'
3029271	  Class descriptor  : 'Lcom/larus/kmp/voice_setting/voice/screen/single/t0;'
3029458	  Class descriptor  : 'Lcom/larus/kmp/voice_setting/voice/screen/single/t;'
3029514	  Class descriptor  : 'Lcom/larus/kmp/voice_setting/voice/screen/single/u;'
3029574	  Class descriptor  : 'Lcom/larus/kmp/voice_setting/voice/screen/single/v;'
3029622	  Class descriptor  : 'Lcom/larus/kmp/voice_setting/voice/screen/single/w;'
3029681	  Class descriptor  : 'Lcom/larus/kmp/voice_setting/voice/screen/single/x;'
3029737	  Class descriptor  : 'Lcom/larus/kmp/voice_setting/voice/screen/single/y;'
3029955	  Class descriptor  : 'Lcom/larus/kmp/voice_setting/voice/screen/single/z;'
3030096	  Class descriptor  : 'Lcom/larus/kmp/voice_setting/voice/service/UgcVoiceImpl$saveUserVoice$1;'
3030164	  Class descriptor  : 'Lcom/larus/kmp/voice_setting/voice/service/UgcVoiceImpl;'
3030736	  Class descriptor  : 'Lcom/larus/kmp/voice_setting/voice/service/a;'
3030820	  Class descriptor  : 'Lcom/larus/kmp/voice_setting/voice/track/VoiceSettingLegacyTraceEvent;'
3031202	  Class descriptor  : 'Lcom/larus/kmp/voice_setting/voice/track/VoiceSettingLegacyTraceKey;'
3031726	  Class descriptor  : 'Lcom/larus/kmp/voice_setting/voice/track/VoiceSettingLegacyTraceValue;'
3032053	  Class descriptor  : 'Lcom/larus/kmp/voice_setting/voice/ui/VoiceLottieAnimationUi_compottieKt$VoiceLoopingLottieImage$1$1;'
3032230	  Class descriptor  : 'Lcom/larus/kmp/voice_setting/voice/ui/VoiceLottieAnimationUi_compottieKt$VoiceLoopingLottieImage$3$1;'
3032473	  Class descriptor  : 'Lcom/larus/kmp/voice_setting/voice/ui/VoiceLottieAnimationUi_compottieKt$VoiceLoopingLottieImage$5;'
3032535	  Class descriptor  : 'Lcom/larus/kmp/voice_setting/voice/ui/VoiceLottieAnimationUi_compottieKt$VoiceLoopingLottieImage$result$1$1;'
3032808	  Class descriptor  : 'Lcom/larus/kmp/voice_setting/voice/ui/VoiceLottieAnimationUi_compottieKt;'
3033838	  Class descriptor  : 'Lcom/larus/kmp/voice_setting/voice/ui/a$a;'
3033989	  Class descriptor  : 'Lcom/larus/kmp/voice_setting/voice/ui/a0;'
3034356	  Class descriptor  : 'Lcom/larus/kmp/voice_setting/voice/ui/a;'
3034408	  Class descriptor  : 'Lcom/larus/kmp/voice_setting/voice/ui/b;'
3034726	  Class descriptor  : 'Lcom/larus/kmp/voice_setting/voice/ui/c;'
3034873	  Class descriptor  : 'Lcom/larus/kmp/voice_setting/voice/ui/d;'
3035007	  Class descriptor  : 'Lcom/larus/kmp/voice_setting/voice/ui/e;'
3036458	  Class descriptor  : 'Lcom/larus/kmp/voice_setting/voice/ui/f;'
3036523	  Class descriptor  : 'Lcom/larus/kmp/voice_setting/voice/ui/g;'
3036646	  Class descriptor  : 'Lcom/larus/kmp/voice_setting/voice/ui/h;'
3036778	  Class descriptor  : 'Lcom/larus/kmp/voice_setting/voice/ui/i;'
3036904	  Class descriptor  : 'Lcom/larus/kmp/voice_setting/voice/ui/j;'
3036952	  Class descriptor  : 'Lcom/larus/kmp/voice_setting/voice/ui/k;'
3037075	  Class descriptor  : 'Lcom/larus/kmp/voice_setting/voice/ui/l;'
3037190	  Class descriptor  : 'Lcom/larus/kmp/voice_setting/voice/ui/m;'
3037261	  Class descriptor  : 'Lcom/larus/kmp/voice_setting/voice/ui/n$a;'
3037856	  Class descriptor  : 'Lcom/larus/kmp/voice_setting/voice/ui/n$b;'
3037905	  Class descriptor  : 'Lcom/larus/kmp/voice_setting/voice/ui/n;'
3040765	  Class descriptor  : 'Lcom/larus/kmp/voice_setting/voice/ui/o;'
3041246	  Class descriptor  : 'Lcom/larus/kmp/voice_setting/voice/ui/p;'
3041331	  Class descriptor  : 'Lcom/larus/kmp/voice_setting/voice/ui/q;'
3041454	  Class descriptor  : 'Lcom/larus/kmp/voice_setting/voice/ui/r;'
3041577	  Class descriptor  : 'Lcom/larus/kmp/voice_setting/voice/ui/s;'
3041700	  Class descriptor  : 'Lcom/larus/kmp/voice_setting/voice/ui/t;'
3041931	  Class descriptor  : 'Lcom/larus/kmp/voice_setting/voice/ui/u;'
3041983	  Class descriptor  : 'Lcom/larus/kmp/voice_setting/voice/ui/v;'
3042104	  Class descriptor  : 'Lcom/larus/kmp/voice_setting/voice/ui/w;'
3042255	  Class descriptor  : 'Lcom/larus/kmp/voice_setting/voice/ui/x;'
3043123	  Class descriptor  : 'Lcom/larus/kmp/voice_setting/voice/ui/y;'
3043730	  Class descriptor  : 'Lcom/larus/kmp/voice_setting/voice/ui/z;'
3043809	  Class descriptor  : 'Lcom/larus/kmp/voice_setting/voice/utils/CommonExtKt$copyAssetsToStorage$2;'
3044128	  Class descriptor  : 'Lcom/larus/kmp/voice_setting/voice/utils/VoiceSettingLogLevel;'
3044320	  Class descriptor  : 'Lcom/larus/kmp/voice_setting/voice/utils/a;'
3044386	  Class descriptor  : 'Lcom/larus/kmp/voice_setting/voice/utils/b;'
3044710	  Class descriptor  : 'Lcom/larus/kmp/voice_setting/voice/utils/c;'
3044962	  Class descriptor  : 'Lcom/larus/kmp/voice_setting/voice/utils/d;'
3045068	  Class descriptor  : 'Lcom/larus/kmp/voice_setting/voice/utils/e;'
3045136	  Class descriptor  : 'Lcom/larus/kmp/voice_setting/voice/utils/f;'
3045204	  Class descriptor  : 'Lcom/larus/kmp/voice_setting/voice/utils/g;'
3045276	  Class descriptor  : 'Lcom/larus/kmp/voice_setting/voice/utils/h;'
3045869	  Class descriptor  : 'Lcom/larus/kmp/voice_setting/voice/utils/i;'
3045922	  Class descriptor  : 'Lcom/larus/kmp/voice_setting/voice/utils/j;'
3046023	  Class descriptor  : 'Lcom/larus/kmp/voice_setting/voice/utils/k$a;'
3046072	  Class descriptor  : 'Lcom/larus/kmp/voice_setting/voice/utils/k;'
3047052	  Class descriptor  : 'Lcom/larus/kmp/voice_setting/voice/utils/l;'
3047193	  Class descriptor  : 'Lcom/larus/kmp/voice_setting/voice/utils/m;'
3047234	  Class descriptor  : 'Lcom/larus/kmp/voice_setting/voice/utils/n$a;'
3047245	  Class descriptor  : 'Lcom/larus/kmp/voice_setting/voice/utils/n;'
3047419	  Class descriptor  : 'Lcom/larus/larkfeed/IFlowFeedApi;'
3047430	  Class descriptor  : 'Lcom/larus/larkfeed/IFlowLarkFeedApi;'
3047546	  Class descriptor  : 'Lcom/larus/larkfeed/IFlowLarkFeedApi$Companion;'
3047882	  Class descriptor  : 'Lcom/larus/larkfeed/IOfficeSocialBridge;'
3048010	  Class descriptor  : 'Lcom/larus/larkfeed/IOfficeSocialBridge$Companion;'
3048388	  Class descriptor  : 'Lcom/larus/larkfeed/a;'
3048550	  Class descriptor  : 'Lcom/larus/larkfeed/b;'
3048712	  Class descriptor  : 'Lcom/larus/larkfeed/impl/FlowFeedImpl;'
3048740	  Class descriptor  : 'Lcom/larus/larkfeed/impl/FlowLarkFeedImpl$a;'
3048751	  Class descriptor  : 'Lcom/larus/larkfeed/impl/FlowLarkFeedImpl;'
3049612	  Class descriptor  : 'Lcom/larus/larkfeed/impl/OfficeSocialBridgeImpl$getGalleryItems$message$1;'
3049817	  Class descriptor  : 'Lcom/larus/larkfeed/impl/OfficeSocialBridgeImpl$showProfileAvatarViewDialog$1$url$1;'
3050000	  Class descriptor  : 'Lcom/larus/larkfeed/impl/OfficeSocialBridgeImpl$showProfileAvatarViewDialog$1;'
3050220	  Class descriptor  : 'Lcom/larus/larkfeed/impl/OfficeSocialBridgeImpl;'
3052274	  Class descriptor  : 'Lcom/larus/larkfeed/impl/SocialConversationActivity;'
3052559	  Class descriptor  : 'Lcom/larus/larkfeed/impl/SocialConversationFragment$a;'
3052570	  Class descriptor  : 'Lcom/larus/larkfeed/impl/SocialConversationFragment;'
3053181	  Class descriptor  : 'Lcom/larus/larkfeed/impl/SocialConversationPageFragment$a;'
3053192	  Class descriptor  : 'Lcom/larus/larkfeed/impl/SocialConversationPageFragment$b;'
3053307	  Class descriptor  : 'Lcom/larus/larkfeed/impl/SocialConversationPageFragment$startScan$1$1;'
3053669	  Class descriptor  : 'Lcom/larus/larkfeed/impl/SocialConversationPageFragment;'
3055144	  Class descriptor  : 'Lcom/larus/larkfeed/impl/a$a;'
3055155	  Class descriptor  : 'Lcom/larus/larkfeed/impl/a;'
3055282	  Class descriptor  : 'Lcom/larus/larkfeed/impl/address/LarkAddressBookActivity;'
3055560	  Class descriptor  : 'Lcom/larus/larkfeed/impl/address/SocialAddressBookFragment$a;'
3055571	  Class descriptor  : 'Lcom/larus/larkfeed/impl/address/SocialAddressBookFragment;'
3056352	  Class descriptor  : 'Lcom/larus/larkfeed/impl/b;'
3056463	  Class descriptor  : 'Lcom/larus/larkfeed/impl/c;'
3056543	  Class descriptor  : 'Lcom/larus/larkfeed/impl/d;'
3056696	  Class descriptor  : 'Lcom/larus/larkfeed/impl/databinding/ActivityLarkAddressBookBinding;'
3056724	  Class descriptor  : 'Lcom/larus/larkfeed/impl/databinding/ActivityLarkPickAvatarBinding;'
3056752	  Class descriptor  : 'Lcom/larus/larkfeed/impl/databinding/ActivitySocialConversationBinding;'
3056780	  Class descriptor  : 'Lcom/larus/larkfeed/impl/databinding/LarusLarkMixedFeedLayoutBinding;'
3056841	  Class descriptor  : 'Lcom/larus/larkfeed/impl/databinding/LarusPageSocialConversationBinding;'
3057160	  Class descriptor  : 'Lcom/larus/larkfeed/impl/databinding/LarusSocialAddressBookLayoutBinding;'
3057237	  Class descriptor  : 'Lcom/larus/larkfeed/impl/databinding/LarusSocialConversationLayoutBinding;'
3057306	  Class descriptor  : 'Lcom/larus/larkfeed/impl/databinding/LarusSocialGalleryBottomLayoutBinding;'
3057375	  Class descriptor  : 'Lcom/larus/larkfeed/impl/databinding/LarusSocialGalleryLarkImageViewBinding;'
3057468	  Class descriptor  : 'Lcom/larus/larkfeed/impl/databinding/LarusSocialGalleryTopLayoutBinding;'
3057546	  Class descriptor  : 'Lcom/larus/larkfeed/impl/databinding/LarusViewSideBarMessageProgressBinding;'
3057574	  Class descriptor  : 'Lcom/larus/larkfeed/impl/e;'
3057770	  Class descriptor  : 'Lcom/larus/larkfeed/impl/f;'
3058071	  Class descriptor  : 'Lcom/larus/larkfeed/impl/g;'
3058187	  Class descriptor  : 'Lcom/larus/larkfeed/impl/gallery/DoubaoGalleryImageSaveHelper$resolveFinalDownloadUrl$1;'
3058255	  Class descriptor  : 'Lcom/larus/larkfeed/impl/gallery/DoubaoGalleryImageSaveHelper$saveImage$1;'
3058571	  Class descriptor  : 'Lcom/larus/larkfeed/impl/gallery/DoubaoGalleryImageSaveHelper;'
3059503	  Class descriptor  : 'Lcom/larus/larkfeed/impl/gallery/LarkImageView$a;'
3059514	  Class descriptor  : 'Lcom/larus/larkfeed/impl/gallery/LarkImageView$b;'
3059570	  Class descriptor  : 'Lcom/larus/larkfeed/impl/gallery/LarkImageView$isAnimatedImage$1;'
3059633	  Class descriptor  : 'Lcom/larus/larkfeed/impl/gallery/LarkImageView$isShowFileReady$1;'
3059696	  Class descriptor  : 'Lcom/larus/larkfeed/impl/gallery/LarkImageView;'
3061101	  Class descriptor  : 'Lcom/larus/larkfeed/impl/gallery/LarkOfficeMaterialGalleryDataSource$loadMore$1;'
3061169	  Class descriptor  : 'Lcom/larus/larkfeed/impl/gallery/LarkOfficeMaterialGalleryDataSource$loadPrevious$1;'
3061237	  Class descriptor  : 'Lcom/larus/larkfeed/impl/gallery/LarkOfficeMaterialGalleryDataSource$mapToDisplayItem$1;'
3061309	  Class descriptor  : 'Lcom/larus/larkfeed/impl/gallery/LarkOfficeMaterialGalleryDataSource$refreshDisplayItems$1;'
3061389	  Class descriptor  : 'Lcom/larus/larkfeed/impl/gallery/LarkOfficeMaterialGalleryDataSource;'
3063545	  Class descriptor  : 'Lcom/larus/larkfeed/impl/gallery/Message2GalleryItemExtKt$createCreationGalleryPreviewItems$1$item$1;'
3063700	  Class descriptor  : 'Lcom/larus/larkfeed/impl/gallery/Message2GalleryItemExtKt$createCreationGalleryPreviewItems$1$item$2;'
3063867	  Class descriptor  : 'Lcom/larus/larkfeed/impl/gallery/Message2GalleryItemExtKt$toVideoPlayData$1;'
3063929	  Class descriptor  : 'Lcom/larus/larkfeed/impl/gallery/Message2GalleryItemExtKt$toVideoPlayData$2;'
3064178	  Class descriptor  : 'Lcom/larus/larkfeed/impl/gallery/Message2GalleryItemExtKt;'
3065549	  Class descriptor  : 'Lcom/larus/larkfeed/impl/gallery/PreviewState;'
3065763	  Class descriptor  : 'Lcom/larus/larkfeed/impl/gallery/SocialGalleryBottomProvider$saveDoubaoVideo$1$1;'
3066136	  Class descriptor  : 'Lcom/larus/larkfeed/impl/gallery/SocialGalleryBottomProvider$saveLarkImage$1$1;'
3066536	  Class descriptor  : 'Lcom/larus/larkfeed/impl/gallery/SocialGalleryBottomProvider$saveLarkVideo$1$1;'
3066903	  Class descriptor  : 'Lcom/larus/larkfeed/impl/gallery/SocialGalleryRecallProvider$observer$1$onMessageRecall$1;'
3067073	  Class descriptor  : 'Lcom/larus/larkfeed/impl/gallery/SocialGalleryRecallProvider$observer$1;'
3067233	  Class descriptor  : 'Lcom/larus/larkfeed/impl/gallery/SocialGalleryRecallProvider;'
3067375	  Class descriptor  : 'Lcom/larus/larkfeed/impl/gallery/SocialGalleryTopProvider$copyImage$1$1;'
3067875	  Class descriptor  : 'Lcom/larus/larkfeed/impl/gallery/SocialGalleryTopProvider$getImageCacheFilePath$2;'
3068152	  Class descriptor  : 'Lcom/larus/larkfeed/impl/gallery/SocialGalleryTopProvider$getLarkImageShareContent$1;'
3068216	  Class descriptor  : 'Lcom/larus/larkfeed/impl/gallery/SocialGalleryTopProvider$prepareLarkImageCopyUri$2;'
3068654	  Class descriptor  : 'Lcom/larus/larkfeed/impl/gallery/SocialGalleryTopProvider$refreshTitleBar$1$1$1;'
3069055	  Class descriptor  : 'Lcom/larus/larkfeed/impl/gallery/SocialGalleryTopProvider$refreshTitleBar$2$1$1;'
3069490	  Class descriptor  : 'Lcom/larus/larkfeed/impl/gallery/SocialGalleryTopProvider$resolveCopyImageUri$1;'
3069559	  Class descriptor  : 'Lcom/larus/larkfeed/impl/gallery/SocialGalleryTopProvider$saveDoubaoVideoFromShare$1$1;'
3069913	  Class descriptor  : 'Lcom/larus/larkfeed/impl/gallery/SocialGalleryTopProvider$saveLarkImageFromShare$1$1;'
3070222	  Class descriptor  : 'Lcom/larus/larkfeed/impl/gallery/SocialGalleryTopProvider$saveLarkVideoFromShare$1$1;'
3070493	  Class descriptor  : 'Lcom/larus/larkfeed/impl/gallery/SocialGalleryTopProvider$shareDoubaoImageLegacy$1;'
3070722	  Class descriptor  : 'Lcom/larus/larkfeed/impl/gallery/SocialGalleryTopProvider$shareDoubaoVideoLegacy$1;'
3071117	  Class descriptor  : 'Lcom/larus/larkfeed/impl/gallery/SocialGalleryTopProvider$shareLarkImage$1$1;'
3071358	  Class descriptor  : 'Lcom/larus/larkfeed/impl/gallery/a0;'
3071458	  Class descriptor  : 'Lcom/larus/larkfeed/impl/gallery/a;'
3072006	  Class descriptor  : 'Lcom/larus/larkfeed/impl/gallery/b0$a;'
3072033	  Class descriptor  : 'Lcom/larus/larkfeed/impl/gallery/b0;'
3072627	  Class descriptor  : 'Lcom/larus/larkfeed/impl/gallery/b;'
3072745	  Class descriptor  : 'Lcom/larus/larkfeed/impl/gallery/c0$a;'
3072794	  Class descriptor  : 'Lcom/larus/larkfeed/impl/gallery/c0;'
3073315	  Class descriptor  : 'Lcom/larus/larkfeed/impl/gallery/c;'
3073433	  Class descriptor  : 'Lcom/larus/larkfeed/impl/gallery/d0;'
3073550	  Class descriptor  : 'Lcom/larus/larkfeed/impl/gallery/d;'
3073624	  Class descriptor  : 'Lcom/larus/larkfeed/impl/gallery/e0;'
3073717	  Class descriptor  : 'Lcom/larus/larkfeed/impl/gallery/e;'
3073826	  Class descriptor  : 'Lcom/larus/larkfeed/impl/gallery/f0;'
3073899	  Class descriptor  : 'Lcom/larus/larkfeed/impl/gallery/f;'
3074002	  Class descriptor  : 'Lcom/larus/larkfeed/impl/gallery/g0;'
3074092	  Class descriptor  : 'Lcom/larus/larkfeed/impl/gallery/g;'
3074279	  Class descriptor  : 'Lcom/larus/larkfeed/impl/gallery/h0;'
3074369	  Class descriptor  : 'Lcom/larus/larkfeed/impl/gallery/h;'
3074548	  Class descriptor  : 'Lcom/larus/larkfeed/impl/gallery/i0;'
3074674	  Class descriptor  : 'Lcom/larus/larkfeed/impl/gallery/i;'
3075319	  Class descriptor  : 'Lcom/larus/larkfeed/impl/gallery/j0;'
3075430	  Class descriptor  : 'Lcom/larus/larkfeed/impl/gallery/j;'
3075529	  Class descriptor  : 'Lcom/larus/larkfeed/impl/gallery/k0;'
3075657	  Class descriptor  : 'Lcom/larus/larkfeed/impl/gallery/k;'
3075776	  Class descriptor  : 'Lcom/larus/larkfeed/impl/gallery/l0;'
3075924	  Class descriptor  : 'Lcom/larus/larkfeed/impl/gallery/l;'
3075996	  Class descriptor  : 'Lcom/larus/larkfeed/impl/gallery/m$a;'
3076064	  Class descriptor  : 'Lcom/larus/larkfeed/impl/gallery/m0;'
3076237	  Class descriptor  : 'Lcom/larus/larkfeed/impl/gallery/m;'
3076461	  Class descriptor  : 'Lcom/larus/larkfeed/impl/gallery/n0;'
3076547	  Class descriptor  : 'Lcom/larus/larkfeed/impl/gallery/n;'
3076713	  Class descriptor  : 'Lcom/larus/larkfeed/impl/gallery/o0;'
3076840	  Class descriptor  : 'Lcom/larus/larkfeed/impl/gallery/o;'
3077211	  Class descriptor  : 'Lcom/larus/larkfeed/impl/gallery/p0;'
3077320	  Class descriptor  : 'Lcom/larus/larkfeed/impl/gallery/p;'
3077431	  Class descriptor  : 'Lcom/larus/larkfeed/impl/gallery/q0;'
3077587	  Class descriptor  : 'Lcom/larus/larkfeed/impl/gallery/q;'
3077777	  Class descriptor  : 'Lcom/larus/larkfeed/impl/gallery/r0;'
3077857	  Class descriptor  : 'Lcom/larus/larkfeed/impl/gallery/r;'
3077985	  Class descriptor  : 'Lcom/larus/larkfeed/impl/gallery/s0;'
3078187	  Class descriptor  : 'Lcom/larus/larkfeed/impl/gallery/s;'
3078342	  Class descriptor  : 'Lcom/larus/larkfeed/impl/gallery/t$a;'
3078353	  Class descriptor  : 'Lcom/larus/larkfeed/impl/gallery/t0;'
3078927	  Class descriptor  : 'Lcom/larus/larkfeed/impl/gallery/t;'
3079451	  Class descriptor  : 'Lcom/larus/larkfeed/impl/gallery/u0;'
3079673	  Class descriptor  : 'Lcom/larus/larkfeed/impl/gallery/u;'
3079765	  Class descriptor  : 'Lcom/larus/larkfeed/impl/gallery/v0;'
3080000	  Class descriptor  : 'Lcom/larus/larkfeed/impl/gallery/v;'
3080069	  Class descriptor  : 'Lcom/larus/larkfeed/impl/gallery/w0;'
3080197	  Class descriptor  : 'Lcom/larus/larkfeed/impl/gallery/w;'
3080266	  Class descriptor  : 'Lcom/larus/larkfeed/impl/gallery/x0;'
3080501	  Class descriptor  : 'Lcom/larus/larkfeed/impl/gallery/x;'
3080934	  Class descriptor  : 'Lcom/larus/larkfeed/impl/gallery/y0$a;'
3080945	  Class descriptor  : 'Lcom/larus/larkfeed/impl/gallery/y0$b;'
3081124	  Class descriptor  : 'Lcom/larus/larkfeed/impl/gallery/y0;'
3083703	  Class descriptor  : 'Lcom/larus/larkfeed/impl/gallery/y;'
3083752	  Class descriptor  : 'Lcom/larus/larkfeed/impl/gallery/z0;'
3083907	  Class descriptor  : 'Lcom/larus/larkfeed/impl/gallery/z;'
3083993	  Class descriptor  : 'Lcom/larus/larkfeed/impl/h;'
3084115	  Class descriptor  : 'Lcom/larus/larkfeed/impl/i$a;'
3084126	  Class descriptor  : 'Lcom/larus/larkfeed/impl/i;'
3084904	  Class descriptor  : 'Lcom/larus/larkfeed/impl/j;'
3085129	  Class descriptor  : 'Lcom/larus/larkfeed/impl/k;'
3085186	  Class descriptor  : 'Lcom/larus/larkfeed/impl/l;'
3085411	  Class descriptor  : 'Lcom/larus/larkfeed/impl/lark/holder/content/DouBaoBlockContent$a;'
3085607	  Class descriptor  : 'Lcom/larus/larkfeed/impl/lark/holder/content/DouBaoBlockContent$b;'
3085618	  Class descriptor  : 'Lcom/larus/larkfeed/impl/lark/holder/content/DouBaoBlockContent$bindScrollObserver$1$onScrollStateChanged$1;'
3085797	  Class descriptor  : 'Lcom/larus/larkfeed/impl/lark/holder/content/DouBaoBlockContent$bindScrollObserver$1$onScrolled$1;'
3086004	  Class descriptor  : 'Lcom/larus/larkfeed/impl/lark/holder/content/DouBaoBlockContent$bindScrollObserver$1;'
3086197	  Class descriptor  : 'Lcom/larus/larkfeed/impl/lark/holder/content/DouBaoBlockContent$c;'
3086264	  Class descriptor  : 'Lcom/larus/larkfeed/impl/lark/holder/content/DouBaoBlockContent$update$message$1$a;'
3086296	  Class descriptor  : 'Lcom/larus/larkfeed/impl/lark/holder/content/DouBaoBlockContent$update$message$1;'
3086773	  Class descriptor  : 'Lcom/larus/larkfeed/impl/lark/holder/content/DouBaoBlockContent;'
3090359	  Class descriptor  : 'Lcom/larus/larkfeed/impl/lark/holder/content/DouBaoContent;'
3090547	  Class descriptor  : 'Lcom/larus/larkfeed/impl/lark/holder/content/a0;'
3090587	  Class descriptor  : 'Lcom/larus/larkfeed/impl/lark/holder/content/a;'
3090682	  Class descriptor  : 'Lcom/larus/larkfeed/impl/lark/holder/content/b0;'
3090880	  Class descriptor  : 'Lcom/larus/larkfeed/impl/lark/holder/content/b;'
3091113	  Class descriptor  : 'Lcom/larus/larkfeed/impl/lark/holder/content/c0;'
3091519	  Class descriptor  : 'Lcom/larus/larkfeed/impl/lark/holder/content/c;'
3091570	  Class descriptor  : 'Lcom/larus/larkfeed/impl/lark/holder/content/d0;'
3091639	  Class descriptor  : 'Lcom/larus/larkfeed/impl/lark/holder/content/d;'
3091690	  Class descriptor  : 'Lcom/larus/larkfeed/impl/lark/holder/content/e0$a;'
3091701	  Class descriptor  : 'Lcom/larus/larkfeed/impl/lark/holder/content/e0;'
3092088	  Class descriptor  : 'Lcom/larus/larkfeed/impl/lark/holder/content/e;'
3092175	  Class descriptor  : 'Lcom/larus/larkfeed/impl/lark/holder/content/f0;'
3092298	  Class descriptor  : 'Lcom/larus/larkfeed/impl/lark/holder/content/f;'
3092399	  Class descriptor  : 'Lcom/larus/larkfeed/impl/lark/holder/content/g;'
3092477	  Class descriptor  : 'Lcom/larus/larkfeed/impl/lark/holder/content/h;'
3092620	  Class descriptor  : 'Lcom/larus/larkfeed/impl/lark/holder/content/i;'
3092789	  Class descriptor  : 'Lcom/larus/larkfeed/impl/lark/holder/content/j;'
3092894	  Class descriptor  : 'Lcom/larus/larkfeed/impl/lark/holder/content/k;'
3092957	  Class descriptor  : 'Lcom/larus/larkfeed/impl/lark/holder/content/l;'
3093053	  Class descriptor  : 'Lcom/larus/larkfeed/impl/lark/holder/content/longpress/DouBaoMenuPayloadStore$payloads$1;'
3093814	  Class descriptor  : 'Lcom/larus/larkfeed/impl/lark/holder/content/longpress/DouBaoMenuPayloadStore;'
3093946	  Class descriptor  : 'Lcom/larus/larkfeed/impl/lark/holder/content/longpress/DouBaoMenuScene;'
3094248	  Class descriptor  : 'Lcom/larus/larkfeed/impl/lark/holder/content/longpress/DouBaoTextSelectServiceImpl$a;'
3094528	  Class descriptor  : 'Lcom/larus/larkfeed/impl/lark/holder/content/longpress/DouBaoTextSelectServiceImpl$getAllText$1$content$1;'
3094756	  Class descriptor  : 'Lcom/larus/larkfeed/impl/lark/holder/content/longpress/DouBaoTextSelectServiceImpl$getAllText$1$message$1;'
3094967	  Class descriptor  : 'Lcom/larus/larkfeed/impl/lark/holder/content/longpress/DouBaoTextSelectServiceImpl;'
3095668	  Class descriptor  : 'Lcom/larus/larkfeed/impl/lark/holder/content/longpress/FlowDouBaoBlockTypeActionProvider$a;'
3095695	  Class descriptor  : 'Lcom/larus/larkfeed/impl/lark/holder/content/longpress/FlowDouBaoBlockTypeActionProvider$a$a;'
3095804	  Class descriptor  : 'Lcom/larus/larkfeed/impl/lark/holder/content/longpress/FlowDouBaoBlockTypeActionProvider$a$b;'
3095877	  Class descriptor  : 'Lcom/larus/larkfeed/impl/lark/holder/content/longpress/FlowDouBaoBlockTypeActionProvider$a$c;'
3095950	  Class descriptor  : 'Lcom/larus/larkfeed/impl/lark/holder/content/longpress/FlowDouBaoBlockTypeActionProvider$resolveDouBaoMessage$1;'
3096171	  Class descriptor  : 'Lcom/larus/larkfeed/impl/lark/holder/content/longpress/FlowDouBaoBlockTypeActionProvider;'
3096401	  Class descriptor  : 'Lcom/larus/larkfeed/impl/lark/holder/content/longpress/FlowDouBaoMessageDislikeActionProvider$FlowDislikeAction$getIcon$message$1;'
3096622	  Class descriptor  : 'Lcom/larus/larkfeed/impl/lark/holder/content/longpress/FlowDouBaoMessageDislikeActionProvider$FlowDislikeAction$onClick$message$1;'
3096837	  Class descriptor  : 'Lcom/larus/larkfeed/impl/lark/holder/content/longpress/FlowDouBaoMessageDislikeActionProvider$FlowDislikeAction$useCustomIconColor$message$1;'
3097058	  Class descriptor  : 'Lcom/larus/larkfeed/impl/lark/holder/content/longpress/FlowDouBaoMessageFeedbackActionProvider$FlowFeedbackAction$onClick$1$1;'
3097278	  Class descriptor  : 'Lcom/larus/larkfeed/impl/lark/holder/content/longpress/FlowDouBaoMessageFeedbackActionProvider$FlowFeedbackAction$onClick$1;'
3097557	  Class descriptor  : 'Lcom/larus/larkfeed/impl/lark/holder/content/longpress/FlowDouBaoMessageFeedbackActionProvider$FlowFeedbackAction;'
3098017	  Class descriptor  : 'Lcom/larus/larkfeed/impl/lark/holder/content/longpress/FlowDouBaoMessageFeedbackActionProvider$a;'
3098028	  Class descriptor  : 'Lcom/larus/larkfeed/impl/lark/holder/content/longpress/FlowDouBaoMessageFeedbackActionProvider;'
3098168	  Class descriptor  : 'Lcom/larus/larkfeed/impl/lark/holder/content/longpress/FlowDouBaoMessageLikeActionProvider$FlowLikeAction$getIcon$message$1;'
3098389	  Class descriptor  : 'Lcom/larus/larkfeed/impl/lark/holder/content/longpress/FlowDouBaoMessageLikeActionProvider$FlowLikeAction$onClick$1;'
3098730	  Class descriptor  : 'Lcom/larus/larkfeed/impl/lark/holder/content/longpress/FlowDouBaoMessageLikeActionProvider$FlowLikeAction$useCustomIconColor$message$1;'
3098951	  Class descriptor  : 'Lcom/larus/larkfeed/impl/lark/holder/content/longpress/ImMenuBlockType$a;'
3098983	  Class descriptor  : 'Lcom/larus/larkfeed/impl/lark/holder/content/longpress/ImMenuBlockType;'
3099324	  Class descriptor  : 'Lcom/larus/larkfeed/impl/lark/holder/content/longpress/a;'
3099462	  Class descriptor  : 'Lcom/larus/larkfeed/impl/lark/holder/content/longpress/b;'
3100006	  Class descriptor  : 'Lcom/larus/larkfeed/impl/lark/holder/content/longpress/c;'
3100033	  Class descriptor  : 'Lcom/larus/larkfeed/impl/lark/holder/content/longpress/c$a;'
3100173	  Class descriptor  : 'Lcom/larus/larkfeed/impl/lark/holder/content/longpress/c$b;'
3100313	  Class descriptor  : 'Lcom/larus/larkfeed/impl/lark/holder/content/longpress/c$c;'
3100455	  Class descriptor  : 'Lcom/larus/larkfeed/impl/lark/holder/content/longpress/d$a;'
3100539	  Class descriptor  : 'Lcom/larus/larkfeed/impl/lark/holder/content/longpress/d;'
3100727	  Class descriptor  : 'Lcom/larus/larkfeed/impl/lark/holder/content/longpress/e;'
3100943	  Class descriptor  : 'Lcom/larus/larkfeed/impl/lark/holder/content/longpress/f;'
3101797	  Class descriptor  : 'Lcom/larus/larkfeed/impl/lark/holder/content/longpress/g;'
3101880	  Class descriptor  : 'Lcom/larus/larkfeed/impl/lark/holder/content/longpress/h;'
3102506	  Class descriptor  : 'Lcom/larus/larkfeed/impl/lark/holder/content/longpress/m;'
3102718	  Class descriptor  : 'Lcom/larus/larkfeed/impl/lark/holder/content/longpress/i;'
3102784	  Class descriptor  : 'Lcom/larus/larkfeed/impl/lark/holder/content/longpress/j;'
3102867	  Class descriptor  : 'Lcom/larus/larkfeed/impl/lark/holder/content/longpress/k;'
3103617	  Class descriptor  : 'Lcom/larus/larkfeed/impl/lark/holder/content/longpress/l;'
3103683	  Class descriptor  : 'Lcom/larus/larkfeed/impl/lark/holder/content/longpress/m$a;'
3104175	  Class descriptor  : 'Lcom/larus/larkfeed/impl/lark/holder/content/longpress/n;'
3104258	  Class descriptor  : 'Lcom/larus/larkfeed/impl/lark/holder/content/longpress/o;'
3104553	  Class descriptor  : 'Lcom/larus/larkfeed/impl/lark/holder/content/longpress/p;'
3104619	  Class descriptor  : 'Lcom/larus/larkfeed/impl/lark/holder/content/longpress/q;'
3104702	  Class descriptor  : 'Lcom/larus/larkfeed/impl/lark/holder/content/longpress/r;'
3105354	  Class descriptor  : 'Lcom/larus/larkfeed/impl/lark/holder/content/longpress/s;'
3105420	  Class descriptor  : 'Lcom/larus/larkfeed/impl/lark/holder/content/longpress/t;'
3105524	  Class descriptor  : 'Lcom/larus/larkfeed/impl/lark/holder/content/longpress/u;'
3105574	  Class descriptor  : 'Lcom/larus/larkfeed/impl/lark/holder/content/longpress/v;'
3105692	  Class descriptor  : 'Lcom/larus/larkfeed/impl/lark/holder/content/longpress/w;'
3105704	  Class descriptor  : 'Lcom/larus/larkfeed/impl/lark/holder/content/longpress/x$a;'
3105715	  Class descriptor  : 'Lcom/larus/larkfeed/impl/lark/holder/content/longpress/x$b;'
3106471	  Class descriptor  : 'Lcom/larus/larkfeed/impl/lark/holder/content/longpress/x;'
3106611	  Class descriptor  : 'Lcom/larus/larkfeed/impl/lark/holder/content/longpress/y$a;'
3106660	  Class descriptor  : 'Lcom/larus/larkfeed/impl/lark/holder/content/longpress/y;'
3106943	  Class descriptor  : 'Lcom/larus/larkfeed/impl/lark/holder/content/longpress/z;'
3107456	  Class descriptor  : 'Lcom/larus/larkfeed/impl/lark/holder/content/m;'
3107582	  Class descriptor  : 'Lcom/larus/larkfeed/impl/lark/holder/content/n;'
3107660	  Class descriptor  : 'Lcom/larus/larkfeed/impl/lark/holder/content/o;'
3107764	  Class descriptor  : 'Lcom/larus/larkfeed/impl/lark/holder/content/p;'
3107854	  Class descriptor  : 'Lcom/larus/larkfeed/impl/lark/holder/content/q;'
3107944	  Class descriptor  : 'Lcom/larus/larkfeed/impl/lark/holder/content/r;'
3108000	  Class descriptor  : 'Lcom/larus/larkfeed/impl/lark/holder/content/s;'
3108198	  Class descriptor  : 'Lcom/larus/larkfeed/impl/lark/holder/content/t;'
3108433	  Class descriptor  : 'Lcom/larus/larkfeed/impl/lark/holder/content/u;'
3108695	  Class descriptor  : 'Lcom/larus/larkfeed/impl/lark/holder/content/v;'
3108803	  Class descriptor  : 'Lcom/larus/larkfeed/impl/lark/holder/content/w;'
3108911	  Class descriptor  : 'Lcom/larus/larkfeed/impl/lark/holder/content/x;'
3109137	  Class descriptor  : 'Lcom/larus/larkfeed/impl/lark/holder/content/y;'
3109322	  Class descriptor  : 'Lcom/larus/larkfeed/impl/lark/holder/content/z;'
3109558	  Class descriptor  : 'Lcom/larus/larkfeed/impl/m;'
3109643	  Class descriptor  : 'Lcom/larus/larkfeed/impl/mixedfeed/LarkMixedFeedFragment$a;'
3109654	  Class descriptor  : 'Lcom/larus/larkfeed/impl/mixedfeed/LarkMixedFeedFragment$b;'
3109753	  Class descriptor  : 'Lcom/larus/larkfeed/impl/mixedfeed/LarkMixedFeedFragment$c;'
3109869	  Class descriptor  : 'Lcom/larus/larkfeed/impl/mixedfeed/LarkMixedFeedFragment$globalApiListener$1$1;'
3110212	  Class descriptor  : 'Lcom/larus/larkfeed/impl/mixedfeed/LarkMixedFeedFragment;'
3113213	  Class descriptor  : 'Lcom/larus/larkfeed/impl/mixedfeed/a;'
3113377	  Class descriptor  : 'Lvf9/a;'
3113394	  Class descriptor  : 'Lcom/larus/larkfeed/impl/mixedfeed/b;'
3113554	  Class descriptor  : 'Lcom/larus/larkfeed/impl/mixedfeed/c;'
3113697	  Class descriptor  : 'Lcom/larus/larkfeed/impl/mixedfeed/d;'
3113757	  Class descriptor  : 'Lcom/larus/larkfeed/impl/mixedfeed/e;'
3113825	  Class descriptor  : 'Lcom/larus/larkfeed/impl/mixedfeed/f;'
3113882	  Class descriptor  : 'Lcom/larus/larkfeed/impl/mixedfeed/flow/SideBarLarkFeedProvider$a;'
3113893	  Class descriptor  : 'Lcom/larus/larkfeed/impl/mixedfeed/flow/SideBarLarkFeedProvider$b;'
3114113	  Class descriptor  : 'Lcom/larus/larkfeed/impl/mixedfeed/flow/SideBarLarkFeedProvider$c;'
3114648	  Class descriptor  : 'Lcom/larus/larkfeed/impl/mixedfeed/flow/SideBarLarkFeedProvider$d;'
3114826	  Class descriptor  : 'Lcom/larus/larkfeed/impl/mixedfeed/flow/SideBarLarkFeedProvider$e;'
3114903	  Class descriptor  : 'Lcom/larus/larkfeed/impl/mixedfeed/flow/SideBarLarkFeedProvider$f;'
3115375	  Class descriptor  : 'Lcom/larus/larkfeed/impl/mixedfeed/flow/SideBarLarkFeedProvider;'
3115779	  Class descriptor  : 'Lcom/larus/larkfeed/impl/mixedfeed/flow/a;'
3116033	  Class descriptor  : 'Lcom/larus/larkfeed/impl/mixedfeed/g;'
3116134	  Class descriptor  : 'Lcom/larus/larkfeed/impl/mixedfeed/h;'
3116194	  Class descriptor  : 'Lcom/larus/larkfeed/impl/mixedfeed/i;'
3116292	  Class descriptor  : 'Lcom/larus/larkfeed/impl/mixedfeed/j;'
3116433	  Class descriptor  : 'Lcom/larus/larkfeed/impl/mixedfeed/k;'
3116549	  Class descriptor  : 'Lcom/larus/larkfeed/impl/mixedfeed/l;'
3116935	  Class descriptor  : 'Lcom/larus/larkfeed/impl/mixedfeed/m;'
3117012	  Class descriptor  : 'Lcom/larus/larkfeed/impl/mixedfeed/model/DouBaoConversationFeedCard$a;'
3117044	  Class descriptor  : 'Lcom/larus/larkfeed/impl/mixedfeed/model/DouBaoConversationFeedCard;'
3117472	  Class descriptor  : 'Lcom/larus/larkfeed/impl/mixedfeed/n;'
3117560	  Class descriptor  : 'Lcom/larus/larkfeed/impl/mixedfeed/o;'
3117698	  Class descriptor  : 'Lcom/larus/larkfeed/impl/mixedfeed/pack/DouBaoFeedDataPackImpl$a;'
3117709	  Class descriptor  : 'Lcom/larus/larkfeed/impl/mixedfeed/pack/DouBaoFeedDataPackImpl$b;'
3117950	  Class descriptor  : 'Lcom/larus/larkfeed/impl/mixedfeed/pack/DouBaoFeedDataPackImpl$packFeedChannel$1;'
3118030	  Class descriptor  : 'Lcom/larus/larkfeed/impl/mixedfeed/pack/DouBaoFeedDataPackImpl$packFeedPreview$1;'
3118114	  Class descriptor  : 'Lcom/larus/larkfeed/impl/mixedfeed/pack/DouBaoFeedDataPackImpl;'
3122624	  Class descriptor  : 'Lcom/larus/larkfeed/impl/mixedfeed/pack/DouBaoFeedDataProvider$queryConversationData$1;'
3122700	  Class descriptor  : 'Lcom/larus/larkfeed/impl/mixedfeed/pack/DouBaoFeedDataProvider$queryConversationData$conversation$1;'
3122887	  Class descriptor  : 'Lcom/larus/larkfeed/impl/mixedfeed/pack/DouBaoFeedDataProvider;'
3123773	  Class descriptor  : 'Lcom/larus/larkfeed/impl/mixedfeed/pack/a;'
3123835	  Class descriptor  : 'Lcom/larus/larkfeed/impl/mixedfeed/pack/b;'
3128508	  Class descriptor  : 'Lcom/larus/larkfeed/impl/mixedfeed/pack/c$a;'
3128519	  Class descriptor  : 'Lcom/larus/larkfeed/impl/mixedfeed/pack/c$b;'
3128663	  Class descriptor  : 'Lcom/larus/larkfeed/impl/mixedfeed/pack/c;'
3130218	  Class descriptor  : 'Lcom/larus/larkfeed/impl/mixedfeed/pack/d;'
3130286	  Class descriptor  : 'Lcom/larus/larkfeed/impl/mixedfeed/pack/e;'
3130544	  Class descriptor  : 'Lcom/larus/larkfeed/impl/mixedfeed/pack/f;'
3130793	  Class descriptor  : 'Lcom/larus/larkfeed/impl/mixedfeed/pack/g;'
3130845	  Class descriptor  : 'Lcom/larus/larkfeed/impl/mixedfeed/pack/h;'
3130903	  Class descriptor  : 'Lcom/larus/larkfeed/impl/mixedfeed/pack/i;'
3130961	  Class descriptor  : 'Lcom/larus/larkfeed/impl/mixedfeed/pack/j;'
3131019	  Class descriptor  : 'Lcom/larus/larkfeed/impl/mixedfeed/pack/k$a;'
3131051	  Class descriptor  : 'Lcom/larus/larkfeed/impl/mixedfeed/pack/k$b;'
3131083	  Class descriptor  : 'Lcom/larus/larkfeed/impl/mixedfeed/pack/k$c;'
3131115	  Class descriptor  : 'Lcom/larus/larkfeed/impl/mixedfeed/pack/k;'
3132641	  Class descriptor  : 'Lcom/larus/larkfeed/impl/n;'
3132748	  Class descriptor  : 'Lcom/larus/larkfeed/impl/o;'
3132816	  Class descriptor  : 'Lcom/larus/larkfeed/impl/p;'
3132877	  Class descriptor  : 'Lcom/larus/larkfeed/impl/q;'
3132947	  Class descriptor  : 'Lcom/larus/larkfeed/impl/reach/SocialImReachSceneInterceptor;'
3133092	  Class descriptor  : 'Lcom/larus/larkfeed/impl/s;'
3133162	  Class descriptor  : 'Lcom/larus/larkfeed/impl/service/ChatLarkForwardService$a;'
3133173	  Class descriptor  : 'Lcom/larus/larkfeed/impl/service/ChatLarkForwardService;'
3134467	  Class descriptor  : 'Lcom/larus/larkfeed/impl/service/FlowLarkToDoubaoDelegate$a;'
3134478	  Class descriptor  : 'Lcom/larus/larkfeed/impl/service/FlowLarkToDoubaoDelegate$b;'
3134646	  Class descriptor  : 'Lcom/larus/larkfeed/impl/service/FlowLarkToDoubaoDelegate$showMainBotBundleWhenHostResumed$1;'
3134963	  Class descriptor  : 'Lcom/larus/larkfeed/impl/service/FlowLarkToDoubaoDelegate;'
3136286	  Class descriptor  : 'Lcom/larus/larkfeed/impl/service/HumanMergeForwardFloatDialogFragment$a;'
3136547	  Class descriptor  : 'Lcom/larus/larkfeed/impl/service/HumanMergeForwardFloatDialogFragment;'
3137666	  Class descriptor  : 'Lcom/larus/larkfeed/impl/service/a$a;'
3137677	  Class descriptor  : 'Lcom/larus/larkfeed/impl/service/a;'
3138035	  Class descriptor  : 'Lcom/larus/larkfeed/impl/service/b;'
3138216	  Class descriptor  : 'Lcom/larus/larkfeed/impl/service/c$a;'
3138227	  Class descriptor  : 'Lcom/larus/larkfeed/impl/service/c;'
3138981	  Class descriptor  : 'Lcom/larus/larkfeed/impl/service/d;'
3139143	  Class descriptor  : 'Lcom/larus/larkfeed/impl/service/e;'
3139267	  Class descriptor  : 'Lcom/larus/larkfeed/impl/service/f;'
3139368	  Class descriptor  : 'Lcom/larus/larkfeed/impl/service/g;'
3139463	  Class descriptor  : 'Lcom/larus/larkfeed/impl/service/h;'
3139570	  Class descriptor  : 'Lcom/larus/larkfeed/impl/service/i;'
3139668	  Class descriptor  : 'Lcom/larus/larkfeed/impl/service/j;'
3139975	  Class descriptor  : 'Lcom/larus/larkfeed/impl/service/k;'
3140036	  Class descriptor  : 'Lcom/larus/larkfeed/impl/service/l;'
3140096	  Class descriptor  : 'Lcom/larus/larkfeed/impl/service/m;'
3140171	  Class descriptor  : 'Lcom/larus/larkfeed/impl/t;'
3140234	  Class descriptor  : 'Lcom/larus/larkfeed/impl/u;'
3140392	  Class descriptor  : 'Lcom/larus/larkfeed/impl/utils/CoroutineUtils$runSync$1;'
3140562	  Class descriptor  : 'Lcom/larus/larkfeed/impl/utils/LarkFileProvider;'
3140594	  Class descriptor  : 'Lcom/larus/larkfeed/impl/utils/LarkOfficeSocialHelper$applyDownloadWatermarkIfNeeded$1;'
3140680	  Class descriptor  : 'Lcom/larus/larkfeed/impl/utils/LarkOfficeSocialHelper$saveImageToAlbum$1;'
3140748	  Class descriptor  : 'Lcom/larus/larkfeed/impl/utils/LarkOfficeSocialHelper;'
3141656	  Class descriptor  : 'Lcom/larus/larkfeed/impl/utils/LarkPickAvatarActivity$a;'
3141667	  Class descriptor  : 'Lcom/larus/larkfeed/impl/utils/LarkPickAvatarActivity$handlePhotoPickerResult$1$1;'
3141933	  Class descriptor  : 'Lcom/larus/larkfeed/impl/utils/LarkPickAvatarActivity$handlePhotoPickerResult$1;'
3142427	  Class descriptor  : 'Lcom/larus/larkfeed/impl/utils/LarkPickAvatarActivity;'
3143194	  Class descriptor  : 'Lcom/larus/larkfeed/impl/utils/a;'
3143293	  Class descriptor  : 'Lcom/larus/larkfeed/impl/utils/b;'
3143324	  Class descriptor  : 'Lcom/larus/larkfeed/impl/utils/c;'
3144035	  Class descriptor  : 'Lcom/larus/larkfeed/impl/utils/d;'
3144424	  Class descriptor  : 'Lcom/larus/larkfeed/impl/utils/e;'
3144570	  Class descriptor  : 'Lcom/larus/larkfeed/impl/utils/f;'
3144630	  Class descriptor  : 'Lcom/larus/larkfeed/impl/utils/g;'
3144701	  Class descriptor  : 'Lcom/larus/larkfeed/impl/utils/h;'
3144801	  Class descriptor  : 'Lcom/larus/larkfeed/impl/utils/i;'
3144941	  Class descriptor  : 'Lcom/larus/larkfeed/impl/utils/j;'
3145128	  Class descriptor  : 'Lcom/larus/larkfeed/impl/utils/k;'
3145204	  Class descriptor  : 'Lcom/larus/larkfeed/impl/v;'
3145293	  Class descriptor  : 'Lcom/larus/larkfeed/impl/voice/FlowVoiceFactory$a;'
3145539	  Class descriptor  : 'Lcom/larus/larkfeed/impl/voice/FlowVoiceFactory;'
3146343	  Class descriptor  : 'Lcom/larus/larkfeed/impl/voice/FlowVoiceTouch$GesturePhase;'
3146601	  Class descriptor  : 'Lcom/larus/larkfeed/impl/voice/FlowVoiceTouch$a;'
3146612	  Class descriptor  : 'Lcom/larus/larkfeed/impl/voice/FlowVoiceTouch$b;'
3146703	  Class descriptor  : 'Lcom/larus/larkfeed/impl/voice/FlowVoiceTouch$handleTouchEvent$1;'
3147225	  Class descriptor  : 'Lcom/larus/larkfeed/impl/voice/FlowVoiceTouch;'
3147950	  Class descriptor  : 'Lcom/larus/larkfeed/impl/voice/a;'
3147993	  Class descriptor  : 'Lcom/larus/larkfeed/impl/voice/analytics/FlowVoiceAnalyticsTracker$bind$1$1;'
3148175	  Class descriptor  : 'Lcom/larus/larkfeed/impl/voice/analytics/FlowVoiceAnalyticsTracker$bind$1$2;'
3148357	  Class descriptor  : 'Lcom/larus/larkfeed/impl/voice/analytics/FlowVoiceAnalyticsTracker$bind$1;'
3148567	  Class descriptor  : 'Lcom/larus/larkfeed/impl/voice/analytics/FlowVoiceAnalyticsTracker$observeFinalResults$1;'
3148631	  Class descriptor  : 'Lcom/larus/larkfeed/impl/voice/analytics/FlowVoiceAnalyticsTracker$observeUnsuccessfulTerminals$1;'
3148695	  Class descriptor  : 'Lcom/larus/larkfeed/impl/voice/analytics/a$a;'
3148751	  Class descriptor  : 'Lcom/larus/larkfeed/impl/voice/analytics/a;'
3149372	  Class descriptor  : 'Lcom/larus/larkfeed/impl/voice/analytics/b;'
3149511	  Class descriptor  : 'Lcom/larus/larkfeed/impl/voice/analytics/c;'
3149628	  Class descriptor  : 'Lcom/larus/larkfeed/impl/voice/b;'
3149876	  Class descriptor  : 'Lcom/larus/larkfeed/impl/voice/c;'
3150200	  Class descriptor  : 'Lcom/larus/larkfeed/impl/voice/permission/VoicePermission$a;'
3150211	  Class descriptor  : 'Lcom/larus/larkfeed/impl/voice/permission/VoicePermission$acquireMediaResource$1;'
3150280	  Class descriptor  : 'Lcom/larus/larkfeed/impl/voice/permission/VoicePermission$acquireRecordPermission$1;'
3150349	  Class descriptor  : 'Lcom/larus/larkfeed/impl/voice/permission/VoicePermission$b;'
3150413	  Class descriptor  : 'Lcom/larus/larkfeed/impl/voice/permission/VoicePermission$c;'
3150484	  Class descriptor  : 'Lcom/larus/larkfeed/impl/voice/permission/VoicePermission$d;'
3150574	  Class descriptor  : 'Lcom/larus/larkfeed/impl/voice/permission/VoicePermission$e;'
3150645	  Class descriptor  : 'Lcom/larus/larkfeed/impl/voice/permission/VoicePermission$f;'
3150735	  Class descriptor  : 'Lcom/larus/larkfeed/impl/voice/permission/VoicePermission$g;'
3150930	  Class descriptor  : 'Lcom/larus/larkfeed/impl/voice/permission/VoicePermission$h;'
3151126	  Class descriptor  : 'Lcom/larus/larkfeed/impl/voice/permission/VoicePermission;'
3152019	  Class descriptor  : 'Lcom/larus/larkfeed/impl/voice/service/asr/FlowVoiceAsr$observeSession$resultObserver$1$a;'
3152272	  Class descriptor  : 'Lcom/larus/larkfeed/impl/voice/service/asr/FlowVoiceAsr$observeSession$resultObserver$1;'
3152488	  Class descriptor  : 'Lcom/larus/larkfeed/impl/voice/service/asr/FlowVoiceAsr$observeSession$stateObserver$1$a;'
3152693	  Class descriptor  : 'Lcom/larus/larkfeed/impl/voice/service/asr/FlowVoiceAsr$observeSession$stateObserver$1;'
3152909	  Class descriptor  : 'Lcom/larus/larkfeed/impl/voice/service/asr/FlowVoiceAsrSession$armCompletionTimeout$1;'
3153307	  Class descriptor  : 'Lcom/larus/larkfeed/impl/voice/service/asr/FlowVoiceAsrSession$prepare$1;'
3153409	  Class descriptor  : 'Lcom/larus/larkfeed/impl/voice/service/asr/a$a;'
3153420	  Class descriptor  : 'Lcom/larus/larkfeed/impl/voice/service/asr/a;'
3153463	  Class descriptor  : 'Lcom/larus/larkfeed/impl/voice/service/asr/b;'
3153664	  Class descriptor  : 'Lcom/larus/larkfeed/impl/voice/service/asr/c;'
3153789	  Class descriptor  : 'Lcom/larus/larkfeed/impl/voice/service/asr/d$a;'
3153800	  Class descriptor  : 'Lcom/larus/larkfeed/impl/voice/service/asr/d$b;'
3154041	  Class descriptor  : 'Lcom/larus/larkfeed/impl/voice/service/asr/d;'
3155461	  Class descriptor  : 'Lcom/larus/larkfeed/impl/voice/service/asr/e$a;'
3155472	  Class descriptor  : 'Lcom/larus/larkfeed/impl/voice/service/asr/e$b;'
3155521	  Class descriptor  : 'Lcom/larus/larkfeed/impl/voice/service/asr/e;'
3156698	  Class descriptor  : 'Lcom/larus/larkfeed/impl/voice/service/asr/f$a;'
3156709	  Class descriptor  : 'Lcom/larus/larkfeed/impl/voice/service/asr/f$b;'
3156857	  Class descriptor  : 'Lcom/larus/larkfeed/impl/voice/service/asr/f$c;'
3156906	  Class descriptor  : 'Lcom/larus/larkfeed/impl/voice/service/asr/f;'
3159350	  Class descriptor  : 'Lcom/larus/larkfeed/impl/voice/service/asr/g$a;'
3159361	  Class descriptor  : 'Lcom/larus/larkfeed/impl/voice/service/asr/g;'
3159777	  Class descriptor  : 'Lcom/larus/larkfeed/impl/voice/service/asr/h;'
3160172	  Class descriptor  : 'Lcom/larus/larkfeed/impl/voice/service/asr/i$a;'
3160235	  Class descriptor  : 'Lcom/larus/larkfeed/impl/voice/service/asr/i;'
3160311	  Class descriptor  : 'Lcom/larus/larkfeed/impl/voice/service/record/FlowVoiceDataSourceException;'
3160415	  Class descriptor  : 'Lcom/larus/larkfeed/impl/voice/service/record/FlowVoiceRecord$a;'
3160473	  Class descriptor  : 'Lcom/larus/larkfeed/impl/voice/service/record/FlowVoiceRecord$cancel$1;'
3160542	  Class descriptor  : 'Lcom/larus/larkfeed/impl/voice/service/record/FlowVoiceRecord$closeSession$1;'
3160645	  Class descriptor  : 'Lcom/larus/larkfeed/impl/voice/service/record/FlowVoiceRecord$performCancel$1;'
3160750	  Class descriptor  : 'Lcom/larus/larkfeed/impl/voice/service/record/FlowVoiceRecord$performStopSession$1;'
3160857	  Class descriptor  : 'Lcom/larus/larkfeed/impl/voice/service/record/FlowVoiceRecord$prepare$1;'
3160931	  Class descriptor  : 'Lcom/larus/larkfeed/impl/voice/service/record/FlowVoiceRecord$start$1;'
3161004	  Class descriptor  : 'Lcom/larus/larkfeed/impl/voice/service/record/FlowVoiceRecord$stop$1;'
3161073	  Class descriptor  : 'Lcom/larus/larkfeed/impl/voice/service/record/FlowVoiceRecord$stopSession$1;'
3161176	  Class descriptor  : 'Lcom/larus/larkfeed/impl/voice/service/record/FlowVoiceRecord;'
3164218	  Class descriptor  : 'Lcom/larus/larkfeed/impl/voice/service/record/FlowVoiceSession$a;'
3164528	  Class descriptor  : 'Lcom/larus/larkfeed/impl/voice/service/record/FlowVoiceSession$cancel$1;'
3164597	  Class descriptor  : 'Lcom/larus/larkfeed/impl/voice/service/record/FlowVoiceSession$readLoop$1;'
3165040	  Class descriptor  : 'Lcom/larus/larkfeed/impl/voice/service/record/FlowVoiceSession$stop$1;'
3165113	  Class descriptor  : 'Lcom/larus/larkfeed/impl/voice/service/record/FlowVoiceSession;'
3166792	  Class descriptor  : 'Lcom/larus/larkfeed/impl/voice/service/record/a;'
3166999	  Class descriptor  : 'Lcom/larus/larkfeed/impl/voice/service/record/b;'
3167087	  Class descriptor  : 'Lcom/larus/larkfeed/impl/voice/service/record/c;'
3167221	  Class descriptor  : 'Lcom/larus/larkfeed/impl/voice/view/FlowVoiceView$a;'
3167232	  Class descriptor  : 'Lcom/larus/larkfeed/impl/voice/view/FlowVoiceView$b;'
3167323	  Class descriptor  : 'Lcom/larus/larkfeed/impl/voice/view/FlowVoiceView$bindVoiceState$1$1;'
3167514	  Class descriptor  : 'Lcom/larus/larkfeed/impl/voice/view/FlowVoiceView$bindVoiceState$1$2;'
3167696	  Class descriptor  : 'Lcom/larus/larkfeed/impl/voice/view/FlowVoiceView$observeAudioFrames$1;'
3167760	  Class descriptor  : 'Lcom/larus/larkfeed/impl/voice/view/FlowVoiceView$observeRecordState$1;'
3167824	  Class descriptor  : 'Lcom/larus/larkfeed/impl/voice/view/FlowVoiceView;'
3169321	  Class descriptor  : 'Lcom/larus/larkfeed/impl/voice/view/a;'
3169390	  Class descriptor  : 'Lcom/larus/larkfeed/impl/voice/view/b;'
3169481	  Class descriptor  : 'Lcom/larus/larkfeed/impl/voice/view/c;'
3169550	  Class descriptor  : 'Lcom/larus/larkfeed/impl/voice/view/d;'
3169650	  Class descriptor  : 'Lcom/larus/larkfeed/impl/voice/view/e;'
3169769	  Class descriptor  : 'Lcom/larus/larkfeed/impl/voice/view/f;'
3169874	  Class descriptor  : 'Lcom/larus/larkfeed/impl/voice/view/g;'
3169979	  Class descriptor  : 'Lcom/larus/larkfeed/impl/voice/view/h;'
3170084	  Class descriptor  : 'Lcom/larus/larkfeed/impl/w;'
3170553	  Class descriptor  : 'Lcom/larus/larkfeed/impl/x;'
3170614	  Class descriptor  : 'Lcom/larus/launch/ILaunchService;'
3170631	  Class descriptor  : 'Lcom/larus/lbs/trace/api/ILbsTraceService;'
3170675	  Class descriptor  : 'Lcom/larus/lbs/trace/api/ILbsTraceService$Companion;'
3170849	  Class descriptor  : 'Lcom/larus/lbs/trace/api/a;'
3171135	  Class descriptor  : 'Lcom/larus/lbs/trace/api/model/LbsTraceInitializationStatus;'
3171421	  Class descriptor  : 'Lcom/larus/lbs/trace/api/model/LbsTraceLevel;'
3171635	  Class descriptor  : 'Lcom/larus/lbs/trace/impl/LbsTraceServiceImpl$a;'
3171646	  Class descriptor  : 'Lcom/larus/lbs/trace/impl/LbsTraceServiceImpl$b;'
3171702	  Class descriptor  : 'Lcom/larus/lbs/trace/impl/LbsTraceServiceImpl$c;'
3171834	  Class descriptor  : 'Lcom/larus/lbs/trace/impl/LbsTraceServiceImpl;'
3172494	  Class descriptor  : 'Lcom/larus/list/arch/FlowListAdapter;'
3173424	  Class descriptor  : 'Lcom/larus/list/arch/FlowListViewHolder;'
3173574	  Class descriptor  : 'Lcom/larus/list/arch/IFlowListCell;'
3173646	  Class descriptor  : 'Lcom/larus/list/expose/ExposureTrackerExtKt$a;'
3173859	  Class descriptor  : 'Lcom/larus/list/expose/ExposureTrackerExtKt$initExposureTracker$pageChangeCallback$1;'
3173905	  Class descriptor  : 'Lcom/larus/list/expose/ExposureTrackerExtKt$initExposureTracker$scrollListener$1;'
3173989	  Class descriptor  : 'Lcom/larus/list/expose/ExposureTrackerExtKt;'
3174517	  Class descriptor  : 'Lcom/larus/list/exposex/ExposeXTrackerExtKt$a;'
3174730	  Class descriptor  : 'Lcom/larus/list/exposex/ExposeXTrackerExtKt$initExposeXTracker$pageChangeCallback$1;'
3174776	  Class descriptor  : 'Lcom/larus/list/exposex/ExposeXTrackerExtKt$initExposeXTracker$scrollListener$1;'
3174860	  Class descriptor  : 'Lcom/larus/list/exposex/ExposeXTrackerExtKt;'
3175713	  Class descriptor  : 'Lcom/larus/shortcuts/api/IShortcutsService;'
3175754	  Class descriptor  : 'Lcom/larus/shortcuts/api/ShortcutPlatfomServiceImpl;'
3176057	  Class descriptor  : 'Lcom/larus/shortcuts/impl/ShortcutCommonUtil$downloadImage$2$deferredList$1;'
3176288	  Class descriptor  : 'Lcom/larus/shortcuts/impl/ShortcutCommonUtil$downloadImage$2;'
3176497	  Class descriptor  : 'Lcom/larus/shortcuts/impl/ShortcutCommonUtil$downloadImages$2$deferredList$1$1;'
3176728	  Class descriptor  : 'Lcom/larus/shortcuts/impl/ShortcutCommonUtil$downloadImages$2;'
3176983	  Class descriptor  : 'Lcom/larus/shortcuts/impl/ShortcutCommonUtil;'
3177317	  Class descriptor  : 'Lcom/larus/shortcuts/impl/ShortcutsServiceImpl;'
3178317	  Class descriptor  : 'Lcom/larus/shortcuts/impl/a;'
3178444	  Class descriptor  : 'Lcom/larus/shortcuts/impl/dynamic/DynamicShortcutsManager$clearShortcuts$1;'
3178657	  Class descriptor  : 'Lcom/larus/shortcuts/impl/dynamic/DynamicShortcutsManager$tryAddShortcut$1;'
3178902	  Class descriptor  : 'Lcom/larus/shortcuts/impl/dynamic/DynamicShortcutsManager;'
3179435	  Class descriptor  : 'Lcom/larus/shortcuts/impl/dynamic/a$a;'
3179514	  Class descriptor  : 'Lcom/larus/shortcuts/impl/dynamic/a;'
3180152	  Class descriptor  : 'Lcom/larus/shortcuts/impl/pin/PinShortcutProcess$PinShortcutLifecycleObserver;'
3180529	  Class descriptor  : 'Lcom/larus/shortcuts/impl/pin/PinShortcutProcess$ShortcutStatusReceiver;'
3180876	  Class descriptor  : 'Lcom/larus/shortcuts/impl/pin/PinShortcutProcess$a;'
3180887	  Class descriptor  : 'Lcom/larus/shortcuts/impl/pin/PinShortcutProcess$b;'
3181617	  Class descriptor  : 'Lcom/larus/shortcuts/impl/pin/PinShortcutProcess$buildShortcutInfo$1;'
3181685	  Class descriptor  : 'Lcom/larus/shortcuts/impl/pin/PinShortcutProcess$buildShortcutInfo$2;'
3181874	  Class descriptor  : 'Lcom/larus/shortcuts/impl/pin/PinShortcutProcess$pinAfterCheck$1;'
3181941	  Class descriptor  : 'Lcom/larus/shortcuts/impl/pin/PinShortcutProcess$pinAfterCheck$2;'
3182126	  Class descriptor  : 'Lcom/larus/shortcuts/impl/pin/PinShortcutProcess$pinnedShortCut$1;'
3182659	  Class descriptor  : 'Lcom/larus/shortcuts/impl/pin/PinShortcutProcess;'
3184501	  Class descriptor  : 'Lcom/larus/shortcuts/impl/pin/a;'
3186713	  Class descriptor  : 'Lcom/larus/shortcuts/impl/pin/b;'
3186783	  Class descriptor  : 'Lcom/larus/shortcuts/impl/pin/c;'
3186853	  Class descriptor  : 'Lcom/larus/shortcuts/impl/pin/d;'
3186919	  Class descriptor  : 'Lcom/larus/shortcuts/impl/pin/e;'
3187138	  Class descriptor  : 'Lcom/larus/shortcuts/impl/pin/f$a;'
3187383	  Class descriptor  : 'Lcom/larus/shortcuts/impl/pin/f;'
3187792	  Class descriptor  : 'Lcom/larus/showcase/api/CaseApi$a;'
3187889	  Class descriptor  : 'Lcom/larus/showcase/api/CaseApi;'
3187945	  Class descriptor  : 'Lcom/larus/showcase/api/ICaseService;'
3188073	  Class descriptor  : 'Lcom/larus/showcase/api/ICaseService$Companion;'
3188453	  Class descriptor  : 'Lcom/larus/showcase/impl/databinding/LarusEmptyLoadmoreEndBinding;'
3188481	  Class descriptor  : 'Lcom/larus/showcase/impl/databinding/LarusFragmentCaseListBinding;'
3188590	  Class descriptor  : 'Lcom/larus/showcase/impl/databinding/LarusItemCaseHolderBinding;'
3188618	  Class descriptor  : 'Lcom/larus/showcase/impl/databinding/LarusItemLoadmoreErrorBinding;'
3188646	  Class descriptor  : 'Lcom/larus/showcase/impl/databinding/LarusItemLoadmoreLoadingBinding;'
3188674	  Class descriptor  : 'Lcom/larus/showcase/impl/databinding/LarusPageCaseErrorBinding;'
3188735	  Class descriptor  : 'Lcom/larus/showcase/impl/databinding/LarusPageCaseLoadingSkeletonBinding;'
3188796	  Class descriptor  : 'Lcom/larus/showcase/service/CaseRepo$clickCase$1;'
3188864	  Class descriptor  : 'Lcom/larus/showcase/service/CaseRepo$clickCase$resp$1;'
3189084	  Class descriptor  : 'Lcom/larus/showcase/service/CaseRepo$deleteCase$1;'
3189152	  Class descriptor  : 'Lcom/larus/showcase/service/CaseRepo$deleteCase$resp$1;'
3189374	  Class descriptor  : 'Lcom/larus/showcase/service/CaseRepo$fetchRecommendCaseList$1;'
3189445	  Class descriptor  : 'Lcom/larus/showcase/service/CaseRepo$fetchRecommendCaseList$result$1;'
3189617	  Class descriptor  : 'Lcom/larus/showcase/service/CaseRepo$getCacheRecommendCaseList$2$a;'
3189649	  Class descriptor  : 'Lcom/larus/showcase/service/CaseRepo$getCacheRecommendCaseList$2;'
3190005	  Class descriptor  : 'Lcom/larus/showcase/service/CaseRepo$getCacheWholeCaseList$2$a;'
3190037	  Class descriptor  : 'Lcom/larus/showcase/service/CaseRepo$getCacheWholeCaseList$2;'
3190421	  Class descriptor  : 'Lcom/larus/showcase/service/CaseRepo$getCaseMessageListByRemote$1;'
3190494	  Class descriptor  : 'Lcom/larus/showcase/service/CaseRepo$getCaseMessageListByRemote$resp$1;'
3190708	  Class descriptor  : 'Lcom/larus/showcase/service/CaseRepo$initForConversationCase$1;'
3190943	  Class descriptor  : 'Lcom/larus/showcase/service/CaseRepo$preFetchCaseMessageListByRemote$1;'
3191016	  Class descriptor  : 'Lcom/larus/showcase/service/CaseRepo$preFetchCaseMessageListByRemote$resp$1;'
3191230	  Class descriptor  : 'Lcom/larus/showcase/service/CaseRepo$saveRecommendCaseList$2;'
3191452	  Class descriptor  : 'Lcom/larus/showcase/service/CaseRepo$updateCreateTime$1;'
3191520	  Class descriptor  : 'Lcom/larus/showcase/service/CaseRepo$updateCreateTime$resp$1;'
3191742	  Class descriptor  : 'Lcom/larus/showcase/service/CaseRepo$updateWholeCase2Cache$2;'
3191995	  Class descriptor  : 'Lcom/larus/showcase/service/CaseRepo;'
3195039	  Class descriptor  : 'Lcom/larus/showcase/service/CaseServiceImpl$preFetchMessageListByRemote$1;'
3195111	  Class descriptor  : 'Lcom/larus/showcase/service/CaseServiceImpl;'
3195971	  Class descriptor  : 'Lcom/larus/showcase/service/a;'
3196027	  Class descriptor  : 'Lcom/larus/showcase/view/BaseCaseListItemHolder;'
3196067	  Class descriptor  : 'Lcom/larus/showcase/view/CaseListAdapter$Companion$DIFF_CALLBACK$1;'
3196201	  Class descriptor  : 'Lcom/larus/showcase/view/CaseListAdapter$a;'
3196212	  Class descriptor  : 'Lcom/larus/showcase/view/CaseListAdapter;'
3196804	  Class descriptor  : 'Lcom/larus/showcase/view/CaseListFragment$a;'
3196815	  Class descriptor  : 'Lcom/larus/showcase/view/CaseListFragment$b;'
3197012	  Class descriptor  : 'Lcom/larus/showcase/view/CaseListFragment$caseListCallback$1$onClick$1;'
3197194	  Class descriptor  : 'Lcom/larus/showcase/view/f;'
3197211	  Class descriptor  : 'Lcom/larus/showcase/view/CaseListFragment$caseListCallback$1;'
3197550	  Class descriptor  : 'Lcom/larus/showcase/view/CaseListFragment$initView$1$2;'
3197643	  Class descriptor  : 'Lcom/larus/showcase/view/CaseListFragment$initView$1$3;'
3197875	  Class descriptor  : 'Lcom/larus/showcase/view/CaseListFragment$observeData$1$a;'
3198390	  Class descriptor  : 'Lcom/larus/showcase/view/CaseListFragment$observeData$1;'
3198597	  Class descriptor  : 'Lcom/larus/showcase/view/CaseListFragment$observeData$2$a;'
3198815	  Class descriptor  : 'Lcom/larus/showcase/view/CaseListFragment$observeData$2;'
3199022	  Class descriptor  : 'Lcom/larus/showcase/view/CaseListFragment$preFetchCurrentMessages$2;'
3199211	  Class descriptor  : 'Lcom/larus/showcase/view/CaseListFragment;'
3200355	  Class descriptor  : 'Lcom/larus/showcase/view/CaseViewModel$a;'
3200387	  Class descriptor  : 'Lcom/larus/showcase/view/CaseViewModel$queryCaseList$1$2;'
3200624	  Class descriptor  : 'Lcom/larus/showcase/view/CaseViewModel$queryCaseList$1$5;'
3200864	  Class descriptor  : 'Lcom/larus/showcase/view/CaseViewModel$queryCaseList$1$result$1;'
3201058	  Class descriptor  : 'Lcom/larus/showcase/view/CaseViewModel$queryCaseList$1;'
3202342	  Class descriptor  : 'Lcom/larus/showcase/view/CaseViewModel$readCollection$1$1;'
3202562	  Class descriptor  : 'Lcom/larus/showcase/view/CaseViewModel$readCollection$1;'
3202751	  Class descriptor  : 'Lcom/larus/showcase/view/CaseViewModel$requestMoreCase$1$result$1;'
3202960	  Class descriptor  : 'Lcom/larus/showcase/view/CaseViewModel$requestMoreCase$1;'
3203701	  Class descriptor  : 'Lcom/larus/showcase/view/CaseViewModel;'
3204888	  Class descriptor  : 'Lcom/larus/showcase/view/NormalCaseItemHolder$a;'
3204899	  Class descriptor  : 'Lcom/larus/showcase/view/NormalCaseItemHolder;'
3205081	  Class descriptor  : 'Lcom/larus/showcase/view/ResultStatus$a;'
3205130	  Class descriptor  : 'Lcom/larus/showcase/view/ResultStatus;'
3205189	  Class descriptor  : 'Lcom/larus/showcase/view/a;'
3205255	  Class descriptor  : 'Lcom/larus/showcase/view/b;'
3205418	  Class descriptor  : 'Lcom/larus/showcase/view/c;'
3205501	  Class descriptor  : 'Lcom/larus/showcase/view/d;'
3205565	  Class descriptor  : 'Lcom/larus/showcase/view/e;'
3205657	  Class descriptor  : 'Lcom/larus/showcase/view/g;'
3205817	  Class descriptor  : 'Lcom/larus/showcase/view/h;'
3205908	  Class descriptor  : 'Lcom/larus/showcase/view/i;'
3205991	  Class descriptor  : 'Lcom/lynx/xelement/markdown/LynxUIMarkdown$$MethodInvoker;'
3206588	  Class descriptor  : 'Lcom/lynx/xelement/markdown/LynxUIMarkdown$$PropsSetter;'
3206644	  Class descriptor  : 'Lcom/lynx/xelement/markdown/LynxUIMarkdown;'
3209068	  Class descriptor  : 'Lcom/lynx/xelement/markdown/LynxUIMarkdownShadowNode$$PropsSetter;'
3210064	  Class descriptor  : 'Lp6a/s;'
3210075	  Class descriptor  : 'Lp6a/e;'
3210086	  Class descriptor  : 'Lcom/lynx/xelement/markdown/LynxUIMarkdownShadowNode;'
3211829	  Class descriptor  : 'Lcom/lynx/xelement/overlay/BehaviorGenerator$a;'
3211916	  Class descriptor  : 'Lcom/lynx/xelement/overlay/BehaviorGenerator;'
3211977	  Class descriptor  : 'Lcom/lynx/xelement/overlay/LynxOverlayDialog$a;'
3211988	  Class descriptor  : 'Lcom/lynx/xelement/overlay/LynxOverlayDialog$b;'
3212005	  Class descriptor  : 'Lcom/lynx/xelement/overlay/LynxOverlayDialog$statusBarHeight$2;'
3212141	  Class descriptor  : 'Lcom/lynx/xelement/overlay/LynxOverlayDialog;'
3213237	  Class descriptor  : 'Lcom/lynx/xelement/overlay/LynxOverlayView$$MethodInvoker;'
3213557	  Class descriptor  : 'Lcom/lynx/xelement/overlay/LynxOverlayView$$PropsSetter;'
3214253	  Class descriptor  : 'Lcom/lynx/xelement/overlay/LynxOverlayView$a;'
3214264	  Class descriptor  : 'Lcom/lynx/xelement/overlay/LynxOverlayView$b;'
3214309	  Class descriptor  : 'Lcom/lynx/xelement/overlay/LynxOverlayView$c;'
3214528	  Class descriptor  : 'Lcom/lynx/xelement/overlay/LynxOverlayView$d;'
3215147	  Class descriptor  : 'Lcom/lynx/xelement/overlay/LynxOverlayView;'
3220429	  Class descriptor  : 'Lcom/lynx/xelement/overlay/LynxUIOverlay$$MethodInvoker;'
3220749	  Class descriptor  : 'Lcom/lynx/xelement/overlay/LynxUIOverlay$$PropsSetter;'
3220805	  Class descriptor  : 'Lcom/lynx/xelement/overlay/LynxUIOverlay$a;'
3220837	  Class descriptor  : 'Lcom/lynx/xelement/overlay/LynxUIOverlay$b;'
3221083	  Class descriptor  : 'Lcom/lynx/xelement/overlay/LynxUIOverlay;'
3222167	  Class descriptor  : 'Lcom/lynx/xelement/overlay/LynxUIOverlayNG$$MethodInvoker;'
3222487	  Class descriptor  : 'Lcom/lynx/xelement/overlay/LynxUIOverlayNG$$PropsSetter;'
3222543	  Class descriptor  : 'Lcom/lynx/xelement/overlay/LynxUIOverlayNG;'
3222584	  Class descriptor  : 'Lcom/lynx/xelement/overlay/LynxUIOverlayShadowNode$$PropsSetter;'
3222640	  Class descriptor  : 'Lcom/lynx/xelement/overlay/LynxUIOverlayNGShadowNode$$PropsSetter;'
3222696	  Class descriptor  : 'Lcom/lynx/xelement/overlay/LynxUIOverlayShadowNode;'
3222897	  Class descriptor  : 'Lcom/lynx/xelement/overlay/LynxUIOverlayNGShadowNode;'
3222929	  Class descriptor  : 'Lcom/lynx/xelement/overlay/a$a;'
3223107	  Class descriptor  : 'Lcom/lynx/xelement/overlay/a$b;'
3223255	  Class descriptor  : 'Lcom/lynx/xelement/overlay/a;'
3223842	  Class descriptor  : 'Lcom/lynx/xelement/overlay/b;'
3223918	  Class descriptor  : 'Lcom/lynx/xelement/overlay/c;'
3223994	  Class descriptor  : 'Lcom/lynx/xelement/overlay/d;'
3224079	  Class descriptor  : 'Lcom/lynx/xelement/overlay/e;'
3224164	  Class descriptor  : 'Lcom/lynx/xelement/overlay/f;'
3224249	  Class descriptor  : 'Lcom/lynx/xelement/overlay/g;'
3224367	  Class descriptor  : 'Ldc9/a;'
3224427	  Class descriptor  : 'Ldc9/b$a;'
3224438	  Class descriptor  : 'Ldc9/c;'
3224467	  Class descriptor  : 'Ldc9/b;'
3225007	  Class descriptor  : 'Ldc9/d;'
3225069	  Class descriptor  : 'Ldc9/e;'
3225232	  Class descriptor  : 'Ldc9/f;'
3225445	  Class descriptor  : 'Ldc9/g;'
3225627	  Class descriptor  : 'Ldc9/h;'
3225822	  Class descriptor  : 'Ldc9/i;'
3225884	  Class descriptor  : 'Ldc9/j;'
3225945	  Class descriptor  : 'Ldc9/k;'
3226006	  Class descriptor  : 'Ldc9/l;'
3226067	  Class descriptor  : 'Ldc9/m;'
3226129	  Class descriptor  : 'Ldc9/n;'
3226191	  Class descriptor  : 'Ldc9/o;'
3226363	  Class descriptor  : 'Ldc9/p;'
3226634	  Class descriptor  : 'Ldc9/q;'
3226806	  Class descriptor  : 'Ldc9/r;'
3227189	  Class descriptor  : 'Ldd9/a;'
3227473	  Class descriptor  : 'Ldd9/b;'
3227529	  Class descriptor  : 'Ldd9/c$a;'
3228025	  Class descriptor  : 'Ldd9/c$b;'
3228072	  Class descriptor  : 'Ldd9/c;'
3228356	  Class descriptor  : 'Ldd9/d;'
3228835	  Class descriptor  : 'Ldd9/e;'
3229160	  Class descriptor  : 'Ldd9/f;'
3229710	  Class descriptor  : 'Ldd9/g;'
3229828	  Class descriptor  : 'Ldd9/h;'
3230115	  Class descriptor  : 'Ldd9/i;'
3230179	  Class descriptor  : 'Ldd9/j;'
3232320	  Class descriptor  : 'Ldd9/k;'
3232508	  Class descriptor  : 'Ldd9/l;'
3232719	  Class descriptor  : 'Ldd9/m;'
3233032	  Class descriptor  : 'Ldd9/n;'
3233232	  Class descriptor  : 'Ldd9/o;'
3234057	  Class descriptor  : 'Ldd9/p;'
3234980	  Class descriptor  : 'Lde9/a$a;'
3234991	  Class descriptor  : 'Lde9/a;'
3235166	  Class descriptor  : 'Lde9/b;'
3235368	  Class descriptor  : 'Lde9/c;'
3235526	  Class descriptor  : 'Ldf9/a;'
3235639	  Class descriptor  : 'Ldf9/b$a;'
3235650	  Class descriptor  : 'Ldf9/b$b;'
3235686	  Class descriptor  : 'Ldf9/b;'
3236008	  Class descriptor  : 'Ldf9/c;'
3236276	  Class descriptor  : 'Ldf9/d;'
3236521	  Class descriptor  : 'Ldf9/e;'
3236578	  Class descriptor  : 'Ldf9/f$a;'
3236589	  Class descriptor  : 'Ldf9/f;'
3237061	  Class descriptor  : 'Ldg9/a;'
3237097	  Class descriptor  : 'Lec9/a$a;'
3237230	  Class descriptor  : 'Lec9/a;'
3237262	  Class descriptor  : 'Led9/a;'
3237359	  Class descriptor  : 'Lfd9/e;'
3237370	  Class descriptor  : 'Lfd9/c;'
3237382	  Class descriptor  : 'Led9/b;'
3237501	  Class descriptor  : 'Lfd9/a;'
3237513	  Class descriptor  : 'Led9/c;'
3237770	  Class descriptor  : 'Led9/d;'
3237852	  Class descriptor  : 'Lfd9/d;'
3237864	  Class descriptor  : 'Led9/e;'
3237939	  Class descriptor  : 'Led9/f;'
3238053	  Class descriptor  : 'Led9/g;'
3238203	  Class descriptor  : 'Led9/h;'
3238472	  Class descriptor  : 'Lfd9/f;'
3238484	  Class descriptor  : 'Led9/i;'
3238659	  Class descriptor  : 'Led9/j;'
3238779	  Class descriptor  : 'Led9/k;'
3238923	  Class descriptor  : 'Led9/l;'
3238997	  Class descriptor  : 'Led9/m;'
3239071	  Class descriptor  : 'Led9/n;'
3239399	  Class descriptor  : 'Lee9/a;'
3239480	  Class descriptor  : 'Lee9/b;'
3239582	  Class descriptor  : 'Lef9/a;'
3239651	  Class descriptor  : 'Lef9/b;'
3239737	  Class descriptor  : 'Lef9/c;'
3239843	  Class descriptor  : 'Lef9/d;'
3239944	  Class descriptor  : 'Leg9/a;'
3240181	  Class descriptor  : 'Leg9/b;'
3240360	  Class descriptor  : 'Lfc9/a$a;'
3240402	  Class descriptor  : 'Lfc9/a;'
3240496	  Class descriptor  : 'Lfc9/b;'
3240577	  Class descriptor  : 'Lfd9/b;'
3240820	  Class descriptor  : 'Lfe9/a;'
3241077	  Class descriptor  : 'Lfe9/b;'
3241225	  Class descriptor  : 'Lfe9/c;'
3241569	  Class descriptor  : 'Lfe9/e;'
3241723	  Class descriptor  : 'Lfe9/f;'
3241754	  Class descriptor  : 'Lff9/a;'
3241810	  Class descriptor  : 'Lff9/b;'
3241888	  Class descriptor  : 'Lff9/c;'
3241962	  Class descriptor  : 'Lff9/d;'
3242022	  Class descriptor  : 'Lff9/e$a;'
3242359	  Class descriptor  : 'Lff9/f;'
3242417	  Class descriptor  : 'Lff9/e$b;'
3242519	  Class descriptor  : 'Lff9/e;'
3243202	  Class descriptor  : 'Lfg9/a;'
3243268	  Class descriptor  : 'Lfg9/b;'
3243737	  Class descriptor  : 'Lfg9/c;'
3243937	  Class descriptor  : 'Lfg9/d;'
3244517	  Class descriptor  : 'Lgc9/a;'
3244600	  Class descriptor  : 'Lgc9/b;'
3244683	  Class descriptor  : 'Lgc9/c;'
3244766	  Class descriptor  : 'Lgc9/d;'
3244797	  Class descriptor  : 'Lgd9/a$a;'
3244808	  Class descriptor  : 'Lgd9/a;'
3245021	  Class descriptor  : 'Lgd9/b;'
3245044	  Class descriptor  : 'Lgd9/c;'
3245067	  Class descriptor  : 'Lgd9/c$a;'
3245317	  Class descriptor  : 'Lge9/a;'
3245456	  Class descriptor  : 'Lgf9/a;'
3245513	  Class descriptor  : 'Lgf9/b;'
3245553	  Class descriptor  : 'Lgg9/a;'
3245916	  Class descriptor  : 'Lhc9/a;'
3245986	  Class descriptor  : 'Lhc9/b;'
3246053	  Class descriptor  : 'Lhc9/c;'
3246123	  Class descriptor  : 'Lhc9/d;'
3246190	  Class descriptor  : 'Lhc9/e;'
3246346	  Class descriptor  : 'Lhc9/f;'
3246378	  Class descriptor  : 'Lhc9/g;'
3246410	  Class descriptor  : 'Lhc9/h;'
3246930	  Class descriptor  : 'Lhc9/i;'
3247064	  Class descriptor  : 'Lhc9/j;'
3247182	  Class descriptor  : 'Lhd9/a;'
3248290	  Class descriptor  : 'Lhe9/a0;'
3248702	  Class descriptor  : 'Lhe9/v;'
3248719	  Class descriptor  : 'Lhe9/a;'
3248930	  Class descriptor  : 'Lhe9/b0;'
3249175	  Class descriptor  : 'Lhe9/b;'
3249240	  Class descriptor  : 'Lhe9/c;'
3249355	  Class descriptor  : 'Lhe9/d;'
3249470	  Class descriptor  : 'Lhe9/e;'
3249585	  Class descriptor  : 'Lhe9/f;'
3249721	  Class descriptor  : 'Lhe9/g;'
3249797	  Class descriptor  : 'Lhe9/h;'
3249855	  Class descriptor  : 'Lhe9/i;'
3249986	  Class descriptor  : 'Lhe9/j;'
3250101	  Class descriptor  : 'Lhe9/k;'
3250216	  Class descriptor  : 'Lhe9/l;'
3250331	  Class descriptor  : 'Lhe9/m;'
3250407	  Class descriptor  : 'Lhe9/n;'
3250480	  Class descriptor  : 'Lhe9/o;'
3250556	  Class descriptor  : 'Lhe9/p;'
3250636	  Class descriptor  : 'Lhe9/q;'
3250718	  Class descriptor  : 'Lhe9/r;'
3250772	  Class descriptor  : 'Lhe9/s;'
3250880	  Class descriptor  : 'Lhe9/t;'
3251046	  Class descriptor  : 'Lhe9/u;'
3251641	  Class descriptor  : 'Lhe9/w;'
3251792	  Class descriptor  : 'Lhe9/x;'
3252023	  Class descriptor  : 'Lhe9/y;'
3252110	  Class descriptor  : 'Lhe9/z;'
3252239	  Class descriptor  : 'Lhf9/a;'
3252275	  Class descriptor  : 'Lhf9/b;'
3252396	  Class descriptor  : 'Lhf9/c;'
3252601	  Class descriptor  : 'Lhg9/a;'
3252979	  Class descriptor  : 'Lhg9/b$a;'
3252990	  Class descriptor  : 'Lhg9/b;'
3253169	  Class descriptor  : 'Lic9/a;'
3253273	  Class descriptor  : 'Lic9/b;'
3253377	  Class descriptor  : 'Lic9/c;'
3253431	  Class descriptor  : 'Lic9/d;'
3253481	  Class descriptor  : 'Lic9/e;'
3253585	  Class descriptor  : 'Lic9/f;'
3253684	  Class descriptor  : 'Lic9/g;'
3253734	  Class descriptor  : 'Lic9/h;'
3253838	  Class descriptor  : 'Lid9/a0;'
3253883	  Class descriptor  : 'Lid9/a1;'
3253928	  Class descriptor  : 'Lid9/a2;'
3253973	  Class descriptor  : 'Lid9/a;'
3254018	  Class descriptor  : 'Lid9/b0;'
3254063	  Class descriptor  : 'Lid9/b1;'
3254108	  Class descriptor  : 'Lid9/b2;'
3254153	  Class descriptor  : 'Lid9/b;'
3254198	  Class descriptor  : 'Lid9/c0;'
3254243	  Class descriptor  : 'Lid9/c1;'
3254288	  Class descriptor  : 'Lid9/c2;'
3254333	  Class descriptor  : 'Lid9/c;'
3254378	  Class descriptor  : 'Lid9/d0;'
3254423	  Class descriptor  : 'Lid9/d1;'
3254468	  Class descriptor  : 'Lid9/d2;'
3254513	  Class descriptor  : 'Lid9/d;'
3254558	  Class descriptor  : 'Lid9/e0;'
3254603	  Class descriptor  : 'Lid9/e1;'
3254648	  Class descriptor  : 'Lid9/e2;'
3254693	  Class descriptor  : 'Lid9/e;'
3254738	  Class descriptor  : 'Lid9/f0;'
3254783	  Class descriptor  : 'Lid9/f1;'
3254828	  Class descriptor  : 'Lid9/f2;'
3254873	  Class descriptor  : 'Lid9/f;'
3254918	  Class descriptor  : 'Lid9/g0;'
3254963	  Class descriptor  : 'Lid9/g1;'
3255008	  Class descriptor  : 'Lid9/g2;'
3255053	  Class descriptor  : 'Lid9/g;'
3255098	  Class descriptor  : 'Lid9/h0;'
3255143	  Class descriptor  : 'Lid9/h1;'
3255188	  Class descriptor  : 'Lid9/h2;'
3255233	  Class descriptor  : 'Lid9/h;'
3255278	  Class descriptor  : 'Lid9/i0;'
3255323	  Class descriptor  : 'Lid9/i1;'
3255368	  Class descriptor  : 'Lid9/i2;'
3255413	  Class descriptor  : 'Lid9/i;'
3255458	  Class descriptor  : 'Lid9/j0;'
3255503	  Class descriptor  : 'Lid9/j1;'
3255548	  Class descriptor  : 'Lid9/j2;'
3255593	  Class descriptor  : 'Lid9/j;'
3255638	  Class descriptor  : 'Lid9/k0;'
3255683	  Class descriptor  : 'Lid9/k1;'
3255738	  Class descriptor  : 'Lid9/k2;'
3255783	  Class descriptor  : 'Lid9/k;'
3255828	  Class descriptor  : 'Lid9/l0;'
3255873	  Class descriptor  : 'Lid9/l1;'
3255928	  Class descriptor  : 'Lid9/l2;'
3255973	  Class descriptor  : 'Lid9/l;'
3256018	  Class descriptor  : 'Lid9/m0;'
3256063	  Class descriptor  : 'Lid9/m1;'
3256118	  Class descriptor  : 'Lid9/m2;'
3256163	  Class descriptor  : 'Lid9/m;'
3256208	  Class descriptor  : 'Lid9/n0;'
3256253	  Class descriptor  : 'Lid9/n1;'
3256298	  Class descriptor  : 'Lid9/n2;'
3256343	  Class descriptor  : 'Lid9/n;'
3256388	  Class descriptor  : 'Lid9/o0;'
3256433	  Class descriptor  : 'Lid9/o1;'
3256478	  Class descriptor  : 'Lid9/o2;'
3256523	  Class descriptor  : 'Lid9/o;'
3256568	  Class descriptor  : 'Lid9/p0;'
3256613	  Class descriptor  : 'Lid9/p1;'
3256658	  Class descriptor  : 'Lid9/p2;'
3256703	  Class descriptor  : 'Lid9/p;'
3256748	  Class descriptor  : 'Lid9/q0;'
3256793	  Class descriptor  : 'Lid9/q1;'
3256838	  Class descriptor  : 'Lid9/q2;'
3256883	  Class descriptor  : 'Lid9/q;'
3256928	  Class descriptor  : 'Lid9/r0;'
3256973	  Class descriptor  : 'Lid9/r1;'
3257018	  Class descriptor  : 'Lid9/r2;'
3257063	  Class descriptor  : 'Lid9/r;'
3257108	  Class descriptor  : 'Lid9/s0;'
3257153	  Class descriptor  : 'Lid9/s1;'
3257198	  Class descriptor  : 'Lid9/s2;'
3257243	  Class descriptor  : 'Lid9/s;'
3257288	  Class descriptor  : 'Lid9/t0;'
3257333	  Class descriptor  : 'Lid9/t1;'
3257378	  Class descriptor  : 'Lid9/t2;'
3257423	  Class descriptor  : 'Lid9/t;'
3257468	  Class descriptor  : 'Lid9/u0;'
3257513	  Class descriptor  : 'Lid9/u1;'
3257558	  Class descriptor  : 'Lid9/u2;'
3257603	  Class descriptor  : 'Lid9/u;'
3257648	  Class descriptor  : 'Lid9/v0;'
3257693	  Class descriptor  : 'Lid9/v1;'
3257738	  Class descriptor  : 'Lid9/v2;'
3257783	  Class descriptor  : 'Lid9/v;'
3257828	  Class descriptor  : 'Lid9/w0;'
3257873	  Class descriptor  : 'Lid9/w1;'
3257918	  Class descriptor  : 'Lid9/w;'
3257963	  Class descriptor  : 'Lid9/x0;'
3258008	  Class descriptor  : 'Lid9/x1;'
3258053	  Class descriptor  : 'Lid9/x;'
3258098	  Class descriptor  : 'Lid9/y0;'
3258143	  Class descriptor  : 'Lid9/y1;'
3258188	  Class descriptor  : 'Lid9/y;'
3258233	  Class descriptor  : 'Lid9/z0;'
3258278	  Class descriptor  : 'Lid9/z1;'
3258323	  Class descriptor  : 'Lid9/z;'
3258368	  Class descriptor  : 'Lie9/a$a;'
3258495	  Class descriptor  : 'Lie9/a;'
3258588	  Class descriptor  : 'Lif9/a;'
3258848	  Class descriptor  : 'Lif9/b;'
3259011	  Class descriptor  : 'Lif9/c;'
3259101	  Class descriptor  : 'Lif9/d;'
3259156	  Class descriptor  : 'Lif9/e$a;'
3259588	  Class descriptor  : 'Lif9/e$b;'
3259635	  Class descriptor  : 'Lif9/e;'
3260054	  Class descriptor  : 'Lif9/f$a;'
3260533	  Class descriptor  : 'Lif9/f$b;'
3260580	  Class descriptor  : 'Lif9/f;'
3260825	  Class descriptor  : 'Lif9/g;'
3260962	  Class descriptor  : 'Lig9/a;'
3261053	  Class descriptor  : 'Lig9/b;'
3261201	  Class descriptor  : 'Ljc9/a$a;'
3261250	  Class descriptor  : 'Ljc9/b$a;'
3261385	  Class descriptor  : 'Ljc9/b$b;'
3261437	  Class descriptor  : 'Ljc9/c$a;'
3261486	  Class descriptor  : 'Ljc9/d$a;'
3261535	  Class descriptor  : 'Ljc9/e$a;'
3261584	  Class descriptor  : 'Ljc9/f$a;'
3261633	  Class descriptor  : 'Ljd9/a0;'
3261688	  Class descriptor  : 'Ljd9/a;'
3261746	  Class descriptor  : 'Ljd9/b0;'
3261801	  Class descriptor  : 'Ljd9/b;'
3261859	  Class descriptor  : 'Ljd9/c0;'
3261914	  Class descriptor  : 'Ljd9/c;'
3261969	  Class descriptor  : 'Ljd9/d0;'
3262027	  Class descriptor  : 'Ljd9/d;'
3262082	  Class descriptor  : 'Ljd9/e0;'
3262137	  Class descriptor  : 'Ljd9/e;'
3262192	  Class descriptor  : 'Ljd9/f0$a;'
3262574	  Class descriptor  : 'Ljd9/f0$b;'
3262621	  Class descriptor  : 'Ljd9/f0;'
3262826	  Class descriptor  : 'Ljd9/f;'
3262881	  Class descriptor  : 'Ljd9/g0;'
3263031	  Class descriptor  : 'Ljd9/g;'
3263086	  Class descriptor  : 'Ljd9/h0;'
3263263	  Class descriptor  : 'Ljd9/h;'
3263318	  Class descriptor  : 'Ljd9/i0;'
3263477	  Class descriptor  : 'Ljd9/i;'
3263532	  Class descriptor  : 'Ljd9/j;'
3263587	  Class descriptor  : 'Ljd9/k;'
3263642	  Class descriptor  : 'Ljd9/l;'
3263697	  Class descriptor  : 'Ljd9/m;'
3263752	  Class descriptor  : 'Ljd9/n;'
3263807	  Class descriptor  : 'Ljd9/o;'
3263862	  Class descriptor  : 'Ljd9/p;'
3263917	  Class descriptor  : 'Ljd9/q;'
3263972	  Class descriptor  : 'Ljd9/r;'
3264027	  Class descriptor  : 'Ljd9/s;'
3264082	  Class descriptor  : 'Ljd9/t;'
3264137	  Class descriptor  : 'Ljd9/u;'
3264192	  Class descriptor  : 'Ljd9/v;'
3264247	  Class descriptor  : 'Ljd9/w;'
3264302	  Class descriptor  : 'Ljd9/x;'
3264357	  Class descriptor  : 'Ljd9/y;'
3264412	  Class descriptor  : 'Ljd9/z;'
3264467	  Class descriptor  : 'Lje9/a;'
3264545	  Class descriptor  : 'Lje9/b;'
3264621	  Class descriptor  : 'Lje9/c;'
3265011	  Class descriptor  : 'Lje9/d;'
3265241	  Class descriptor  : 'Lje9/e;'
3265297	  Class descriptor  : 'Lje9/f;'
3265343	  Class descriptor  : 'Lje9/g;'
3265519	  Class descriptor  : 'Lje9/h;'
3265638	  Class descriptor  : 'Lje9/i$a;'
3266143	  Class descriptor  : 'Lje9/j;'
3266274	  Class descriptor  : 'Ljf9/a;'
3266437	  Class descriptor  : 'Ljf9/b;'
3266528	  Class descriptor  : 'Ljf9/c;'
3266585	  Class descriptor  : 'Ljf9/d;'
3266642	  Class descriptor  : 'Ljf9/e;'
3266980	  Class descriptor  : 'Ljg9/a;'
3267049	  Class descriptor  : 'Lkc9/a;'
3267312	  Class descriptor  : 'Lkd9/a$a;'
3267323	  Class descriptor  : 'Lkd9/a;'
3267671	  Class descriptor  : 'Lkd9/b;'
3267749	  Class descriptor  : 'Lkd9/c;'
3267949	  Class descriptor  : 'Lkd9/d;'
3268089	  Class descriptor  : 'Lkd9/e;'
3268156	  Class descriptor  : 'Lkd9/f;'
3268269	  Class descriptor  : 'Lkd9/g$a;'
3268280	  Class descriptor  : 'Lkd9/g;'
3268357	  Class descriptor  : 'Lke9/a;'
3268385	  Class descriptor  : 'Lke9/b;'
3268413	  Class descriptor  : 'Lke9/c;'
3268615	  Class descriptor  : 'Lke9/d;'
3268711	  Class descriptor  : 'Lke9/e;'
3268762	  Class descriptor  : 'Lke9/f$a;'
3269007	  Class descriptor  : 'Lke9/f$b;'
3269114	  Class descriptor  : 'Lke9/f$c;'
3269233	  Class descriptor  : 'Lke9/f$d;'
3269301	  Class descriptor  : 'Lke9/f$e;'
3269447	  Class descriptor  : 'Lke9/f;'
3269592	  Class descriptor  : 'Lke9/g;'
3270092	  Class descriptor  : 'Lke9/h;'
3270167	  Class descriptor  : 'Lke9/i$a;'
3270252	  Class descriptor  : 'Lke9/i$b;'
3270337	  Class descriptor  : 'Lke9/i;'
3270952	  Class descriptor  : 'Lke9/j;'
3271057	  Class descriptor  : 'Lkf9/a;'
3271088	  Class descriptor  : 'Lkf9/b;'
3271668	  Class descriptor  : 'Lkf9/c;'
3271844	  Class descriptor  : 'Lkf9/d;'
3272009	  Class descriptor  : 'Lkg9/a;'
3272209	  Class descriptor  : 'Lkg9/b$a;'
3272220	  Class descriptor  : 'Lkg9/b;'
3272436	  Class descriptor  : 'Llc9/a0;'
3272481	  Class descriptor  : 'Llc9/a1;'
3272526	  Class descriptor  : 'Llc9/a2;'
3272571	  Class descriptor  : 'Llc9/a3;'
3272616	  Class descriptor  : 'Llc9/a4;'
3272661	  Class descriptor  : 'Llc9/a5;'
3272706	  Class descriptor  : 'Llc9/a6;'
3272751	  Class descriptor  : 'Llc9/a7;'
3272796	  Class descriptor  : 'Llc9/a8;'
3272841	  Class descriptor  : 'Llc9/a9;'
3272886	  Class descriptor  : 'Llc9/a;'
3272931	  Class descriptor  : 'Llc9/aa;'
3272976	  Class descriptor  : 'Llc9/ab;'
3273021	  Class descriptor  : 'Llc9/ac;'
3273066	  Class descriptor  : 'Llc9/b0;'
3273111	  Class descriptor  : 'Llc9/b1;'
3273156	  Class descriptor  : 'Llc9/b2;'
3273201	  Class descriptor  : 'Llc9/b3;'
3273246	  Class descriptor  : 'Llc9/b4;'
3273291	  Class descriptor  : 'Llc9/b5;'
3273336	  Class descriptor  : 'Llc9/b6;'
3273381	  Class descriptor  : 'Llc9/b7;'
3273426	  Class descriptor  : 'Llc9/b8;'
3273471	  Class descriptor  : 'Llc9/b9;'
3273516	  Class descriptor  : 'Llc9/b;'
3273561	  Class descriptor  : 'Llc9/ba;'
3273606	  Class descriptor  : 'Llc9/bb;'
3273651	  Class descriptor  : 'Llc9/bc;'
3273696	  Class descriptor  : 'Llc9/c0;'
3273741	  Class descriptor  : 'Llc9/c1;'
3273786	  Class descriptor  : 'Llc9/c2;'
3273831	  Class descriptor  : 'Llc9/c3;'
3273876	  Class descriptor  : 'Llc9/c4;'
3273921	  Class descriptor  : 'Llc9/c5;'
3273966	  Class descriptor  : 'Llc9/c6;'
3274011	  Class descriptor  : 'Llc9/c7;'
3274056	  Class descriptor  : 'Llc9/c8;'
3274101	  Class descriptor  : 'Llc9/c9;'
3274146	  Class descriptor  : 'Llc9/c;'
3274191	  Class descriptor  : 'Llc9/ca;'
3274236	  Class descriptor  : 'Llc9/cb;'
3274281	  Class descriptor  : 'Llc9/cc;'
3274326	  Class descriptor  : 'Llc9/d0;'
3274371	  Class descriptor  : 'Llc9/d1;'
3274416	  Class descriptor  : 'Llc9/d2;'
3274461	  Class descriptor  : 'Llc9/d3;'
3274506	  Class descriptor  : 'Llc9/d4;'
3274551	  Class descriptor  : 'Llc9/d5;'
3274596	  Class descriptor  : 'Llc9/d6;'
3274641	  Class descriptor  : 'Llc9/d7;'
3274686	  Class descriptor  : 'Llc9/d8;'
3274731	  Class descriptor  : 'Llc9/d9;'
3274776	  Class descriptor  : 'Llc9/d;'
3274821	  Class descriptor  : 'Llc9/da;'
3274866	  Class descriptor  : 'Llc9/db;'
3274911	  Class descriptor  : 'Llc9/dc;'
3274956	  Class descriptor  : 'Llc9/e0;'
3275001	  Class descriptor  : 'Llc9/e1;'
3275046	  Class descriptor  : 'Llc9/e2;'
3275091	  Class descriptor  : 'Llc9/e3;'
3275136	  Class descriptor  : 'Llc9/e4;'
3275181	  Class descriptor  : 'Llc9/e5;'
3275226	  Class descriptor  : 'Llc9/e6;'
3275271	  Class descriptor  : 'Llc9/e7;'
3275316	  Class descriptor  : 'Llc9/e8;'
3275361	  Class descriptor  : 'Llc9/e9;'
3275406	  Class descriptor  : 'Llc9/e;'
3275451	  Class descriptor  : 'Llc9/ea;'
3275496	  Class descriptor  : 'Llc9/eb;'
3275541	  Class descriptor  : 'Llc9/ec;'
3275586	  Class descriptor  : 'Llc9/f0;'
3275631	  Class descriptor  : 'Llc9/f1;'
3275676	  Class descriptor  : 'Llc9/f2;'
3275721	  Class descriptor  : 'Llc9/f3;'
3275766	  Class descriptor  : 'Llc9/f4;'
3275811	  Class descriptor  : 'Llc9/f5;'
3275856	  Class descriptor  : 'Llc9/f6;'
3275901	  Class descriptor  : 'Llc9/f7;'
3275946	  Class descriptor  : 'Llc9/f8;'
3275991	  Class descriptor  : 'Llc9/f9;'
3276036	  Class descriptor  : 'Llc9/f;'
3276081	  Class descriptor  : 'Llc9/fa;'
3276126	  Class descriptor  : 'Llc9/fb;'
3276171	  Class descriptor  : 'Llc9/fc;'
3276216	  Class descriptor  : 'Llc9/g0;'
3276261	  Class descriptor  : 'Llc9/g1;'
3276306	  Class descriptor  : 'Llc9/g2;'
3276351	  Class descriptor  : 'Llc9/g3;'
3276396	  Class descriptor  : 'Llc9/g4;'
3276441	  Class descriptor  : 'Llc9/g5;'
3276486	  Class descriptor  : 'Llc9/g6;'
3276531	  Class descriptor  : 'Llc9/g7;'
3276576	  Class descriptor  : 'Llc9/g8;'
3276621	  Class descriptor  : 'Llc9/g9;'
3276666	  Class descriptor  : 'Llc9/g;'
3276711	  Class descriptor  : 'Llc9/ga;'
3276756	  Class descriptor  : 'Llc9/gb;'
3276801	  Class descriptor  : 'Llc9/gc;'
3276846	  Class descriptor  : 'Llc9/h0;'
3276891	  Class descriptor  : 'Llc9/h1;'
3276936	  Class descriptor  : 'Llc9/h2;'
3276981	  Class descriptor  : 'Llc9/h3;'
3277026	  Class descriptor  : 'Llc9/h4;'
3277071	  Class descriptor  : 'Llc9/h5;'
3277116	  Class descriptor  : 'Llc9/h6;'
3277161	  Class descriptor  : 'Llc9/h7;'
3277206	  Class descriptor  : 'Llc9/h8;'
3277251	  Class descriptor  : 'Llc9/h9;'
3277296	  Class descriptor  : 'Llc9/h;'
3277341	  Class descriptor  : 'Llc9/ha;'
3277386	  Class descriptor  : 'Llc9/hb;'
3277431	  Class descriptor  : 'Llc9/hc;'
3277476	  Class descriptor  : 'Llc9/i0;'
3277521	  Class descriptor  : 'Llc9/i1;'
3277566	  Class descriptor  : 'Llc9/i2;'
3277611	  Class descriptor  : 'Llc9/i3;'
3277656	  Class descriptor  : 'Llc9/i4;'
3277701	  Class descriptor  : 'Llc9/i5;'
3277746	  Class descriptor  : 'Llc9/i6;'
3277791	  Class descriptor  : 'Llc9/i7;'
3277836	  Class descriptor  : 'Llc9/i8;'
3277881	  Class descriptor  : 'Llc9/i9;'
3277926	  Class descriptor  : 'Llc9/i;'
3277971	  Class descriptor  : 'Llc9/ia;'
3278016	  Class descriptor  : 'Llc9/ib;'
3278061	  Class descriptor  : 'Llc9/ic;'
3278106	  Class descriptor  : 'Llc9/j0;'
3278151	  Class descriptor  : 'Llc9/j1;'
3278196	  Class descriptor  : 'Llc9/j2;'
3278241	  Class descriptor  : 'Llc9/j3;'
3278286	  Class descriptor  : 'Llc9/j4;'
3278331	  Class descriptor  : 'Llc9/j5;'
3278376	  Class descriptor  : 'Llc9/j6;'
3278421	  Class descriptor  : 'Llc9/j7;'
3278466	  Class descriptor  : 'Llc9/j8;'
3278511	  Class descriptor  : 'Llc9/j9;'
3278556	  Class descriptor  : 'Llc9/j;'
3278601	  Class descriptor  : 'Llc9/ja;'
3278646	  Class descriptor  : 'Llc9/jb;'
3278691	  Class descriptor  : 'Llc9/jc;'
3278736	  Class descriptor  : 'Llc9/k0;'
3278781	  Class descriptor  : 'Llc9/k1;'
3278826	  Class descriptor  : 'Llc9/k2;'
3278871	  Class descriptor  : 'Llc9/k3;'
3278916	  Class descriptor  : 'Llc9/k4;'
3278961	  Class descriptor  : 'Llc9/k5;'
3279006	  Class descriptor  : 'Llc9/k6;'
3279051	  Class descriptor  : 'Llc9/k7;'
3279096	  Class descriptor  : 'Llc9/k8;'
3279141	  Class descriptor  : 'Llc9/k9;'
3279186	  Class descriptor  : 'Llc9/k;'
3279231	  Class descriptor  : 'Llc9/ka;'
3279276	  Class descriptor  : 'Llc9/kb;'
3279321	  Class descriptor  : 'Llc9/kc;'
3279366	  Class descriptor  : 'Llc9/l0;'
3279411	  Class descriptor  : 'Llc9/l1;'
3279456	  Class descriptor  : 'Llc9/l2;'
3279501	  Class descriptor  : 'Llc9/l3;'
3279546	  Class descriptor  : 'Llc9/l4;'
3279591	  Class descriptor  : 'Llc9/l5;'
3279636	  Class descriptor  : 'Llc9/l6;'
3279681	  Class descriptor  : 'Llc9/l7;'
3279726	  Class descriptor  : 'Llc9/l8;'
3279771	  Class descriptor  : 'Llc9/l9;'
3279816	  Class descriptor  : 'Llc9/l;'
3279861	  Class descriptor  : 'Llc9/la;'
3279906	  Class descriptor  : 'Llc9/lb;'
3279951	  Class descriptor  : 'Llc9/lc;'
3279996	  Class descriptor  : 'Llc9/m0;'
3280041	  Class descriptor  : 'Llc9/m1;'
3280086	  Class descriptor  : 'Llc9/m2;'
3280131	  Class descriptor  : 'Llc9/m3;'
3280176	  Class descriptor  : 'Llc9/m4;'
3280221	  Class descriptor  : 'Llc9/m5;'
3280266	  Class descriptor  : 'Llc9/m6;'
3280311	  Class descriptor  : 'Llc9/m7;'
3280356	  Class descriptor  : 'Llc9/m8;'
3280401	  Class descriptor  : 'Llc9/m9;'
3280446	  Class descriptor  : 'Llc9/m;'
3280491	  Class descriptor  : 'Llc9/ma;'
3280536	  Class descriptor  : 'Llc9/mb;'
3280581	  Class descriptor  : 'Llc9/mc;'
3280626	  Class descriptor  : 'Llc9/n0;'
3280671	  Class descriptor  : 'Llc9/n1;'
3280716	  Class descriptor  : 'Llc9/n2;'
3280761	  Class descriptor  : 'Llc9/n3;'
3280806	  Class descriptor  : 'Llc9/n4;'
3280851	  Class descriptor  : 'Llc9/n5;'
3280896	  Class descriptor  : 'Llc9/n6;'
3280941	  Class descriptor  : 'Llc9/n7;'
3280986	  Class descriptor  : 'Llc9/n8;'
3281031	  Class descriptor  : 'Llc9/n9;'
3281076	  Class descriptor  : 'Llc9/n;'
3281121	  Class descriptor  : 'Llc9/na;'
3281166	  Class descriptor  : 'Llc9/nb;'
3281211	  Class descriptor  : 'Llc9/nc;'
3281256	  Class descriptor  : 'Llc9/o0;'
3281301	  Class descriptor  : 'Llc9/o1;'
3281346	  Class descriptor  : 'Llc9/o2;'
3281391	  Class descriptor  : 'Llc9/o3;'
3281436	  Class descriptor  : 'Llc9/o4;'
3281481	  Class descriptor  : 'Llc9/o5;'
3281526	  Class descriptor  : 'Llc9/o6;'
3281571	  Class descriptor  : 'Llc9/o7;'
3281616	  Class descriptor  : 'Llc9/o8;'
3281661	  Class descriptor  : 'Llc9/o9;'
3281706	  Class descriptor  : 'Llc9/o;'
3281751	  Class descriptor  : 'Llc9/oa;'
3281796	  Class descriptor  : 'Llc9/ob;'
3281841	  Class descriptor  : 'Llc9/oc;'
3281886	  Class descriptor  : 'Llc9/p0;'
3281931	  Class descriptor  : 'Llc9/p1;'
3281976	  Class descriptor  : 'Llc9/p2;'
3282021	  Class descriptor  : 'Llc9/p3;'
3282066	  Class descriptor  : 'Llc9/p4;'
3282111	  Class descriptor  : 'Llc9/p5;'
3282156	  Class descriptor  : 'Llc9/p6;'
3282201	  Class descriptor  : 'Llc9/p7;'
3282246	  Class descriptor  : 'Llc9/p8;'
3282291	  Class descriptor  : 'Llc9/p9;'
3282336	  Class descriptor  : 'Llc9/p;'
3282381	  Class descriptor  : 'Llc9/pa;'
3282426	  Class descriptor  : 'Llc9/pb;'
3282471	  Class descriptor  : 'Llc9/pc;'
3282516	  Class descriptor  : 'Llc9/q0;'
3282561	  Class descriptor  : 'Llc9/q1;'
3282606	  Class descriptor  : 'Llc9/q2;'
3282651	  Class descriptor  : 'Llc9/q3;'
3282696	  Class descriptor  : 'Llc9/q4;'
3282741	  Class descriptor  : 'Llc9/q5;'
3282786	  Class descriptor  : 'Llc9/q6;'
3282831	  Class descriptor  : 'Llc9/q7;'
3282876	  Class descriptor  : 'Llc9/q8;'
3282921	  Class descriptor  : 'Llc9/q9;'
3282966	  Class descriptor  : 'Llc9/q;'
3283011	  Class descriptor  : 'Llc9/qa;'
3283056	  Class descriptor  : 'Llc9/qb;'
3283101	  Class descriptor  : 'Llc9/qc;'
3283146	  Class descriptor  : 'Llc9/r0;'
3283191	  Class descriptor  : 'Llc9/r1;'
3283236	  Class descriptor  : 'Llc9/r2;'
3283281	  Class descriptor  : 'Llc9/r3;'
3283326	  Class descriptor  : 'Llc9/r4;'
3283371	  Class descriptor  : 'Llc9/r5;'
3283416	  Class descriptor  : 'Llc9/r6;'
3283461	  Class descriptor  : 'Llc9/r7;'
3283506	  Class descriptor  : 'Llc9/r8;'
3283551	  Class descriptor  : 'Llc9/r9;'
3283596	  Class descriptor  : 'Llc9/r;'
3283641	  Class descriptor  : 'Llc9/ra;'
3283686	  Class descriptor  : 'Llc9/rb;'
3283731	  Class descriptor  : 'Llc9/rc;'
3283776	  Class descriptor  : 'Llc9/s0;'
3283821	  Class descriptor  : 'Llc9/s1;'
3283866	  Class descriptor  : 'Llc9/s2;'
3283911	  Class descriptor  : 'Llc9/s3;'
3283956	  Class descriptor  : 'Llc9/s4;'
3284001	  Class descriptor  : 'Llc9/s5;'
3284046	  Class descriptor  : 'Llc9/s6;'
3284091	  Class descriptor  : 'Llc9/s7;'
3284136	  Class descriptor  : 'Llc9/s8;'
3284181	  Class descriptor  : 'Llc9/s9;'
3284226	  Class descriptor  : 'Llc9/s;'
3284271	  Class descriptor  : 'Llc9/sa;'
3284316	  Class descriptor  : 'Llc9/sb;'
3284361	  Class descriptor  : 'Llc9/sc;'
3284406	  Class descriptor  : 'Llc9/t0;'
3284451	  Class descriptor  : 'Llc9/t1;'
3284496	  Class descriptor  : 'Llc9/t2;'
3284541	  Class descriptor  : 'Llc9/t3;'
3284586	  Class descriptor  : 'Llc9/t4;'
3284631	  Class descriptor  : 'Llc9/t5;'
3284676	  Class descriptor  : 'Llc9/t6;'
3284721	  Class descriptor  : 'Llc9/t7;'
3284766	  Class descriptor  : 'Llc9/t8;'
3284811	  Class descriptor  : 'Llc9/t9;'
3284856	  Class descriptor  : 'Llc9/t;'
3284901	  Class descriptor  : 'Llc9/ta;'
3284946	  Class descriptor  : 'Llc9/tb;'
3284991	  Class descriptor  : 'Llc9/u0;'
3285036	  Class descriptor  : 'Llc9/u1;'
3285081	  Class descriptor  : 'Llc9/u2;'
3285126	  Class descriptor  : 'Llc9/u3;'
3285171	  Class descriptor  : 'Llc9/u4;'
3285216	  Class descriptor  : 'Llc9/u5;'
3285261	  Class descriptor  : 'Llc9/u6;'
3285306	  Class descriptor  : 'Llc9/u7;'
3285351	  Class descriptor  : 'Llc9/u8;'
3285396	  Class descriptor  : 'Llc9/u9;'
3285441	  Class descriptor  : 'Llc9/u;'
3285486	  Class descriptor  : 'Llc9/ua;'
3285531	  Class descriptor  : 'Llc9/ub;'
3285576	  Class descriptor  : 'Llc9/v0;'
3285621	  Class descriptor  : 'Llc9/v1;'
3285666	  Class descriptor  : 'Llc9/v2;'
3285711	  Class descriptor  : 'Llc9/v3;'
3285756	  Class descriptor  : 'Llc9/v4;'
3285801	  Class descriptor  : 'Llc9/v5;'
3285846	  Class descriptor  : 'Llc9/v6;'
3285891	  Class descriptor  : 'Llc9/v7;'
3285936	  Class descriptor  : 'Llc9/v8;'
3285981	  Class descriptor  : 'Llc9/v9;'
3286026	  Class descriptor  : 'Llc9/v;'
3286071	  Class descriptor  : 'Llc9/va;'
3286116	  Class descriptor  : 'Llc9/vb;'
3286161	  Class descriptor  : 'Llc9/w0;'
3286206	  Class descriptor  : 'Llc9/w1;'
3286251	  Class descriptor  : 'Llc9/w2;'
3286296	  Class descriptor  : 'Llc9/w3;'
3286341	  Class descriptor  : 'Llc9/w4;'
3286386	  Class descriptor  : 'Llc9/w5;'
3286431	  Class descriptor  : 'Llc9/w6;'
3286476	  Class descriptor  : 'Llc9/w7;'
3286521	  Class descriptor  : 'Llc9/w8;'
3286566	  Class descriptor  : 'Llc9/w9;'
3286611	  Class descriptor  : 'Llc9/w;'
3286656	  Class descriptor  : 'Llc9/wa;'
3286701	  Class descriptor  : 'Llc9/wb;'
3286746	  Class descriptor  : 'Llc9/x0;'
3286791	  Class descriptor  : 'Llc9/x1;'
3286836	  Class descriptor  : 'Llc9/x2;'
3286881	  Class descriptor  : 'Llc9/x3;'
3286926	  Class descriptor  : 'Llc9/x4;'
3286971	  Class descriptor  : 'Llc9/x5;'
3287016	  Class descriptor  : 'Llc9/x6;'
3287061	  Class descriptor  : 'Llc9/x7;'
3287106	  Class descriptor  : 'Llc9/x8;'
3287151	  Class descriptor  : 'Llc9/x9;'
3287196	  Class descriptor  : 'Llc9/x;'
3287241	  Class descriptor  : 'Llc9/xa;'
3287286	  Class descriptor  : 'Llc9/xb;'
3287331	  Class descriptor  : 'Llc9/y0;'
3287376	  Class descriptor  : 'Llc9/y1;'
3287421	  Class descriptor  : 'Llc9/y2;'
3287466	  Class descriptor  : 'Llc9/y3;'
3287511	  Class descriptor  : 'Llc9/y4;'
3287556	  Class descriptor  : 'Llc9/y5;'
3287601	  Class descriptor  : 'Llc9/y6;'
3287646	  Class descriptor  : 'Llc9/y7;'
3287691	  Class descriptor  : 'Llc9/y8;'
3287736	  Class descriptor  : 'Llc9/y9;'
3287781	  Class descriptor  : 'Llc9/y;'
3287826	  Class descriptor  : 'Llc9/ya;'
3287871	  Class descriptor  : 'Llc9/yb;'
3287916	  Class descriptor  : 'Llc9/z0;'
3287961	  Class descriptor  : 'Llc9/z1;'
3288006	  Class descriptor  : 'Llc9/z2;'
3288051	  Class descriptor  : 'Llc9/z3;'
3288096	  Class descriptor  : 'Llc9/z4;'
3288141	  Class descriptor  : 'Llc9/z5;'
3288186	  Class descriptor  : 'Llc9/z6;'
3288231	  Class descriptor  : 'Llc9/z7;'
3288276	  Class descriptor  : 'Llc9/z8;'
3288321	  Class descriptor  : 'Llc9/z9;'
3288366	  Class descriptor  : 'Llc9/z;'
3288411	  Class descriptor  : 'Llc9/za;'
3288456	  Class descriptor  : 'Llc9/zb;'
3288501	  Class descriptor  : 'Lld9/a;'
3288561	  Class descriptor  : 'Lld9/b$a;'
3288572	  Class descriptor  : 'Lld9/b;'
3288861	  Class descriptor  : 'Lld9/c$a;'
3288872	  Class descriptor  : 'Lld9/f;'
3288917	  Class descriptor  : 'Lld9/c;'
3289404	  Class descriptor  : 'Lld9/d$a;'
3289415	  Class descriptor  : 'Lld9/d$b;'
3289606	  Class descriptor  : 'Lld9/d;'
3291307	  Class descriptor  : 'Lld9/e$a;'
3291318	  Class descriptor  : 'Lld9/e;'
3291803	  Class descriptor  : 'Lle9/a;'
3291874	  Class descriptor  : 'Llf9/a;'
3291926	  Class descriptor  : 'Llf9/b;'
3292001	  Class descriptor  : 'Llf9/c;'
3292127	  Class descriptor  : 'Llf9/d;'
3292213	  Class descriptor  : 'Llf9/e;'
3292409	  Class descriptor  : 'Llf9/f;'
3292532	  Class descriptor  : 'Llf9/g$a;'
3292581	  Class descriptor  : 'Llf9/g;'
3293649	  Class descriptor  : 'Llg9/a;'
3293732	  Class descriptor  : 'Llg9/b;'
3293950	  Class descriptor  : 'Llg9/c$a;'
3294069	  Class descriptor  : 'Llg9/c;'
3294200	  Class descriptor  : 'Lmc9/a0;'
3294264	  Class descriptor  : 'Lmc9/a;'
3294322	  Class descriptor  : 'Lmc9/b0;'
3294380	  Class descriptor  : 'Lmc9/b;'
3294450	  Class descriptor  : 'Lmc9/c0;'
3294508	  Class descriptor  : 'Lmc9/c;'
3294553	  Class descriptor  : 'Lmc9/d0;'
3294598	  Class descriptor  : 'Lmc9/d;'
3294643	  Class descriptor  : 'Lmc9/e0;'
3294707	  Class descriptor  : 'Lmc9/e;'
3294765	  Class descriptor  : 'Lmc9/f0;'
3294829	  Class descriptor  : 'Lmc9/f;'
3294887	  Class descriptor  : 'Lmc9/g0;'
3294951	  Class descriptor  : 'Lmc9/g;'
3294996	  Class descriptor  : 'Lmc9/h0;'
3295041	  Class descriptor  : 'Lmc9/h;'
3295093	  Class descriptor  : 'Lmc9/i0;'
3295145	  Class descriptor  : 'Lmc9/i;'
3295197	  Class descriptor  : 'Lmc9/j0;'
3295249	  Class descriptor  : 'Lmc9/j;'
3295313	  Class descriptor  : 'Lmc9/k0;'
3295365	  Class descriptor  : 'Lmc9/k;'
3295429	  Class descriptor  : 'Lmc9/l0;'
3295481	  Class descriptor  : 'Lmc9/l;'
3295526	  Class descriptor  : 'Lmc9/m0;'
3295571	  Class descriptor  : 'Lmc9/m;'
3295635	  Class descriptor  : 'Lmc9/n0;'
3295680	  Class descriptor  : 'Lmc9/n;'
3295732	  Class descriptor  : 'Lmc9/o0;'
3295784	  Class descriptor  : 'Lmc9/o;'
3295842	  Class descriptor  : 'Lmc9/p0;'
3295906	  Class descriptor  : 'Lmc9/p;'
3295970	  Class descriptor  : 'Lmc9/q0;'
3296034	  Class descriptor  : 'Lmc9/q;'
3296092	  Class descriptor  : 'Lmc9/r;'
3296150	  Class descriptor  : 'Lmc9/s;'
3296208	  Class descriptor  : 'Lmc9/t;'
3296272	  Class descriptor  : 'Lmc9/u;'
3296336	  Class descriptor  : 'Lmc9/v;'
3296400	  Class descriptor  : 'Lmc9/w;'
3296470	  Class descriptor  : 'Lmc9/x;'
3296540	  Class descriptor  : 'Lmc9/y;'
3296598	  Class descriptor  : 'Lmc9/z;'
3296662	  Class descriptor  : 'Lmd9/a;'
3297010	  Class descriptor  : 'Lme9/a;'
3297519	  Class descriptor  : 'Lme9/b;'
3297573	  Class descriptor  : 'Lmf9/a;'
3297731	  Class descriptor  : 'Lmf9/b;'
3298213	  Class descriptor  : 'Lmf9/c;'
3298740	  Class descriptor  : 'Lmf9/d;'
3299664	  Class descriptor  : 'Lmf9/e;'
3299884	  Class descriptor  : 'Lmf9/f;'
3300087	  Class descriptor  : 'Lmf9/g;'
3300135	  Class descriptor  : 'Lmf9/h;'
3300266	  Class descriptor  : 'Lmf9/i;'
3300397	  Class descriptor  : 'Lmf9/j;'
3300528	  Class descriptor  : 'Lmf9/k$a;'
3300676	  Class descriptor  : 'Lmf9/k;'
3302328	  Class descriptor  : 'Lmf9/l;'
3302657	  Class descriptor  : 'Lmf9/m$a;'
3302713	  Class descriptor  : 'Lmf9/m;'
3303797	  Class descriptor  : 'Lmf9/n;'
3304451	  Class descriptor  : 'Lmf9/o;'
3304573	  Class descriptor  : 'Lmf9/p;'
3304895	  Class descriptor  : 'Lmg9/a;'
3305000	  Class descriptor  : 'Lmg9/b;'
3305071	  Class descriptor  : 'Lmg9/c;'
3305125	  Class descriptor  : 'Lmg9/d;'
3305177	  Class descriptor  : 'Lmg9/e;'
3305804	  Class descriptor  : 'Lmg9/f;'
3305815	  Class descriptor  : 'Lmg9/g;'
3305838	  Class descriptor  : 'Lnc9/a;'
3305908	  Class descriptor  : 'Lnc9/b;'
3306382	  Class descriptor  : 'Lnc9/c;'
3306452	  Class descriptor  : 'Lnc9/d;'
3306522	  Class descriptor  : 'Lnc9/e;'
3306592	  Class descriptor  : 'Lnc9/j;'
3306615	  Class descriptor  : 'Lnc9/g;'
3306709	  Class descriptor  : 'Lnc9/h;'
3306779	  Class descriptor  : 'Lnc9/i;'
3306819	  Class descriptor  : 'Lnc9/j$a;'
3306869	  Class descriptor  : 'Lnd9/a0;'
3306947	  Class descriptor  : 'Lnd9/a;'
3307035	  Class descriptor  : 'Lnd9/b;'
3307549	  Class descriptor  : 'Lnd9/c;'
3307729	  Class descriptor  : 'Lnd9/d$a;'
3307740	  Class descriptor  : 'Lnd9/d;'
3307908	  Class descriptor  : 'Lnd9/e$a;'
3307919	  Class descriptor  : 'Lnd9/e;'
3308231	  Class descriptor  : 'Lnd9/f$a;'
3308242	  Class descriptor  : 'Lnd9/f;'
3308363	  Class descriptor  : 'Lnd9/g;'
3308673	  Class descriptor  : 'Lnd9/h;'
3309062	  Class descriptor  : 'Lnd9/i;'
3309094	  Class descriptor  : 'Lnd9/i$a0;'
3309242	  Class descriptor  : 'Lnd9/i$a;'
3309375	  Class descriptor  : 'Lnd9/i$b;'
3309501	  Class descriptor  : 'Lnd9/i$c;'
3309719	  Class descriptor  : 'Lnd9/i$d;'
3309845	  Class descriptor  : 'Lnd9/i$e;'
3309963	  Class descriptor  : 'Lnd9/i$f;'
3310100	  Class descriptor  : 'Lnd9/i$g;'
3310282	  Class descriptor  : 'Lnd9/i$h;'
3310336	  Class descriptor  : 'Lnd9/i$i;'
3310466	  Class descriptor  : 'Lnd9/i$j;'
3310520	  Class descriptor  : 'Lnd9/i$k;'
3310722	  Class descriptor  : 'Lnd9/i$l;'
3310848	  Class descriptor  : 'Lnd9/i$m;'
3310988	  Class descriptor  : 'Lnd9/i$n;'
3311095	  Class descriptor  : 'Lnd9/i$o;'
3311350	  Class descriptor  : 'Lnd9/i$p;'
3311468	  Class descriptor  : 'Lnd9/i$q;'
3311522	  Class descriptor  : 'Lnd9/i$r;'
3311648	  Class descriptor  : 'Lnd9/i$s;'
3311702	  Class descriptor  : 'Lnd9/i$t;'
3311828	  Class descriptor  : 'Lnd9/i$u;'
3311965	  Class descriptor  : 'Lnd9/i$v;'
3312156	  Class descriptor  : 'Lnd9/i$w;'
3312274	  Class descriptor  : 'Lnd9/i$x;'
3312437	  Class descriptor  : 'Lnd9/i$y;'
3312555	  Class descriptor  : 'Lnd9/i$z;'
3312703	  Class descriptor  : 'Lnd9/j;'
3312974	  Class descriptor  : 'Lnd9/k;'
3313111	  Class descriptor  : 'Lnd9/m;'
3313195	  Class descriptor  : 'Lnd9/n;'
3313367	  Class descriptor  : 'Lnd9/u$a;'
3313416	  Class descriptor  : 'Lnd9/w;'
3313500	  Class descriptor  : 'Lnd9/x$a;'
3313551	  Class descriptor  : 'Lne9/a;'
3313977	  Class descriptor  : 'Lne9/b;'
3314092	  Class descriptor  : 'Lnf9/a;'
3314189	  Class descriptor  : 'Lnf9/b;'
3314304	  Class descriptor  : 'Lnf9/c;'
3315708	  Class descriptor  : 'Lng9/a$a;'
3315800	  Class descriptor  : 'Lng9/a;'
3315994	  Class descriptor  : 'Lpg9/a;'
3316017	  Class descriptor  : 'Lng9/b;'
3316099	  Class descriptor  : 'Lo6a/a;'
3316149	  Class descriptor  : 'Lo6a/b;'
3316237	  Class descriptor  : 'Loc9/a;'
3316289	  Class descriptor  : 'Loc9/b;'
3316341	  Class descriptor  : 'Loc9/c;'
3316393	  Class descriptor  : 'Lpc9/c;'
3316416	  Class descriptor  : 'Loc9/d$a;'
3316757	  Class descriptor  : 'Lpc9/a;'
3316780	  Class descriptor  : 'Loc9/d$b;'
3316891	  Class descriptor  : 'Loc9/d$c;'
3317128	  Class descriptor  : 'Loc9/d;'
3317246	  Class descriptor  : 'Lod9/b;'
3317281	  Class descriptor  : 'Lod9/a;'
3317653	  Class descriptor  : 'Lod9/c;'
3317684	  Class descriptor  : 'Loe9/a;'
3317738	  Class descriptor  : 'Lof9/a$a;'
3318432	  Class descriptor  : 'Lof9/a$b;'
3318479	  Class descriptor  : 'Lof9/a;'
3318867	  Class descriptor  : 'Lof9/b;'
3319104	  Class descriptor  : 'Log9/b;'
3319139	  Class descriptor  : 'Log9/a;'
3319422	  Class descriptor  : 'Lp6a/a;'
3319453	  Class descriptor  : 'Lp6a/b;'
3319538	  Class descriptor  : 'Lp6a/c;'
3319797	  Class descriptor  : 'Lp6a/d;'
3319904	  Class descriptor  : 'Lp6a/f;'
3319981	  Class descriptor  : 'Lp6a/g;'
3320058	  Class descriptor  : 'Lp6a/h;'
3320135	  Class descriptor  : 'Lp6a/i;'
3320212	  Class descriptor  : 'Lp6a/j;'
3320289	  Class descriptor  : 'Lp6a/k;'
3320366	  Class descriptor  : 'Lp6a/l;'
3320443	  Class descriptor  : 'Lp6a/m;'
3320484	  Class descriptor  : 'Lp6a/n;'
3320869	  Class descriptor  : 'Lp6a/o;'
3320950	  Class descriptor  : 'Lp6a/p;'
3321135	  Class descriptor  : 'Lp6a/q;'
3321268	  Class descriptor  : 'Lp6a/r;'
3322008	  Class descriptor  : 'Lp6a/t$a;'
3322155	  Class descriptor  : 'Lp6a/t;'
3322240	  Class descriptor  : 'Lpc9/a$a$a;'
3322251	  Class descriptor  : 'Lpc9/a$a;'
3322671	  Class descriptor  : 'Lpc9/b;'
3322732	  Class descriptor  : 'Lpd9/a$a;'
3322743	  Class descriptor  : 'Lpd9/a;'
3323810	  Class descriptor  : 'Lpe9/a;'
3324016	  Class descriptor  : 'Lpe9/b;'
3324076	  Class descriptor  : 'Lpf9/a;'
3324360	  Class descriptor  : 'Lpf9/b;'
3324517	  Class descriptor  : 'Lpf9/c;'
3325419	  Class descriptor  : 'Lpg9/a$a;'
3325447	  Class descriptor  : 'Lqb9/a$a;'
3325917	  Class descriptor  : 'Lqb9/a$b;'
3325964	  Class descriptor  : 'Lqb9/a;'
3326228	  Class descriptor  : 'Lqb9/b;'
3326297	  Class descriptor  : 'Lqb9/c;'
3326344	  Class descriptor  : 'Lqc9/a;'
3326393	  Class descriptor  : 'Lqd9/a$a;'
3326452	  Class descriptor  : 'Lqd9/a;'
3327642	  Class descriptor  : 'Lqd9/b$a;'
3327653	  Class descriptor  : 'Lqd9/b;'
3328383	  Class descriptor  : 'Lqd9/c;'
3328810	  Class descriptor  : 'Lqe9/a;'
3329418	  Class descriptor  : 'Lqf9/a;'
3329507	  Class descriptor  : 'Lqf9/b;'
3329518	  Class descriptor  : 'Lqf9/c;'
3329651	  Class descriptor  : 'Lqf9/d$a;'
3329711	  Class descriptor  : 'Lqf9/d;'
3329958	  Class descriptor  : 'Lqf9/e;'
3330308	  Class descriptor  : 'Lqf9/f;'
3330386	  Class descriptor  : 'Lrg9/f;'
3330409	  Class descriptor  : 'Lqg9/a;'
3330586	  Class descriptor  : 'Lqg9/b;'
3330700	  Class descriptor  : 'Lqg9/c;'
3330775	  Class descriptor  : 'Lrb9/a;'
3330945	  Class descriptor  : 'Lrb9/b;'
3331024	  Class descriptor  : 'Lrb9/c;'
3331084	  Class descriptor  : 'Lrb9/c$a;'
3331212	  Class descriptor  : 'Lrb9/c$b;'
3331284	  Class descriptor  : 'Lrb9/c$c;'
3331295	  Class descriptor  : 'Lrb9/c$d$a;'
3331306	  Class descriptor  : 'Lrb9/c$d;'
3331613	  Class descriptor  : 'Lrb9/c$e;'
3331685	  Class descriptor  : 'Lrb9/c$f;'
3331757	  Class descriptor  : 'Lrb9/d;'
3331932	  Class descriptor  : 'Lrc9/a$a;'
3331943	  Class descriptor  : 'Lrc9/a;'
3332059	  Class descriptor  : 'Lrc9/b$a;'
3332070	  Class descriptor  : 'Lrc9/b$b;'
3332119	  Class descriptor  : 'Lrc9/b;'
3332689	  Class descriptor  : 'Lrd9/a;'
3332913	  Class descriptor  : 'Lrd9/b;'
3333533	  Class descriptor  : 'Lrd9/c;'
3333837	  Class descriptor  : 'Lrd9/d;'
3334314	  Class descriptor  : 'Lrd9/e;'
3334648	  Class descriptor  : 'Lrd9/f;'
3334809	  Class descriptor  : 'Lrd9/g;'
3335047	  Class descriptor  : 'Lre9/a;'
3335332	  Class descriptor  : 'Lre9/b;'
3335389	  Class descriptor  : 'Lre9/c;'
3335579	  Class descriptor  : 'Lre9/d$a;'
3335853	  Class descriptor  : 'Lre9/d$b;'
3336048	  Class descriptor  : 'Lre9/d;'
3338903	  Class descriptor  : 'Lre9/e;'
3338951	  Class descriptor  : 'Lre9/f;'
3339308	  Class descriptor  : 'Lrf9/a;'
3339375	  Class descriptor  : 'Lrf9/b;'
3339566	  Class descriptor  : 'Lrf9/c;'
3339731	  Class descriptor  : 'Lrf9/d;'
3339762	  Class descriptor  : 'Lrf9/e;'
3339805	  Class descriptor  : 'Lrf9/f;'
3340092	  Class descriptor  : 'Lrf9/g;'
3340948	  Class descriptor  : 'Lrf9/h;'
3341105	  Class descriptor  : 'Lrf9/i;'
3341136	  Class descriptor  : 'Lrg9/a;'
3341269	  Class descriptor  : 'Lrg9/b;'
3341338	  Class descriptor  : 'Lrg9/c;'
3341423	  Class descriptor  : 'Lrg9/d;'
3341492	  Class descriptor  : 'Lrg9/e;'
3342490	  Class descriptor  : 'Lrg9/g;'
3342542	  Class descriptor  : 'Lrg9/h$a;'
3342553	  Class descriptor  : 'Lrg9/h;'
3342757	  Class descriptor  : 'Lsb9/a$a;'
3342768	  Class descriptor  : 'Lsb9/a0;'
3342831	  Class descriptor  : 'Lsb9/a1;'
3342854	  Class descriptor  : 'Lsb9/a;'
3343500	  Class descriptor  : 'Lsb9/b0;'
3343571	  Class descriptor  : 'Lsb9/b1$a;'
3343582	  Class descriptor  : 'Lsb9/b1;'
3343993	  Class descriptor  : 'Lsb9/b;'
3344464	  Class descriptor  : 'Lsb9/c0;'
3344630	  Class descriptor  : 'Lsb9/r;'
3344653	  Class descriptor  : 'Lsb9/c;'
3345101	  Class descriptor  : 'Lsb9/d0;'
3345180	  Class descriptor  : 'Lsb9/d;'
3345243	  Class descriptor  : 'Lsb9/e0$a;'
3345391	  Class descriptor  : 'Lsb9/e0$b;'
3345454	  Class descriptor  : 'Lsb9/v;'
3345835	  Class descriptor  : 'Lsb9/e0;'
3346672	  Class descriptor  : 'Lsb9/e;'
3346735	  Class descriptor  : 'Lsb9/f0;'
3347274	  Class descriptor  : 'Lsb9/f;'
3347345	  Class descriptor  : 'Lsb9/g0;'
3348049	  Class descriptor  : 'Lsb9/g;'
3348112	  Class descriptor  : 'Lsb9/h$a;'
3348256	  Class descriptor  : 'Lsb9/h0;'
3348340	  Class descriptor  : 'Lsb9/h;'
3348666	  Class descriptor  : 'Lsb9/i0;'
3348737	  Class descriptor  : 'Lsb9/i;'
3348800	  Class descriptor  : 'Lsb9/j0;'
3348863	  Class descriptor  : 'Lsb9/j;'
3348934	  Class descriptor  : 'Lsb9/k0;'
3348997	  Class descriptor  : 'Lsb9/k;'
3349068	  Class descriptor  : 'Lsb9/l0;'
3349147	  Class descriptor  : 'Lsb9/l;'
3349218	  Class descriptor  : 'Lsb9/m0;'
3349289	  Class descriptor  : 'Lsb9/m;'
3349376	  Class descriptor  : 'Lsb9/n0;'
3349455	  Class descriptor  : 'Lsb9/n;'
3349526	  Class descriptor  : 'Lsb9/o0;'
3349605	  Class descriptor  : 'Lsb9/o;'
3349676	  Class descriptor  : 'Lsb9/p0;'
3349747	  Class descriptor  : 'Lsb9/p;'
3349818	  Class descriptor  : 'Lsb9/q0;'
3349889	  Class descriptor  : 'Lsb9/q;'
3350401	  Class descriptor  : 'Lsb9/r0;'
3350480	  Class descriptor  : 'Lsb9/s0;'
3350564	  Class descriptor  : 'Lsb9/t0;'
3350641	  Class descriptor  : 'Lsb9/t;'
3350823	  Class descriptor  : 'Lsb9/u0;'
3350910	  Class descriptor  : 'Lsb9/u;'
3351332	  Class descriptor  : 'Lsb9/v0;'
3351403	  Class descriptor  : 'Lsb9/w0;'
3351965	  Class descriptor  : 'Lsb9/w;'
3352030	  Class descriptor  : 'Lsb9/x0;'
3352090	  Class descriptor  : 'Lsb9/x;'
3352155	  Class descriptor  : 'Lsb9/y0$a;'
3352469	  Class descriptor  : 'Lsb9/y0$b;'
3353002	  Class descriptor  : 'Lsb9/y0$c;'
3353057	  Class descriptor  : 'Lsb9/y0;'
3353643	  Class descriptor  : 'Lsb9/y;'
3353714	  Class descriptor  : 'Lsb9/z0;'
3353973	  Class descriptor  : 'Lsb9/z;'
3354036	  Class descriptor  : 'Lsc9/a;'
3354076	  Class descriptor  : 'Lsc9/b$a;'
3354228	  Class descriptor  : 'Lsc9/b;'
3354783	  Class descriptor  : 'Lsc9/c;'
3354814	  Class descriptor  : 'Lsc9/d$a;'
3354925	  Class descriptor  : 'Lsc9/d;'
3357995	  Class descriptor  : 'Lsc9/e;'
3358441	  Class descriptor  : 'Lsd9/a;'
3359040	  Class descriptor  : 'Lsd9/b;'
3359489	  Class descriptor  : 'Lsd9/c;'
3360187	  Class descriptor  : 'Lsd9/d;'
3361196	  Class descriptor  : 'Lsd9/e$a;'
3361207	  Class descriptor  : 'Lsd9/e;'
3361862	  Class descriptor  : 'Lsd9/f;'
3362048	  Class descriptor  : 'Lsd9/g;'
3362486	  Class descriptor  : 'Lsd9/h;'
3362652	  Class descriptor  : 'Lse9/a;'
3362713	  Class descriptor  : 'Lse9/b;'
3362887	  Class descriptor  : 'Lse9/c;'
3363019	  Class descriptor  : 'Lse9/d;'
3363078	  Class descriptor  : 'Lse9/e;'
3363206	  Class descriptor  : 'Lse9/f;'
3363296	  Class descriptor  : 'Lse9/g;'
3363375	  Class descriptor  : 'Lse9/h;'
3363579	  Class descriptor  : 'Lse9/j;'
3363917	  Class descriptor  : 'Lsf9/a$a;'
3364292	  Class descriptor  : 'Lsf9/a$b;'
3364339	  Class descriptor  : 'Lsf9/a;'
3364555	  Class descriptor  : 'Lsf9/b$a;'
3364950	  Class descriptor  : 'Lsf9/b$b;'
3364997	  Class descriptor  : 'Lsf9/b;'
3365224	  Class descriptor  : 'Lsf9/c$a;'
3365718	  Class descriptor  : 'Lsf9/c$b;'
3365765	  Class descriptor  : 'Lsf9/c;'
3366039	  Class descriptor  : 'Lsf9/d$a;'
3366533	  Class descriptor  : 'Lsf9/d$b;'
3366580	  Class descriptor  : 'Lsf9/d;'
3366843	  Class descriptor  : 'Lsf9/e$a;'
3367262	  Class descriptor  : 'Lsf9/e$b;'
3367309	  Class descriptor  : 'Lsf9/e;'
3367570	  Class descriptor  : 'Lsf9/f$a;'
3367837	  Class descriptor  : 'Lsf9/f$b;'
3367884	  Class descriptor  : 'Lsf9/f;'
3367963	  Class descriptor  : 'Lsf9/g$a;'
3368452	  Class descriptor  : 'Lsf9/g$b;'
3368499	  Class descriptor  : 'Lsf9/g;'
3368795	  Class descriptor  : 'Lsf9/h$a;'
3369261	  Class descriptor  : 'Lsf9/h$b;'
3369308	  Class descriptor  : 'Lsf9/h;'
3369576	  Class descriptor  : 'Lsf9/i;'
3369631	  Class descriptor  : 'Lsf9/j$a;'
3370334	  Class descriptor  : 'Lsf9/j$b;'
3370381	  Class descriptor  : 'Lsf9/j;'
3370776	  Class descriptor  : 'Lsf9/k$a;'
3371512	  Class descriptor  : 'Lsf9/k$b;'
3371559	  Class descriptor  : 'Lsf9/k;'
3371971	  Class descriptor  : 'Lsf9/l$a;'
3372510	  Class descriptor  : 'Lsf9/l$b;'
3372557	  Class descriptor  : 'Lsf9/l;'
3372849	  Class descriptor  : 'Lsf9/m$a;'
3373198	  Class descriptor  : 'Lsf9/m$b;'
3373245	  Class descriptor  : 'Lsf9/m;'
3373434	  Class descriptor  : 'Lsf9/n$a;'
3373832	  Class descriptor  : 'Lsf9/n$b;'
3373879	  Class descriptor  : 'Lsf9/n;'
3374102	  Class descriptor  : 'Lsf9/o$a;'
3374369	  Class descriptor  : 'Lsf9/o$b;'
3374416	  Class descriptor  : 'Lsf9/o;'
3374495	  Class descriptor  : 'Lsf9/p$a;'
3375078	  Class descriptor  : 'Lsf9/p$b;'
3375125	  Class descriptor  : 'Lsf9/p;'
3375414	  Class descriptor  : 'Lsf9/q$a;'
3375836	  Class descriptor  : 'Lsf9/q$b;'
3375883	  Class descriptor  : 'Lsf9/q;'
3376133	  Class descriptor  : 'Lsf9/r$a;'
3376823	  Class descriptor  : 'Lsf9/r$b;'
3376870	  Class descriptor  : 'Lsf9/r;'
3377266	  Class descriptor  : 'Lsf9/s;'
3377406	  Class descriptor  : 'Lsf9/t;'
3377461	  Class descriptor  : 'Lsf9/u$a;'
3378389	  Class descriptor  : 'Lsf9/u$b;'
3378436	  Class descriptor  : 'Lsf9/u;'
3378957	  Class descriptor  : 'Lsf9/v$a;'
3379587	  Class descriptor  : 'Lsf9/v$b;'
3379634	  Class descriptor  : 'Lsf9/v;'
3379940	  Class descriptor  : 'Ltg9/g;'
3379987	  Class descriptor  : 'Lsg9/a;'
3380229	  Class descriptor  : 'Lsg9/b;'
3380326	  Class descriptor  : 'Lsg9/c;'
3380401	  Class descriptor  : 'Ltb9/a;'
3380581	  Class descriptor  : 'Ltc9/a;'
3380706	  Class descriptor  : 'Ltc9/b$a;'
3380717	  Class descriptor  : 'Ltc9/b$b;'
3380793	  Class descriptor  : 'Ltc9/b;'
3381059	  Class descriptor  : 'Ltd9/a;'
3381272	  Class descriptor  : 'Lte9/a;'
3381498	  Class descriptor  : 'Lte9/b;'
3381657	  Class descriptor  : 'Lte9/c;'
3382545	  Class descriptor  : 'Lte9/d;'
3383274	  Class descriptor  : 'Lte9/e;'
3383324	  Class descriptor  : 'Ltf9/a;'
3383468	  Class descriptor  : 'Ltf9/b;'
3383798	  Class descriptor  : 'Ltg9/a;'
3383886	  Class descriptor  : 'Ltg9/b;'
3383955	  Class descriptor  : 'Ltg9/c;'
3384065	  Class descriptor  : 'Ltg9/d;'
3384147	  Class descriptor  : 'Ltg9/e$a;'
3384295	  Class descriptor  : 'Ltg9/e;'
3384767	  Class descriptor  : 'Ltg9/f$a;'
3384778	  Class descriptor  : 'Ltg9/f;'
3384867	  Class descriptor  : 'Ltu9/a;'
3385379	  Class descriptor  : 'Lub9/a;'
3385576	  Class descriptor  : 'Luc9/a;'
3385760	  Class descriptor  : 'Luc9/b;'
3385808	  Class descriptor  : 'Luc9/b$a;'
3385843	  Class descriptor  : 'Luc9/b$b;'
3385878	  Class descriptor  : 'Luc9/b$c;'
3385913	  Class descriptor  : 'Luc9/b$d;'
3385948	  Class descriptor  : 'Lud9/a;'
3385977	  Class descriptor  : 'Lud9/b;'
3386088	  Class descriptor  : 'Lud9/c;'
3386307	  Class descriptor  : 'Lud9/d;'
3386342	  Class descriptor  : 'Lud9/e$a;'
3386971	  Class descriptor  : 'Lud9/e$b;'
3387018	  Class descriptor  : 'Lud9/e;'
3387328	  Class descriptor  : 'Lud9/f;'
3387543	  Class descriptor  : 'Lue9/a;'
3387676	  Class descriptor  : 'Luf9/a;'
3387932	  Class descriptor  : 'Luf9/b;'
3388260	  Class descriptor  : 'Luf9/c;'
3388424	  Class descriptor  : 'Luf9/d;'
3388513	  Class descriptor  : 'Luf9/e;'
3388677	  Class descriptor  : 'Luf9/f;'
3388958	  Class descriptor  : 'Luf9/g;'
3389053	  Class descriptor  : 'Luf9/h;'
3389161	  Class descriptor  : 'Luf9/i$a;'
3389427	  Class descriptor  : 'Luf9/i;'
3389517	  Class descriptor  : 'Luf9/j;'
3389548	  Class descriptor  : 'Luf9/k;'
3389631	  Class descriptor  : 'Luf9/l;'
3389843	  Class descriptor  : 'Luf9/m;'
3390002	  Class descriptor  : 'Luf9/n;'
3390161	  Class descriptor  : 'Luf9/o;'
3390493	  Class descriptor  : 'Luf9/p;'
3390828	  Class descriptor  : 'Luf9/q;'
3391054	  Class descriptor  : 'Luf9/r;'
3391150	  Class descriptor  : 'Luf9/s;'
3391313	  Class descriptor  : 'Luf9/t;'
3391344	  Class descriptor  : 'Luf9/u;'
3391431	  Class descriptor  : 'Luf9/v;'
3391531	  Class descriptor  : 'Luf9/w;'
3391596	  Class descriptor  : 'Luf9/x;'
3393049	  Class descriptor  : 'Luf9/y;'
3393212	  Class descriptor  : 'Luu9/a;'
3393243	  Class descriptor  : 'Lvb9/a;'
3393742	  Class descriptor  : 'Lvb9/b$a;'
3393886	  Class descriptor  : 'Lvb9/d;'
3394001	  Class descriptor  : 'Lvb9/e;'
3394290	  Class descriptor  : 'Lvb9/f;'
3394355	  Class descriptor  : 'Lvb9/g$a;'
3394366	  Class descriptor  : 'Lvb9/g;'
3394919	  Class descriptor  : 'Lvb9/h;'
3395120	  Class descriptor  : 'Lvb9/i;'
3395617	  Class descriptor  : 'Lvc9/a;'
3395662	  Class descriptor  : 'Lvc9/b;'
3395729	  Class descriptor  : 'Lvd9/d;'
3395782	  Class descriptor  : 'Lve9/a;'
3396165	  Class descriptor  : 'Lvf9/b;'
3396188	  Class descriptor  : 'Lwb9/a;'
3396400	  Class descriptor  : 'Lwc9/c;'
3396417	  Class descriptor  : 'Lwc9/a;'
3396571	  Class descriptor  : 'Lwc9/b;'
3396620	  Class descriptor  : 'Lwc9/b$a;'
3396880	  Class descriptor  : 'Lwc9/b$b;'
3397181	  Class descriptor  : 'Lwc9/b$c;'
3397440	  Class descriptor  : 'Lwc9/b$d;'
3397724	  Class descriptor  : 'Lwc9/b$e;'
3398025	  Class descriptor  : 'Lwc9/b$f;'
3398268	  Class descriptor  : 'Lwd9/a$a;'
3398422	  Class descriptor  : 'Lwd9/a;'
3398607	  Class descriptor  : 'Lwe9/a$a;'
3398618	  Class descriptor  : 'Lwe9/a$b;'
3398862	  Class descriptor  : 'Lwe9/a;'
3399586	  Class descriptor  : 'Lwe9/b;'
3399728	  Class descriptor  : 'Lwe9/c$a;'
3399739	  Class descriptor  : 'Lwe9/c$b;'
3399827	  Class descriptor  : 'Lwe9/c$c;'
3399915	  Class descriptor  : 'Lwe9/c$d;'
3400010	  Class descriptor  : 'Lwe9/c;'
3400664	  Class descriptor  : 'Lwf9/a;'
3400837	  Class descriptor  : 'Lwf9/b;'
3400948	  Class descriptor  : 'Lwf9/c;'
3401042	  Class descriptor  : 'Lwf9/d;'
3401135	  Class descriptor  : 'Lxb9/a;'
3401192	  Class descriptor  : 'Lxb9/b;'
3401254	  Class descriptor  : 'Lxb9/c;'
3401327	  Class descriptor  : 'Lxb9/d;'
3401398	  Class descriptor  : 'Lxb9/e$a;'
3401409	  Class descriptor  : 'Lxc9/a$a;'
3401472	  Class descriptor  : 'Lxc9/d;'
3402094	  Class descriptor  : 'Lxc9/a;'
3402369	  Class descriptor  : 'Lxc9/b;'
3402409	  Class descriptor  : 'Lxc9/c$a;'
3402472	  Class descriptor  : 'Lxc9/c;'
3403268	  Class descriptor  : 'Lxc9/d$a;'
3403279	  Class descriptor  : 'Lxc9/e;'
3403497	  Class descriptor  : 'Lxc9/f$a;'
3403553	  Class descriptor  : 'Lxc9/f;'
3403979	  Class descriptor  : 'Lxc9/g$a;'
3404042	  Class descriptor  : 'Lxc9/g;'
3405085	  Class descriptor  : 'Lxc9/h$a;'
3405148	  Class descriptor  : 'Lxc9/h;'
3405456	  Class descriptor  : 'Lxd9/a0;'
3405908	  Class descriptor  : 'Lxd9/a;'
3406244	  Class descriptor  : 'Lxd9/b0;'
3406272	  Class descriptor  : 'Lxd9/b;'
3406410	  Class descriptor  : 'Lxd9/c0;'
3406525	  Class descriptor  : 'Lxd9/c;'
3406663	  Class descriptor  : 'Lxd9/d0;'
3406861	  Class descriptor  : 'Lxd9/d;'
3406999	  Class descriptor  : 'Lxd9/e0;'
3407135	  Class descriptor  : 'Lxd9/e;'
3407273	  Class descriptor  : 'Lxd9/f0$a;'
3407318	  Class descriptor  : 'Lxd9/f0;'
3407531	  Class descriptor  : 'Lxd9/f;'
3407820	  Class descriptor  : 'Lxd9/g0;'
3407848	  Class descriptor  : 'Lxd9/g;'
3407994	  Class descriptor  : 'Lxd9/h0;'
3408227	  Class descriptor  : 'Lxd9/h;'
3408435	  Class descriptor  : 'Lxd9/i0;'
3408463	  Class descriptor  : 'Lxd9/i;'
3409212	  Class descriptor  : 'Lxd9/j0;'
3409240	  Class descriptor  : 'Lxd9/j;'
3409268	  Class descriptor  : 'Lxd9/k0;'
3409741	  Class descriptor  : 'Lxd9/k;'
3409769	  Class descriptor  : 'Lxd9/l0;'
3409797	  Class descriptor  : 'Lxd9/l;'
3409846	  Class descriptor  : 'Lxd9/m$a;'
3409911	  Class descriptor  : 'Lxd9/m0;'
3409952	  Class descriptor  : 'Lxd9/m;'
3410468	  Class descriptor  : 'Lxd9/n0;'
3410516	  Class descriptor  : 'Lxd9/n;'
3410571	  Class descriptor  : 'Lxd9/o$a;'
3410678	  Class descriptor  : 'Lxd9/o0;'
3410734	  Class descriptor  : 'Lxd9/o;'
3410902	  Class descriptor  : 'Lxd9/p;'
3411042	  Class descriptor  : 'Lxd9/q;'
3411161	  Class descriptor  : 'Lxd9/r;'
3411304	  Class descriptor  : 'Lxd9/s;'
3411332	  Class descriptor  : 'Lxd9/t;'
3411456	  Class descriptor  : 'Lxd9/u;'
3411484	  Class descriptor  : 'Lxd9/v;'
3411525	  Class descriptor  : 'Lxd9/w;'
3411743	  Class descriptor  : 'Lxd9/x;'
3411771	  Class descriptor  : 'Lxd9/y;'
3411799	  Class descriptor  : 'Lxd9/z;'
3412036	  Class descriptor  : 'Lxe9/a;'
3412154	  Class descriptor  : 'Lxe9/b;'
3412419	  Class descriptor  : 'Lxe9/c;'
3412537	  Class descriptor  : 'Lxe9/d;'
3412655	  Class descriptor  : 'Lxe9/e;'
3412773	  Class descriptor  : 'Lxe9/f;'
3412891	  Class descriptor  : 'Lxe9/g;'
3413009	  Class descriptor  : 'Lxe9/h;'
3413127	  Class descriptor  : 'Lxe9/i;'
3413378	  Class descriptor  : 'Lxf9/a;'
3413409	  Class descriptor  : 'Lyb9/a;'
3415296	  Class descriptor  : 'Lyc9/a;'
3415342	  Class descriptor  : 'Lyc9/b;'
3415389	  Class descriptor  : 'Lyc9/c;'
3415729	  Class descriptor  : 'Lyd9/a;'
3416035	  Class descriptor  : 'Lyd9/b;'
3416127	  Class descriptor  : 'Lyd9/k;'
3416176	  Class descriptor  : 'Lye9/a;'
3417971	  Class descriptor  : 'Lyf9/a;'
3418097	  Class descriptor  : 'Lyf9/b;'
3418195	  Class descriptor  : 'Lyf9/c;'
3418425	  Class descriptor  : 'Lyf9/d;'
3418522	  Class descriptor  : 'Lyf9/e;'
3418666	  Class descriptor  : 'Lyf9/f;'
3419150	  Class descriptor  : 'Lzb9/a;'
3419423	  Class descriptor  : 'Lzb9/b$a;'
3419479	  Class descriptor  : 'Lzb9/b;'
3419790	  Class descriptor  : 'Lzc9/a;'
3420025	  Class descriptor  : 'Lze9/a;'
3420084	  Class descriptor  : 'Lzf9/a$a;'
3420095	  Class descriptor  : 'Lzf9/a$b;'
3420359	  Class descriptor  : 'Lzf9/a$c;'
3420582	  Class descriptor  : 'Lzf9/a;'
3420714	  Class descriptor  : 'Lzf9/b$a;'
3420725	  Class descriptor  : 'Lzf9/b$b;'
3420989	  Class descriptor  : 'Lzf9/b$c;'
3421201	  Class descriptor  : 'Lzf9/b;'
3421333	  Class descriptor  : 'Lzf9/c$a;'
3421344	  Class descriptor  : 'Lzf9/c$b;'
3421608	  Class descriptor  : 'Lzf9/c$c;'
3421823	  Class descriptor  : 'Lzf9/c;'
3421955	  Class descriptor  : 'Lzf9/d$a;'
3421966	  Class descriptor  : 'Lzf9/d$b;'
3422230	  Class descriptor  : 'Lzf9/d$c;'
3422449	  Class descriptor  : 'Lzf9/d;'
3422581	  Class descriptor  : 'Lzf9/e$a;'
3422592	  Class descriptor  : 'Lzf9/e$b;'
3422942	  Class descriptor  : 'Lzf9/e$c;'
3423285	  Class descriptor  : 'Lzf9/e;'
3423420	  Class descriptor  : 'Lzf9/f;'
3423655	  Class descriptor  : 'Lzf9/g$a;'
3423666	  Class descriptor  : 'Lzf9/g;'
3426642	  Class descriptor  : 'Lzf9/h$a;'
3426653	  Class descriptor  : 'Lzf9/h;'
